-- phpMyAdmin SQL Dump
-- version 4.2.3
-- http://www.phpmyadmin.net
--
-- Host: localhost
-- Generation Time: Nov 03, 2014 at 12:56 PM
-- Server version: 5.6.19
-- PHP Version: 5.4.24

SET SQL_MODE = "NO_AUTO_VALUE_ON_ZERO";
SET time_zone = "+00:00";


/*!40101 SET @OLD_CHARACTER_SET_CLIENT=@@CHARACTER_SET_CLIENT */;
/*!40101 SET @OLD_CHARACTER_SET_RESULTS=@@CHARACTER_SET_RESULTS */;
/*!40101 SET @OLD_COLLATION_CONNECTION=@@COLLATION_CONNECTION */;
/*!40101 SET NAMES utf8 */;

--
-- Database: `centers`
--

-- --------------------------------------------------------

--
-- Table structure for table `centers`
--

CREATE TABLE IF NOT EXISTS `centers` (
  `idcenter` int(11) NOT NULL,
  `center_id` int(11) DEFAULT NULL,
  `name` varchar(500) COLLATE utf8_unicode_ci NOT NULL,
  `office_idoffice` int(11) DEFAULT NULL,
  `constituency_idconstituency` int(11) DEFAULT NULL,
  `subconstituency_idsubconstituency` int(11) DEFAULT NULL,
  `mahalla_idmahalla` int(11) DEFAULT NULL,
  `village_idvillage` int(11) DEFAULT NULL,
  `center_type` varchar(300) COLLATE utf8_unicode_ci DEFAULT NULL,
  `center_lat` varchar(300) COLLATE utf8_unicode_ci DEFAULT NULL,
  `center_log` varchar(300) COLLATE utf8_unicode_ci DEFAULT NULL,
  `center_id_2012` int(11) DEFAULT NULL,
  `creation_date` timestamp NOT NULL DEFAULT CURRENT_TIMESTAMP,
  `modify_date` datetime DEFAULT NULL ON UPDATE CURRENT_TIMESTAMP,
  `status` tinyint(4) NOT NULL DEFAULT '1'
) ENGINE=InnoDB DEFAULT CHARSET=utf8 COLLATE=utf8_unicode_ci;

--
-- Dumping data for table `centers`
--

INSERT INTO `centers` (`idcenter`, `center_id`, `name`, `office_idoffice`, `constituency_idconstituency`, `subconstituency_idsubconstituency`, `mahalla_idmahalla`, `village_idvillage`, `center_type`, `center_lat`, `center_log`, `center_id_2012`, `creation_date`, `modify_date`, `status`) VALUES
(1, 11001, 'عمر بن الخطاب', 2, 9, 48, 40, 22, '1عام', '13.98015300', '31.74511100', 0, '2014-11-02 14:23:47', '2014-11-03 13:08:50', 1),
(2, 11002, 'اشميخ', 2, 9, 48, 41, 23, '1عام', '13.96035800', '31.43380300', 0, '2014-11-02 14:23:47', '2014-11-03 13:08:50', 1),
(3, 11004, 'إفريقيا', 2, 9, 48, 42, 24, '1عام', '13.75621400', '31.38880300', 0, '2014-11-02 14:23:47', '2014-11-03 13:08:50', 1),
(4, 11005, 'الفاروق', 2, 9, 48, 42, 24, '1عام', '13.97723300', '31.75106100', 0, '2014-11-02 14:23:47', '2014-11-03 13:08:50', 1),
(5, 11006, 'افاق المستقبل', 2, 9, 48, 42, 24, '1عام', '13.99022200', '31.74115300', 0, '2014-11-02 14:23:47', '2014-11-03 13:08:50', 1),
(6, 11007, 'الإمام مالك إبن أنس', 2, 9, 48, 43, 24, '1عام', '13.97175000', '31.74249700', 0, '2014-11-02 14:23:47', '2014-11-03 13:08:50', 1),
(7, 11008, 'مدرسة الامام ورش', 2, 9, 48, 43, 24, '1عام', '13.99063611', '31.74623333', 0, '2014-11-02 14:23:47', '2014-11-03 13:08:50', 1),
(8, 11009, 'بدر الكبرى', 2, 9, 48, 43, 24, '1عام', '13.98304200', '31.75163600', 0, '2014-11-02 14:23:47', '2014-11-03 13:08:50', 1),
(9, 11010, 'الشهيد حافظ المدني', 2, 9, 48, 44, 24, '1عام', '14.00732500', '31.74404200', 0, '2014-11-02 14:23:47', '2014-11-03 13:08:50', 1),
(10, 11011, 'القدس', 2, 9, 48, 44, 24, '1عام', '14.01514700', '31.75013900', 0, '2014-11-02 14:23:47', '2014-11-03 13:08:50', 1),
(11, 11012, 'الساعدى الطبولي', 2, 9, 48, 44, 24, '1عام', '14.01628600', '31.74508300', 0, '2014-11-02 14:23:47', '2014-11-03 13:08:50', 1),
(12, 11013, 'محمد جمال الدرة', 2, 9, 48, 44, 24, '1عام', '14.03171100', '31.74163900', 0, '2014-11-02 14:23:47', '2014-11-03 13:08:50', 1),
(13, 11014, 'علي بن أبي طالب', 2, 9, 48, 45, 24, '1عام', '14.04892200', '31.76469400', 0, '2014-11-02 14:23:47', '2014-11-03 13:08:50', 1),
(14, 11015, 'قضوار السهولي', 2, 9, 48, 45, 24, '1عام', '14.05122000', '31.75501600', 0, '2014-11-02 14:23:47', '2014-11-03 13:08:50', 1),
(15, 11016, 'خالد بن الوليد', 2, 9, 48, 46, 24, '1عام', '14.06878300', '31.79353600', 0, '2014-11-02 14:23:47', '2014-11-03 13:08:50', 1),
(16, 11017, 'مدرسة اسامة بن زيد', 2, 9, 48, 46, 24, '1عام', '14.08466667', '31.78620000', 0, '2014-11-02 14:23:47', '2014-11-03 13:08:50', 1),
(17, 11018, 'موسى بن نصير', 2, 9, 48, 47, 24, '1عام', '14.10953100', '31.81948600', 0, '2014-11-02 14:23:47', '2014-11-03 13:08:50', 1),
(18, 11019, 'الأمل', 2, 9, 48, 47, 24, '1عام', '14.48526700', '31.73267300', 0, '2014-11-02 14:23:47', '2014-11-03 13:08:50', 1),
(19, 11020, 'عمرو بن العاص', 2, 9, 48, 48, 24, '1عام', '14.10310300', '31.82677500', 0, '2014-11-02 14:23:47', '2014-11-03 13:08:50', 1),
(20, 11021, 'مدرسة السلام', 2, 9, 48, 48, 24, '1عام', '14.08754167', '31.83041944', 0, '2014-11-02 14:23:47', '2014-11-03 13:08:50', 1),
(21, 11022, 'بني وليد الشمالية', 2, 9, 48, 49, 24, '1عام', '14.07758300', '31.82511100', 0, '2014-11-02 14:23:47', '2014-11-03 13:08:50', 1),
(22, 11023, 'عمر المختار', 2, 9, 48, 49, 24, '1عام', '14.07648300', '31.80006900', 0, '2014-11-02 14:23:47', '2014-11-03 13:08:50', 1),
(23, 11024, 'الوحدة العربية', 2, 9, 48, 50, 24, '1عام', '14.04463100', '31.77340300', 0, '2014-11-02 14:23:47', '2014-11-03 13:08:50', 1),
(24, 11025, 'الإجلاء سابقا', 2, 9, 48, 51, 24, '1عام', '14.01970600', '31.76713900', 0, '2014-11-02 14:23:47', '2014-11-03 13:08:50', 1),
(25, 11026, 'الاستقلال', 2, 9, 48, 52, 24, '1عام', '14.01005300', '31.76078600', 0, '2014-11-02 14:23:47', '2014-11-03 13:08:50', 1),
(26, 11027, 'صلاح الدين', 2, 9, 48, 53, 24, '1عام', '14.00090100', '31.76862700', 0, '2014-11-02 14:23:47', '2014-11-03 13:08:50', 1),
(27, 11028, 'حطين', 2, 9, 48, 54, 24, '1عام', '13.99587100', '31.77513500', 0, '2014-11-02 14:23:47', '2014-11-03 13:08:50', 1),
(28, 11029, 'الشعب', 2, 9, 48, 54, 24, '1عام', '13.95941944', '31.76125278', 0, '2014-11-02 14:23:47', '2014-11-03 13:08:50', 1),
(29, 11030, 'وادي بي', 1, 5, 20, 768, 207, '1عام', '15.33249700', '30.84175600', 0, '2014-11-02 14:23:47', '2014-11-03 13:08:50', 1),
(30, 11031, 'أبو قرين', 1, 5, 20, 55, 25, '1عام', '15.25318800', '31.44955200', 0, '2014-11-02 14:23:47', '2014-11-03 13:08:50', 1),
(31, 11032, 'الكرامة', 1, 5, 20, 55, 25, '1عام', '15.25205800', '31.45334500', 0, '2014-11-02 14:23:47', '2014-11-03 13:08:50', 1),
(32, 11033, 'الشهيد السنوسي الكاسح', 1, 5, 20, 56, 26, '1عام', '15.57123900', '31.34702200', 0, '2014-11-02 14:23:47', '2014-11-03 13:08:50', 1),
(33, 11034, 'أسامة بن زيد', 1, 5, 20, 57, 27, '1عام', '15.42814200', '30.60271700', 0, '2014-11-02 14:23:47', '2014-11-03 13:08:50', 1),
(34, 11035, 'مدرسة قرزة', 1, 5, 20, 58, 28, '1عام', '14.57288900', '30.97078100', 0, '2014-11-02 14:23:47', '2014-11-03 13:08:50', 1),
(35, 11036, 'السلام', 1, 5, 20, 59, 29, '1عام', '15.09247200', '31.16772800', 0, '2014-11-02 14:23:47', '2014-11-03 13:08:50', 1),
(36, 11037, 'القداحية المركزية', 1, 5, 20, 60, 29, '1عام', '15.24123900', '31.36471100', 0, '2014-11-02 14:23:47', '2014-11-03 13:08:50', 1),
(37, 11038, 'ليبيا الغد', 1, 5, 20, 60, 29, '1عام', '15.18706700', '31.26901400', 0, '2014-11-02 14:23:47', '2014-11-03 13:08:50', 1),
(38, 11039, 'مدرسة سوكنة الابتدائية للبنين', 1, 5, 21, 61, 30, '1عام', '15.78404400', '29.07089500', 0, '2014-11-02 14:23:47', '2014-11-03 13:08:50', 1),
(39, 11040, 'مدرسة سوكنة الاعدادية للبنات', 1, 5, 21, 61, 30, '1عام', '15.78438400', '29.07026000', 0, '2014-11-02 14:23:47', '2014-11-03 13:08:50', 1),
(40, 11041, 'مدرسة ابوبكر الصديق الثانوية', 1, 5, 21, 62, 31, '1عام', '16.39263100', '27.81195800', 0, '2014-11-02 14:23:47', '2014-11-03 13:08:50', 1),
(41, 11042, 'مدرسة ابي الحسن الوداني', 1, 5, 21, 63, 4, '1عام', '16.14295200', '29.16190200', 0, '2014-11-02 14:23:47', '2014-11-03 13:08:50', 1),
(42, 11043, 'مدرسة ودان الثانوية', 1, 5, 21, 64, 4, '1عام', '16.14206100', '29.15719400', 0, '2014-11-02 14:23:47', '2014-11-03 13:08:50', 1),
(43, 11044, 'مدرسة احمد قنابة', 1, 5, 21, 4, 4, '1عام', '16.15562200', '29.17294700', 0, '2014-11-02 14:23:47', '2014-11-03 13:08:50', 1),
(44, 11045, 'مدرسة عبدالله الهوني الثانوية', 1, 5, 21, 5, 5, '1عام', '15.93925800', '29.12649400', 0, '2014-11-02 14:23:47', '2014-11-03 13:08:50', 1),
(45, 11046, 'القدس', 1, 5, 21, 5, 5, '1عام', '15.96168600', '29.12787700', 0, '2014-11-02 14:23:47', '2014-11-03 13:08:50', 1),
(46, 11047, 'هون الاعدادية للبنات', 1, 5, 21, 65, 5, '1عام', '15.94363800', '29.12078600', 0, '2014-11-02 14:23:47', '2014-11-03 13:08:50', 1),
(47, 11048, 'هون الاعدادية للبنين', 1, 5, 21, 65, 5, '1عام', '15.93777000', '29.12049500', 0, '2014-11-02 14:23:47', '2014-11-03 13:08:50', 1),
(48, 11049, 'مدرسة زلة الثانوية', 1, 5, 21, 66, 32, '1عام', '17.54468600', '28.54925600', 0, '2014-11-02 14:23:47', '2014-11-03 13:08:50', 1),
(49, 11050, 'مدرسة زلة للتعليم الاساسي', 1, 5, 21, 66, 32, '1عام', '17.55436200', '28.54467200', 0, '2014-11-02 14:23:47', '2014-11-03 13:08:50', 1),
(50, 11051, 'القلعة الصناعية', 1, 5, 19, 67, 33, '1عام', '18.41811400', '30.58521400', 0, '2014-11-02 14:23:47', '2014-11-03 13:08:50', 1),
(51, 11052, 'شهداء الهاني', 1, 5, 19, 68, 34, '1عام', '17.44469700', '31.01233600', 0, '2014-11-02 14:23:47', '2014-11-03 13:08:50', 1),
(52, 11053, 'أبوسعدة للتعليم الأساسي', 1, 5, 20, 69, 35, '1عام', '17.52026100', '30.99196900', 0, '2014-11-02 14:23:47', '2014-11-03 13:08:50', 1),
(53, 11054, 'جابر بن حيان', 1, 5, 19, 70, 36, '1عام', '18.07853600', '30.80134200', 0, '2014-11-02 14:23:47', '2014-11-03 13:08:50', 1),
(54, 11055, 'ابن سينا', 1, 5, 19, 70, 36, '1عام', '18.08296100', '30.80033100', 0, '2014-11-02 14:23:47', '2014-11-03 13:08:50', 1),
(55, 11056, 'عبدالجليل سيف النصر', 1, 5, 20, 71, 37, '1عام', '17.28813500', '31.04757600', 0, '2014-11-02 14:23:47', '2014-11-03 13:08:50', 1),
(56, 11057, 'ابوبكر الصديق', 1, 5, 20, 71, 37, '1عام', '17.22742800', '30.89963600', 0, '2014-11-02 14:23:47', '2014-11-03 13:08:50', 1),
(57, 11058, 'عمرو بن العاص', 1, 5, 20, 72, 38, '1عام', '16.68198900', '31.20736700', 0, '2014-11-02 14:23:47', '2014-11-03 13:08:50', 1),
(58, 11059, 'الفارابي', 1, 5, 20, 73, 39, '1عام', '16.75651700', '31.19300800', 0, '2014-11-02 14:23:47', '2014-11-03 13:08:50', 1),
(59, 11060, 'سالم الشرفى', 1, 5, 20, 74, 39, '1عام', '16.94834200', '31.14989200', 0, '2014-11-02 14:23:47', '2014-11-03 13:08:50', 1),
(60, 11061, 'ابوعبيده بن الجراح', 1, 5, 20, 75, 39, '1عام', '17.14681700', '31.11566100', 0, '2014-11-02 14:23:47', '2014-11-03 13:08:50', 1),
(61, 11062, 'المنارة للغات', 1, 5, 20, 76, 39, '1عام', '16.58631000', '31.20992400', 0, '2014-11-02 14:23:47', '2014-11-03 13:08:50', 1),
(62, 11063, 'خولة بنت الأزور', 1, 5, 20, 76, 39, '1عام', '16.58765600', '31.20673300', 0, '2014-11-02 14:23:47', '2014-11-03 13:08:50', 1),
(63, 11064, 'السابع عشر من فبراير', 1, 5, 20, 76, 39, '1عام', '16.59615800', '31.20934200', 0, '2014-11-02 14:23:47', '2014-11-03 13:08:50', 1),
(64, 11065, 'الزعفران', 1, 5, 20, 77, 39, '1عام', '16.53331400', '31.20442200', 0, '2014-11-02 14:23:47', '2014-11-03 13:08:50', 1),
(65, 11066, 'وادي تلال', 1, 5, 20, 77, 39, '1عام', '16.54800800', '31.19833600', 0, '2014-11-02 14:23:47', '2014-11-03 13:08:50', 1),
(66, 11067, 'النهضة الزراعية', 1, 5, 20, 77, 39, '1عام', '16.53458300', '31.17190600', 0, '2014-11-02 14:23:47', '2014-11-03 13:08:50', 1),
(67, 11068, 'المجد', 1, 5, 20, 78, 39, '1عام', '16.58634400', '31.20154700', 0, '2014-11-02 14:23:47', '2014-11-03 13:08:50', 1),
(68, 11069, 'سناء يوسف', 1, 5, 20, 79, 39, '1عام', '16.59663200', '31.17777500', 0, '2014-11-02 14:23:47', '2014-11-03 13:08:50', 1),
(69, 11070, 'الجيل الجديد', 1, 5, 20, 80, 39, '1عام', '16.57057800', '31.20492200', 0, '2014-11-02 14:23:47', '2014-11-03 13:08:50', 1),
(70, 11071, 'صقور 17 فبراير', 1, 5, 20, 78, 39, '1عام', '16.58093300', '31.20062200', 0, '2014-11-02 14:23:47', '2014-11-03 13:08:50', 1),
(71, 11072, 'الثورة العربية', 1, 5, 20, 80, 39, '1عام', '16.58119700', '31.20409400', 0, '2014-11-02 14:23:47', '2014-11-03 13:08:50', 1),
(72, 11073, 'الغربيات', 1, 5, 20, 81, 39, '1عام', '16.53821500', '31.14146200', 0, '2014-11-02 14:23:47', '2014-11-03 13:08:50', 1),
(73, 11074, 'الأنطلاقة', 1, 5, 20, 81, 39, '1عام', '16.53851400', '31.14044400', 0, '2014-11-02 14:23:47', '2014-11-03 13:08:50', 1),
(74, 11075, 'الفجر الجديد', 1, 5, 20, 81, 39, '1عام', '16.61900800', '31.13380600', 0, '2014-11-02 14:23:47', '2014-11-03 13:08:50', 1),
(75, 11076, 'عثمان بن عفان', 1, 5, 20, 82, 39, '1عام', '16.91984700', '31.01806700', 0, '2014-11-02 14:23:47', '2014-11-03 13:08:50', 1),
(76, 11077, 'قضوار السهولي', 1, 5, 20, 83, 39, '1عام', '16.19430600', '31.18975300', 0, '2014-11-02 14:23:47', '2014-11-03 13:08:50', 1),
(77, 11078, 'نور اليقين', 1, 5, 20, 83, 39, '1عام', '16.31488600', '31.07417500', 0, '2014-11-02 14:23:47', '2014-11-03 13:08:50', 1),
(78, 11079, 'محمد الفاتح', 1, 5, 20, 84, 39, '1عام', '16.28643600', '31.22535300', 0, '2014-11-02 14:23:47', '2014-11-03 13:08:50', 1),
(79, 11080, 'شهداء تاقرفت', 1, 5, 20, 85, 39, '1عام', '16.56045300', '31.20662500', 0, '2014-11-02 14:23:47', '2014-11-03 13:08:50', 1),
(80, 11081, 'طلائع النصر', 1, 5, 20, 85, 39, '1عام', '16.56600800', '31.20798100', 0, '2014-11-02 14:23:47', '2014-11-03 13:08:50', 1),
(81, 11082, 'ليبيا الحرة', 1, 5, 20, 86, 39, '1عام', '16.59482800', '31.19882200', 0, '2014-11-02 14:23:47', '2014-11-03 13:08:50', 1),
(82, 11083, 'اليرموك', 1, 5, 20, 86, 39, '1عام', '16.60826400', '31.19994700', 0, '2014-11-02 14:23:47', '2014-11-03 13:08:50', 1),
(83, 11084, 'جمال عبدالناصر', 1, 5, 20, 87, 39, '1عام', '16.65657200', '31.05390000', 0, '2014-11-02 14:23:47', '2014-11-03 13:08:50', 1),
(84, 11085, 'ذات الصواري', 1, 5, 20, 87, 39, '1عام', '16.66678900', '30.99358100', 0, '2014-11-02 14:23:47', '2014-11-03 13:08:50', 1),
(85, 11086, 'صالح الأطيوش للتعليم الأساسي', 1, 5, 19, 7, 7, '1عام', '17.83610600', '30.78390800', 0, '2014-11-02 14:23:47', '2014-11-03 13:08:50', 1),
(86, 11087, 'العامرة', 1, 5, 20, 107, 41, '1عام', '17.22731900', '31.07665800', 0, '2014-11-02 14:23:47', '2014-11-03 13:08:50', 1),
(87, 11088, 'الرازي', 1, 5, 19, 108, 42, '1عام', '17.59956700', '30.96754700', 0, '2014-11-02 14:23:47', '2014-11-03 13:08:50', 1),
(88, 11089, 'حسن ابن الهيثم', 1, 5, 20, 109, 26, '1عام', '', '', 0, '2014-11-02 14:23:47', '2014-11-03 13:08:50', 1),
(89, 11090, 'الظهير', 1, 5, 20, 110, 39, '1عام', '', '', 0, '2014-11-02 14:23:47', '2014-11-03 13:08:50', 1),
(90, 11091, 'الشموخ', 1, 5, 20, 111, 39, '1عام', '', '', 0, '2014-11-02 14:23:47', '2014-11-03 13:08:50', 1),
(91, 11092, 'الفرجان', 1, 5, 21, 112, 30, '1عام', '', '', 0, '2014-11-02 14:23:47', '2014-11-03 13:08:50', 1),
(92, 11093, 'شهداء تاقرفت', 1, 5, 21, 113, 43, '1عام', '', '', 0, '2014-11-02 14:23:47', '2014-11-03 13:08:50', 1),
(93, 11094, 'القصير الاعدادية', 1, 5, 21, 114, 5, '1عام', '', '', 0, '2014-11-02 14:23:47', '2014-11-03 13:08:50', 1),
(94, 11095, 'عقبة بن نافع', 1, 5, 21, 115, 4, '1عام', '', '', 0, '2014-11-02 14:23:47', '2014-11-03 13:08:50', 1),
(95, 11096, 'القدس', 1, 5, 19, 70, 36, '1عام', '', '', 0, '2014-11-02 14:23:47', '2014-11-03 13:08:50', 1),
(96, 11097, 'الفتح', 1, 5, 20, 116, 39, '1عام', '', '', 0, '2014-11-02 14:23:47', '2014-11-03 13:08:50', 1),
(97, 11098, 'القرضابية', 2, 9, 48, 50, 24, '1عام', '', '', 0, '2014-11-02 14:23:47', '2014-11-03 13:08:50', 1),
(98, 11400, 'الهيئة الليبية للأغاثة-المجمع الوزاري واقادوقو', 1, 9, 46, NULL, NULL, '2نازحين', '16.59244167', '31.18403333', 0, '2014-11-02 14:23:47', '2014-11-03 13:08:50', 1),
(99, 11500, 'مكتب الهيئة الليبية للاغاثة هون', 1, 9, 46, NULL, NULL, '2نازحين', '15.93483889', '29.13104722', 0, '2014-11-02 14:23:47', '2014-11-03 13:08:50', 1),
(100, 11702, 'ميناء رأس لانوف', 1, 0, 0, NULL, NULL, '3حقل نفط', '', '', 0, '2014-11-02 14:23:47', '2014-11-03 13:08:50', 1),
(101, 11703, 'حقل الغاني', 1, 0, 0, NULL, NULL, '3حقل نفط', '', '', 0, '2014-11-02 14:23:47', '2014-11-03 13:08:50', 1),
(102, 11704, 'حقل الظهرة', 1, 0, 0, NULL, NULL, '3حقل نفط', '', '', 0, '2014-11-02 14:23:47', '2014-11-03 13:08:50', 1),
(103, 12001, 'مدرسة شهداء زريق', 2, 9, 47, 88, 8, '1عام', '14.90446000', '32.43606000', 0, '2014-11-02 14:23:47', '2014-11-03 13:08:50', 1),
(104, 12002, 'مدرسة ثانوية النهضة', 2, 9, 47, 89, 8, '1عام', '15.08349000', '32.34910000', 0, '2014-11-02 14:23:47', '2014-11-03 13:08:50', 1),
(105, 12003, 'مدرسة الجهاد', 2, 9, 47, 89, 8, '1عام', '15.09766000', '32.37272000', 0, '2014-11-02 14:23:47', '2014-11-03 13:08:50', 1),
(106, 12004, 'مدرسة عمر المختار', 2, 9, 47, 89, 8, '1عام', '15.08769000', '32.33640000', 0, '2014-11-02 14:23:47', '2014-11-03 13:08:50', 1),
(107, 12005, 'مدرسة النور', 2, 9, 47, 89, 8, '1عام', '15.09123800', '32.36149400', 0, '2014-11-02 14:23:47', '2014-11-03 13:08:50', 1),
(108, 12006, 'مدرسة إبراهيم السويحلي', 2, 9, 47, 90, 8, '1عام', '15.07348000', '32.36839000', 0, '2014-11-02 14:23:47', '2014-11-03 13:08:50', 1),
(109, 12007, 'مدرسة مصراتة الثانوية للبنين', 2, 9, 47, 91, 8, '1عام', '15.07983000', '32.25438000', 0, '2014-11-02 14:23:47', '2014-11-03 13:08:50', 1),
(110, 12008, 'مدرسة ام سلمة', 2, 9, 47, 92, 8, '1عام', '15.11569000', '32.37730000', 0, '2014-11-02 14:23:47', '2014-11-03 13:08:50', 1),
(111, 12009, 'مدرسة ابن غلبون', 2, 9, 47, 93, 8, '1عام', '15.09766000', '32.37272000', 0, '2014-11-02 14:23:47', '2014-11-03 13:08:50', 1),
(112, 12010, 'مدرسة الدافنية المركزية', 2, 9, 47, 94, 8, '1عام', '14.79280000', '32.41234000', 0, '2014-11-02 14:23:47', '2014-11-03 13:08:50', 1),
(113, 12011, 'مدرسة الصحابة', 2, 9, 47, 94, 8, '1عام', '14.81267000', '32.36263000', 0, '2014-11-02 14:23:47', '2014-11-03 13:08:50', 1),
(114, 12012, 'مدرسة رأس الهجمة', 2, 9, 47, 94, 8, '1عام', '14.91337000', '32.36787000', 0, '2014-11-02 14:23:47', '2014-11-03 13:08:50', 1),
(115, 12013, 'مدرسة الشعلة الدافنية', 2, 9, 47, 94, 8, '1عام', '15.08104000', '32.36999000', 0, '2014-11-02 14:23:47', '2014-11-03 13:08:50', 1),
(116, 12014, 'مدرسة شهداء الرملة', 2, 9, 47, 95, 8, '1عام', '15.14026000', '32.38871000', 0, '2014-11-02 14:23:47', '2014-11-03 13:08:50', 1),
(117, 12015, 'مدرسة شهداء الرويسات', 2, 9, 47, 96, 8, '1عام', '15.11130000', '32.36607000', 0, '2014-11-02 14:23:47', '2014-11-03 13:08:50', 1),
(118, 12016, 'مدرسة شهداء السبت', 2, 9, 47, 96, 8, '1عام', '15.10399000', '32.35286000', 0, '2014-11-02 14:23:47', '2014-11-03 13:08:50', 1),
(119, 12017, 'مدرسة شهداء آل ماطوس', 2, 9, 47, 96, 8, '1عام', '15.09766000', '32.37272000', 0, '2014-11-02 14:23:47', '2014-11-03 13:08:50', 1),
(120, 12018, 'مدرسة ذات النطاقين', 2, 9, 47, 97, 8, '1عام', '15.14800000', '32.37117000', 0, '2014-11-02 14:23:47', '2014-11-03 13:08:50', 1),
(121, 12019, 'مدرسة الحرية', 2, 9, 47, 97, 8, '1عام', '15.15007000', '32.36272000', 0, '2014-11-02 14:23:47', '2014-11-03 13:08:50', 1),
(122, 12020, 'مدرسة النضال', 2, 9, 47, 97, 8, '1عام', '15.13057000', '32.34638000', 0, '2014-11-02 14:23:47', '2014-11-03 13:08:50', 1),
(123, 12021, 'مدرسة الاجيال', 2, 9, 47, 97, 8, '1عام', '15.07785700', '32.38320400', 0, '2014-11-02 14:23:47', '2014-11-03 13:08:50', 1),
(124, 12022, 'مدرسة الصفاء', 2, 9, 47, 97, 8, '1عام', '15.15943000', '32.37778000', 0, '2014-11-02 14:23:47', '2014-11-03 13:08:50', 1),
(125, 12023, 'مدرسة فاطمة الزهراء الثانوية', 2, 9, 47, 97, 8, '1عام', '15.13504000', '32.38956000', 0, '2014-11-02 14:23:47', '2014-11-03 13:08:50', 1),
(126, 12024, 'مدرسة السلام', 2, 9, 47, 97, 8, '1عام', '15.12759000', '32.37020000', 0, '2014-11-02 14:23:47', '2014-11-03 13:08:50', 1),
(127, 12025, 'مدرسة شهداء الزوابي', 2, 9, 47, 98, 8, '1عام', '15.08101111', '32.35173889', 0, '2014-11-02 14:23:47', '2014-11-03 13:08:50', 1),
(128, 12026, 'مدرسة السكيرات', 2, 9, 47, 99, 8, '1عام', '15.12484000', '32.35688000', 0, '2014-11-02 14:23:47', '2014-11-03 13:08:50', 1),
(129, 12027, 'مدرسة طارق بن زياد', 2, 9, 47, 100, 8, '1عام', '15.08654000', '32.38885000', 0, '2014-11-02 14:23:47', '2014-11-03 13:08:50', 1),
(130, 12028, 'مدرسة يثرب', 2, 9, 47, 100, 8, '1عام', '15.08101111', '32.35173889', 0, '2014-11-02 14:23:47', '2014-11-03 13:08:50', 1),
(131, 12029, 'مدرسة الشهداء', 2, 9, 47, 101, 8, '1عام', '15.07348000', '32.36839000', 0, '2014-11-02 14:23:47', '2014-11-03 13:08:50', 1),
(132, 12030, 'مدرسة ثورة 17 فبراير', 2, 9, 47, 101, 8, '1عام', '15.07983000', '32.25438000', 0, '2014-11-02 14:23:47', '2014-11-03 13:08:50', 1),
(133, 12031, 'مدرسة شهداء الصوالح', 2, 9, 47, 102, 8, '1عام', '15.07348000', '32.36839000', 0, '2014-11-02 14:23:47', '2014-11-03 13:08:50', 1),
(134, 12032, 'مدرسة شهداء تاقرفت', 2, 9, 47, 103, 8, '1عام', '15.11816000', '32.29790000', 0, '2014-11-02 14:23:47', '2014-11-03 13:08:50', 1),
(135, 12033, 'مدرسة تحرير ليبيا', 2, 9, 47, 9, 8, '1عام', '15.08654000', '32.38885000', 0, '2014-11-02 14:23:47', '2014-11-03 13:08:50', 1),
(136, 12034, 'مدرسة شهداء ليبيا', 2, 9, 47, 104, 8, '1عام', '14.62258889', '32.39730833', 0, '2014-11-02 14:23:47', '2014-11-03 13:08:50', 1),
(137, 12035, 'مدرسة الغيران الثانوية', 2, 9, 47, 104, 8, '1عام', '15.04323000', '32.35148000', 0, '2014-11-02 14:23:47', '2014-11-03 13:08:50', 1),
(138, 12036, 'مدرسة النصر للتعليم الاساسي', 2, 9, 47, 104, 8, '1عام', '15.00965000', '32.35947000', 0, '2014-11-02 14:23:47', '2014-11-03 13:08:50', 1),
(139, 12037, 'معهد المهن الشاملة بنات', 2, 9, 47, 104, 8, '1عام', '15.04323000', '32.35148000', 0, '2014-11-02 14:23:47', '2014-11-03 13:08:50', 1),
(140, 12038, 'مدرسة أرض الأحرار', 2, 9, 47, 104, 8, '1عام', '15.01783000', '32.36356000', 0, '2014-11-02 14:23:47', '2014-11-03 13:08:50', 1),
(141, 12039, 'مدرسة معاذ بن جبل', 2, 9, 47, 104, 8, '1عام', '14.99730000', '32.35406000', 0, '2014-11-02 14:23:47', '2014-11-03 13:08:50', 1),
(142, 12040, 'مدرسة اليقظة الثانوية', 2, 9, 47, 783, 8, '1عام', '15.06041000', '32.37049000', 0, '2014-11-02 14:23:47', '2014-11-03 13:08:50', 1),
(143, 12041, 'مدرسة الكرامة', 2, 9, 47, 105, 8, '1عام', '15.07348000', '32.36839000', 0, '2014-11-02 14:23:47', '2014-11-03 13:08:50', 1),
(144, 12042, 'مدرسة الأنوار', 2, 9, 47, 8, 8, '1عام', '15.08654000', '32.38885000', 0, '2014-11-02 14:23:47', '2014-11-03 13:08:50', 1),
(145, 12043, 'مدرسة شهداء المقاصبة', 2, 9, 47, 9, 8, '1عام', '15.07983000', '32.25438000', 0, '2014-11-02 14:23:47', '2014-11-03 13:08:50', 1),
(146, 12044, 'مدرسة اسماء للتعليم الأساسي', 2, 9, 47, 10, 8, '1عام', '15.08101111', '32.35173889', 0, '2014-11-02 14:23:47', '2014-11-03 13:08:50', 1),
(147, 12045, 'مدرسة رأس الماجل', 2, 9, 47, 784, 8, '1عام', '15.03591000', '32.33233000', 0, '2014-11-02 14:23:47', '2014-11-03 13:08:50', 1),
(148, 12046, 'مدرسة شهداء المطار', 2, 9, 47, 784, 8, '1عام', '15.03078000', '32.31684000', 0, '2014-11-02 14:23:47', '2014-11-03 13:08:50', 1),
(149, 12047, 'مدرسة شهداء ابو روية', 2, 9, 47, 785, 8, '1عام', '14.95444000', '32.39307000', 0, '2014-11-02 14:23:47', '2014-11-03 13:08:50', 1),
(150, 12048, 'مدرسة ابوشعيرة', 2, 9, 47, 11, 8, '1عام', '15.10733000', '32.39434000', 0, '2014-11-02 14:23:47', '2014-11-03 13:08:50', 1),
(151, 12049, 'مدرسة شهداء يدر', 2, 9, 47, 11, 8, '1عام', '15.10889000', '32.38592000', 0, '2014-11-02 14:23:47', '2014-11-03 13:08:50', 1),
(152, 12050, 'مدرسة علي المنقوش', 2, 9, 47, 11, 8, '1عام', '15.09375000', '32.38530000', 0, '2014-11-02 14:23:47', '2014-11-03 13:08:50', 1),
(153, 12051, 'مدرسة أم الشهيد الثانوية', 2, 9, 47, 12, 8, '1عام', '15.08101111', '32.35173889', 0, '2014-11-02 14:23:47', '2014-11-03 13:08:50', 1),
(154, 12052, 'مدرسة ذات الرمال', 2, 9, 47, 13, 8, '1عام', '14.62258889', '32.39730833', 0, '2014-11-02 14:23:47', '2014-11-03 13:08:50', 1),
(155, 12053, 'مدرسة الجيلاني الثانوية', 2, 9, 47, 13, 8, '1عام', '14.97889000', '32.38714000', 0, '2014-11-02 14:23:47', '2014-11-03 13:08:50', 1),
(156, 12054, 'مدرسة جميلة أبوحيرد الثانوية', 2, 9, 47, 13, 8, '1عام', '14.97133000', '32.38286000', 0, '2014-11-02 14:23:47', '2014-11-03 13:08:50', 1),
(157, 12055, 'مدرسة ذات السواري', 2, 9, 47, 786, 8, '1عام', '14.99567000', '32.39906000', 0, '2014-11-02 14:23:47', '2014-11-03 13:08:50', 1),
(158, 12056, 'مدرسة ابو بكر الصديق', 2, 9, 47, 13, 8, '1عام', '14.99415000', '32.37689000', 0, '2014-11-02 14:23:47', '2014-11-03 13:08:50', 1),
(159, 12057, 'مدرسة شهداء العقيلة', 2, 9, 47, 13, 8, '1عام', '15.00036000', '32.37230000', 0, '2014-11-02 14:23:47', '2014-11-03 13:08:50', 1),
(160, 12058, 'مدرسة شهداء الشط', 2, 9, 47, 13, 8, '1عام', '14.93900000', '32.39514000', 0, '2014-11-02 14:23:47', '2014-11-03 13:08:50', 1),
(161, 12059, 'مدرسة شهداء الثقيل', 2, 9, 47, 14, 8, '1عام', '15.08654000', '32.38885000', 0, '2014-11-02 14:23:47', '2014-11-03 13:08:50', 1),
(162, 12060, 'مدرسة الخالدات الثانوية', 2, 9, 47, 15, 8, '1عام', '15.08016000', '32.25317000', 0, '2014-11-02 14:23:47', '2014-11-03 13:08:50', 1),
(163, 12061, 'مدرسة بدر الكبرى', 2, 9, 47, 15, 8, '1عام', '15.09657000', '32.29433000', 0, '2014-11-02 14:23:47', '2014-11-03 13:08:50', 1),
(164, 12062, 'مدرسة طمينة المركزية', 2, 9, 47, 15, 8, '1عام', '15.09766000', '32.37272000', 0, '2014-11-02 14:23:47', '2014-11-03 13:08:50', 1),
(165, 12063, 'مدرسة القرضابية الثانوية', 2, 9, 47, 16, 8, '1عام', '15.07348700', '32.39497100', 0, '2014-11-02 14:23:47', '2014-11-03 13:08:50', 1),
(166, 12064, 'مدرسة اسماء الثانوية', 2, 9, 47, 16, 8, '1عام', '15.09326000', '32.38255000', 0, '2014-11-02 14:23:47', '2014-11-03 13:08:50', 1),
(167, 12065, 'مدرسة عبد العاطي الجرم', 2, 9, 47, 17, 8, '1عام', '15.18316000', '32.37190000', 0, '2014-11-02 14:23:47', '2014-11-03 13:08:50', 1),
(168, 12066, 'مدرسة الخنساء الثانوية', 2, 9, 47, 17, 8, '1عام', '15.20805000', '32.37288000', 0, '2014-11-02 14:23:47', '2014-11-03 13:08:50', 1),
(169, 12067, 'مدرسة شهداء قصر أحمد', 2, 9, 47, 17, 8, '1عام', '15.20459000', '32.36508000', 0, '2014-11-02 14:23:47', '2014-11-03 13:08:50', 1),
(170, 12068, 'مدرسة شهداء السدادة', 2, 9, 47, 18, 8, '1عام', '15.10022000', '32.32413000', 0, '2014-11-02 14:23:47', '2014-11-03 13:08:50', 1),
(171, 12069, 'مدرسة بلال بن رباح', 2, 9, 47, 19, 8, '1عام', '15.07983000', '32.25438000', 0, '2014-11-02 14:23:47', '2014-11-03 13:08:50', 1),
(172, 12070, 'مدرسة الصقور', 2, 9, 47, 19, 8, '1عام', '14.62258889', '32.39730833', 0, '2014-11-02 14:23:47', '2014-11-03 13:08:50', 1),
(173, 12071, 'السيدة زينب', 2, 9, 49, 787, 11, '1عام', '15.07983000', '32.25438000', 0, '2014-11-02 14:23:47', '2014-11-03 13:08:50', 1),
(174, 12072, 'ابن النفيس', 2, 9, 49, 787, 11, '1عام', '14.62258889', '32.39730833', 0, '2014-11-02 14:23:47', '2014-11-03 13:08:50', 1),
(175, 12073, 'المنار', 2, 9, 49, 117, 11, '1عام', '14.58180600', '32.48600700', 0, '2014-11-02 14:23:47', '2014-11-03 13:08:50', 1),
(176, 12074, 'الخنساء', 2, 9, 49, 117, 11, '1عام', '14.56843700', '32.48183900', 0, '2014-11-02 14:23:47', '2014-11-03 13:08:50', 1),
(177, 12075, 'السيدة هاجر', 2, 9, 49, 118, 11, '1عام', '14.59115100', '32.37524100', 0, '2014-11-02 14:23:47', '2014-11-03 13:08:50', 1),
(178, 12076, 'شهداء ادواو', 2, 9, 49, 118, 11, '1عام', '14.60969500', '32.37431600', 0, '2014-11-02 14:23:47', '2014-11-03 13:08:50', 1),
(179, 12077, 'الزبير بن العوام', 2, 9, 49, 119, 11, '1عام', '14.59006100', '32.45181700', 0, '2014-11-02 14:23:47', '2014-11-03 13:08:50', 1),
(180, 12078, 'الوحدة العربية', 2, 9, 49, 119, 11, '1عام', '14.57837400', '32.46198200', 0, '2014-11-02 14:23:47', '2014-11-03 13:08:50', 1),
(181, 12079, 'بدر الكبرى بنات', 2, 9, 49, 120, 11, '1عام', '14.61582700', '32.46756800', 0, '2014-11-02 14:23:47', '2014-11-03 13:08:50', 1),
(182, 12080, 'مالك بن أنس', 2, 9, 49, 120, 11, '1عام', '14.59290900', '32.48102800', 0, '2014-11-02 14:23:47', '2014-11-03 13:08:50', 1),
(183, 12081, 'عين جالوت', 2, 9, 49, 120, 11, '1عام', '14.57884900', '32.47870800', 0, '2014-11-02 14:23:47', '2014-11-03 13:08:50', 1),
(184, 12082, 'البازة', 2, 9, 49, 121, 11, '1عام', '14.56036100', '32.47910500', 0, '2014-11-02 14:23:47', '2014-11-03 13:08:50', 1),
(185, 12083, 'الرماية', 2, 9, 49, 121, 11, '1عام', '14.55021900', '32.49621800', 0, '2014-11-02 14:23:47', '2014-11-03 13:08:50', 1),
(186, 12084, 'زليتن المركزية الإعدادية', 2, 9, 49, 121, 11, '1عام', '14.56591000', '32.47826700', 0, '2014-11-02 14:23:47', '2014-11-03 13:08:50', 1),
(187, 12085, 'القدس', 2, 9, 49, 788, 11, '1عام', '14.64958500', '32.35360300', 0, '2014-11-02 14:23:47', '2014-11-03 13:08:50', 1),
(188, 12086, 'الدافنية الشمالية', 2, 9, 49, 789, 11, '1عام', '14.74415300', '32.42647200', 0, '2014-11-02 14:23:47', '2014-11-03 13:08:50', 1),
(189, 12087, 'عمر بن الخطاب', 2, 9, 49, 789, 11, '1عام', '14.66962500', '32.43150000', 0, '2014-11-02 14:23:47', '2014-11-03 13:08:50', 1),
(190, 12088, 'أسامة بن زيد', 2, 9, 49, 789, 11, '1عام', '14.62822800', '32.45100700', 0, '2014-11-02 14:23:47', '2014-11-03 13:08:50', 1),
(191, 12089, 'عمر بن عبدالعزيز', 2, 9, 49, 790, 11, '1عام', '14.62594800', '32.41828900', 0, '2014-11-02 14:23:47', '2014-11-03 13:08:50', 1),
(192, 12090, 'عبدالله بن مسعود', 2, 9, 49, 122, 11, '1عام', '14.57611900', '32.42777500', 0, '2014-11-02 14:23:47', '2014-11-03 13:08:50', 1),
(193, 12091, 'السبعة الثانوية', 2, 9, 49, 122, 11, '1عام', '14.59202700', '32.43809400', 0, '2014-11-02 14:23:47', '2014-11-03 13:08:50', 1),
(194, 12092, 'الشعلة', 2, 9, 49, 122, 11, '1عام', '14.61325800', '32.41864800', 0, '2014-11-02 14:23:47', '2014-11-03 13:08:50', 1),
(195, 12093, 'الشيماء', 2, 9, 49, 123, 11, '1عام', '14.57161600', '32.46679400', 0, '2014-11-02 14:23:47', '2014-11-03 13:08:50', 1),
(196, 12094, 'خديجة الكبرى', 2, 9, 49, 123, 11, '1عام', '14.56633400', '32.46101200', 0, '2014-11-02 14:23:47', '2014-11-03 13:08:50', 1),
(197, 12095, 'عائشة أم المؤمنين', 2, 9, 49, 123, 11, '1عام', '14.57535300', '32.45947300', 0, '2014-11-02 14:23:47', '2014-11-03 13:08:50', 1),
(198, 12096, 'مدرسة أم القرى', 2, 9, 49, 791, 11, '1عام', '15.09766000', '32.37272000', 0, '2014-11-02 14:23:47', '2014-11-03 13:08:50', 1),
(199, 12097, 'الانتصار', 2, 9, 49, 124, 11, '1عام', '14.53548800', '32.45454200', 0, '2014-11-02 14:23:47', '2014-11-03 13:08:50', 1),
(200, 12098, 'الشهيدة معتيقة', 2, 9, 49, 124, 11, '1عام', '14.51146900', '32.46346300', 0, '2014-11-02 14:23:47', '2014-11-03 13:08:50', 1),
(201, 12099, 'الفواتير الثانوية', 2, 9, 49, 790, 11, '1عام', '14.62511400', '32.40905800', 0, '2014-11-02 14:23:47', '2014-11-03 13:08:50', 1),
(202, 12100, 'معاد بن جبل', 2, 9, 49, 790, 11, '1عام', '14.65790500', '32.41902100', 0, '2014-11-02 14:23:47', '2014-11-03 13:08:50', 1),
(203, 12101, 'نسيبة بنت كعب', 2, 9, 49, 790, 11, '1عام', '14.63535000', '32.42278600', 0, '2014-11-02 14:23:47', '2014-11-03 13:08:50', 1),
(204, 12102, 'الإمام نافع المدني', 2, 9, 49, 125, 11, '1عام', '14.50007700', '32.48572700', 0, '2014-11-02 14:23:47', '2014-11-03 13:08:50', 1),
(205, 12103, 'العباس بن عبدالمطلب', 2, 9, 49, 125, 11, '1عام', '14.51384100', '32.47346700', 0, '2014-11-02 14:23:47', '2014-11-03 13:08:50', 1),
(206, 12104, 'فاطمة الزهراء', 2, 9, 49, 126, 11, '1عام', '14.49545100', '32.47931300', 0, '2014-11-02 14:23:47', '2014-11-03 13:08:50', 1),
(207, 12105, 'طارق بن زياد', 2, 9, 49, 126, 11, '1عام', '14.49425200', '32.46342500', 0, '2014-11-02 14:23:47', '2014-11-03 13:08:50', 1),
(208, 12106, 'أحمد رفيق المهدوي', 2, 9, 49, 126, 11, '1عام', '14.50511500', '32.46368200', 0, '2014-11-02 14:23:47', '2014-11-03 13:08:50', 1),
(209, 12107, 'صلاح الدين', 2, 9, 49, 792, 11, '1عام', '15.08654000', '32.38885000', 0, '2014-11-02 14:23:47', '2014-11-03 13:08:50', 1),
(210, 12108, 'النصر بنين', 2, 9, 49, 792, 11, '1عام', '15.07348000', '32.36839000', 0, '2014-11-02 14:23:47', '2014-11-03 13:08:50', 1),
(211, 12109, 'الاتحاد بنين', 2, 9, 49, 792, 11, '1عام', '15.08101111', '32.35173889', 0, '2014-11-02 14:23:47', '2014-11-03 13:08:50', 1),
(212, 12110, 'الشورى', 2, 9, 49, 127, 11, '1عام', '14.56432400', '32.45195700', 0, '2014-11-02 14:23:47', '2014-11-03 13:08:50', 1),
(213, 12111, 'بن غلبون', 2, 9, 49, 127, 11, '1عام', '14.56064500', '32.43611200', 0, '2014-11-02 14:23:47', '2014-11-03 13:08:50', 1),
(214, 12112, 'قرطبة', 2, 9, 49, 127, 11, '1عام', '14.55421500', '32.43931000', 0, '2014-11-02 14:23:47', '2014-11-03 13:08:50', 1),
(215, 12113, 'عبدالله بن عمر', 2, 9, 49, 128, 11, '1عام', '14.46573800', '32.47910900', 0, '2014-11-02 14:23:47', '2014-11-03 13:08:50', 1),
(216, 12114, 'جابر بن حيان', 2, 9, 49, 128, 11, '1عام', '14.48158300', '32.48502100', 0, '2014-11-02 14:23:47', '2014-11-03 13:08:50', 1),
(217, 12115, 'حسان بن ثابت', 2, 9, 49, 128, 11, '1عام', '14.48008100', '32.47236700', 0, '2014-11-02 14:23:47', '2014-11-03 13:08:50', 1),
(218, 12116, 'شهداء العروبة', 2, 9, 49, 129, 11, '1عام', '14.52473300', '32.34663100', 0, '2014-11-02 14:23:47', '2014-11-03 13:08:50', 1),
(219, 12117, 'شهداء اليرموك', 2, 9, 49, 129, 11, '1عام', '14.56408000', '32.36096000', 0, '2014-11-02 14:23:47', '2014-11-03 13:08:50', 1),
(220, 12118, 'شهداء ماجر', 2, 9, 49, 129, 11, '1عام', '14.58537600', '32.35257000', 0, '2014-11-02 14:23:47', '2014-11-03 13:08:50', 1),
(221, 12119, 'الشهيد العزامي', 2, 9, 49, 129, 11, '1عام', '14.57582400', '32.31786000', 0, '2014-11-02 14:23:47', '2014-11-03 13:08:50', 1),
(222, 12120, 'انس بن مالك', 2, 9, 49, 22, 11, '1عام', '14.48591900', '32.48623800', 0, '2014-11-02 14:23:47', '2014-11-03 13:08:50', 1),
(223, 12121, 'المجاهد عبد السلام الجدايمي', 2, 9, 49, 22, 11, '1عام', '14.46449200', '32.49360900', 0, '2014-11-02 14:23:47', '2014-11-03 13:08:50', 1),
(224, 12122, 'شهداء كعام', 2, 9, 49, 22, 11, '1عام', '14.45515300', '32.50495400', 0, '2014-11-02 14:23:47', '2014-11-03 13:08:50', 1),
(225, 12701, 'مركز ثوار - سبها', 9, 0, 0, NULL, NULL, ' 5ثوار ', '', '', 0, '2014-11-02 14:23:47', '2014-11-03 13:08:50', 1),
(226, 12702, 'مركز ثوار - طرابس', 4, 0, 0, NULL, NULL, ' 5ثوار ', '', '', 0, '2014-11-02 14:23:47', '2014-11-03 13:08:50', 1),
(227, 13001, 'عبد الصمد ابو زقية', 3, 10, 53, 131, 44, '1عام', '15.08654000', '32.38885000', 0, '2014-11-02 14:23:47', '2014-11-03 13:08:50', 1),
(228, 13002, 'التفوق', 3, 10, 53, 132, 44, '1عام', '15.07348000', '32.36839000', 0, '2014-11-02 14:23:47', '2014-11-03 13:08:50', 1),
(229, 13003, 'شهداء شقران', 3, 10, 53, 132, 44, '1عام', '15.08101111', '32.35173889', 0, '2014-11-02 14:23:47', '2014-11-03 13:08:50', 1),
(230, 13004, 'موقعه النقازة', 3, 10, 53, 132, 44, '1عام', '15.07983000', '32.25438000', 0, '2014-11-02 14:23:47', '2014-11-03 13:08:50', 1),
(231, 13005, 'الاندلس', 3, 10, 53, 133, 44, '1عام', '14.62258889', '32.39730833', 0, '2014-11-02 14:23:47', '2014-11-03 13:08:50', 1),
(232, 13006, 'عمر بن عبد العزيز', 3, 10, 53, 133, 44, '1عام', '14.16480800', '32.59581400', 0, '2014-11-02 14:23:47', '2014-11-03 13:08:50', 1),
(233, 13007, 'الوحدة العربية', 3, 10, 53, 134, 44, '1عام', '14.26398600', '32.65070300', 0, '2014-11-02 14:23:47', '2014-11-03 13:08:50', 1),
(234, 13008, 'فاطمة الزهراء', 3, 10, 53, 134, 44, '1عام', '14.25808900', '32.65392200', 0, '2014-11-02 14:23:47', '2014-11-03 13:08:50', 1),
(235, 13009, 'الخمس المركزية', 3, 10, 53, 134, 44, '1عام', '14.26353900', '32.64660800', 0, '2014-11-02 14:23:47', '2014-11-03 13:08:50', 1),
(236, 13010, 'المنار', 3, 10, 53, 135, 44, '1عام', '14.26891100', '32.65315000', 0, '2014-11-02 14:23:47', '2014-11-03 13:08:50', 1),
(237, 13011, 'ابراهيم الرفاعي', 3, 10, 53, 135, 44, '1عام', '14.27123600', '32.65460800', 0, '2014-11-02 14:23:47', '2014-11-03 13:08:50', 1),
(238, 13012, 'شهداء المرقب', 3, 10, 53, 136, 44, '1عام', '14.20600900', '32.66024500', 0, '2014-11-02 14:23:47', '2014-11-03 13:08:50', 1),
(239, 13013, 'محمد بن طالب', 3, 10, 53, 136, 44, '1عام', '14.25098100', '32.65000300', 0, '2014-11-02 14:23:47', '2014-11-03 13:08:50', 1),
(240, 13014, 'أحفاد المختار', 3, 10, 53, 137, 44, '1عام', '14.27725000', '32.64429200', 0, '2014-11-02 14:23:47', '2014-11-03 13:08:50', 1),
(241, 13015, 'خديجة الكبرى', 3, 10, 53, 137, 44, '1عام', '14.26829100', '32.63933600', 0, '2014-11-02 14:23:47', '2014-11-03 13:08:50', 1),
(242, 13016, 'علي البكاي', 3, 10, 53, 137, 44, '1عام', '14.21494400', '32.60741400', 0, '2014-11-02 14:23:47', '2014-11-03 13:08:50', 1),
(243, 13017, 'عمر المختار', 3, 10, 52, 138, 45, '1عام', '14.30363100', '32.62017200', 0, '2014-11-02 14:23:47', '2014-11-03 13:08:50', 1),
(244, 13018, 'شهداء الحفير للتعليم الاساسى', 3, 10, 52, 138, 45, '1عام', '14.32074400', '32.61421700', 0, '2014-11-02 14:23:47', '2014-11-03 13:08:50', 1),
(245, 13019, 'ابو بكر الصديق', 3, 10, 52, 139, 45, '1عام', '14.40287500', '32.53017800', 0, '2014-11-02 14:23:47', '2014-11-03 13:08:50', 1),
(246, 13020, 'محمد عمر الشريف', 3, 10, 52, 139, 45, '1عام', '14.41368100', '32.49953100', 0, '2014-11-02 14:23:47', '2014-11-03 13:08:50', 1),
(247, 13021, 'عبد الرحمن بن عوف', 3, 10, 52, 139, 45, '1عام', '14.43465600', '32.51704200', 0, '2014-11-02 14:23:47', '2014-11-03 13:08:50', 1),
(248, 13022, 'وادي غاو غاو', 3, 10, 52, 139, 45, '1عام', '14.40628900', '32.51409700', 0, '2014-11-02 14:23:47', '2014-11-03 13:08:50', 1),
(249, 13023, '17فبراير الثانوية بنات', 3, 10, 52, 140, 45, '1عام', '14.36177500', '32.58650200', 0, '2014-11-02 14:23:47', '2014-11-03 13:08:50', 1),
(250, 13024, 'عمر الشارف', 3, 10, 52, 140, 45, '1عام', '14.35002200', '32.58443300', 0, '2014-11-02 14:23:47', '2014-11-03 13:08:50', 1),
(251, 13025, 'المعقولة', 3, 10, 52, 140, 45, '1عام', '14.34954200', '32.59121100', 0, '2014-11-02 14:23:47', '2014-11-03 13:08:50', 1),
(252, 13026, 'الاستنقلال', 3, 10, 52, 141, 45, '1عام', '14.35856400', '32.58039700', 0, '2014-11-02 14:23:47', '2014-11-03 13:08:50', 1),
(253, 13027, 'السدر', 3, 10, 52, 141, 45, '1عام', '14.34966900', '32.56040300', 0, '2014-11-02 14:23:47', '2014-11-03 13:08:50', 1),
(254, 13028, 'الهداية', 3, 10, 52, 141, 45, '1عام', '14.35515000', '32.56268100', 0, '2014-11-02 14:23:47', '2014-11-03 13:08:50', 1),
(255, 13029, 'الشهداء قوقاس', 3, 10, 52, 142, 45, '1عام', '14.19364200', '32.39967200', 0, '2014-11-02 14:23:47', '2014-11-03 13:08:50', 1),
(256, 13030, 'القلم', 3, 10, 52, 142, 45, '1عام', '14.19469400', '32.44240600', 0, '2014-11-02 14:23:47', '2014-11-03 13:08:50', 1),
(257, 13031, 'الدوحة', 3, 10, 52, 143, 45, '1عام', '14.33249400', '32.61848300', 0, '2014-11-02 14:23:47', '2014-11-03 13:08:50', 1),
(258, 13032, 'التحرير', 3, 10, 52, 143, 45, '1عام', '14.31443600', '32.59802500', 0, '2014-11-02 14:23:47', '2014-11-03 13:08:50', 1),
(259, 13033, 'بندار الشمالية', 3, 10, 52, 144, 45, '1عام', '14.37662200', '32.55798000', 0, '2014-11-02 14:23:47', '2014-11-03 13:08:50', 1),
(260, 13034, 'امحمد بن ابراهيم الثانوية', 3, 10, 52, 144, 45, '1عام', '14.37021100', '32.56346400', 0, '2014-11-02 14:23:47', '2014-11-03 13:08:50', 1),
(261, 13035, 'بشير السعداوي', 3, 10, 52, 144, 45, '1عام', '14.37993300', '32.54596100', 0, '2014-11-02 14:23:47', '2014-11-03 13:08:50', 1),
(262, 13036, 'شهداء الواجب', 3, 10, 54, 145, 46, '1عام', '13.95060800', '32.68218100', 0, '2014-11-02 14:23:47', '2014-11-03 13:08:50', 1),
(263, 13037, 'الدراوزة', 3, 10, 54, 145, 46, '1عام', '13.90236100', '32.70118100', 0, '2014-11-02 14:23:47', '2014-11-03 13:08:50', 1),
(264, 13038, 'الهادي عرفة', 3, 10, 54, 145, 46, '1عام', '13.93903600', '32.70876100', 0, '2014-11-02 14:23:47', '2014-11-03 13:08:50', 1),
(265, 13039, 'شهداء قماطة', 3, 10, 54, 146, 46, '1عام', '13.84710300', '32.69733900', 0, '2014-11-02 14:23:47', '2014-11-03 13:08:50', 1),
(266, 13040, 'السند', 3, 10, 54, 146, 46, '1عام', '13.86744400', '32.67441100', 0, '2014-11-02 14:23:47', '2014-11-03 13:08:50', 1),
(267, 13041, 'عمر المختار', 3, 10, 54, 147, 46, '1عام', '13.85170000', '32.57678600', 0, '2014-11-02 14:23:47', '2014-11-03 13:08:50', 1),
(268, 13042, 'ابو رحمة', 3, 10, 54, 147, 46, '1عام', '13.80036400', '32.65905600', 0, '2014-11-02 14:23:47', '2014-11-03 13:08:50', 1),
(269, 13043, 'مصعب بن عمير', 3, 10, 54, 148, 46, '1عام', '13.80655000', '32.75565300', 0, '2014-11-02 14:23:47', '2014-11-03 13:08:50', 1),
(270, 13044, 'محمد حميميد', 3, 10, 54, 148, 46, '1عام', '13.90077200', '32.75756900', 0, '2014-11-02 14:23:47', '2014-11-03 13:08:50', 1),
(271, 13045, 'النجاح', 3, 10, 54, 148, 46, '1عام', '13.84318100', '32.70655800', 0, '2014-11-02 14:23:47', '2014-11-03 13:08:50', 1),
(272, 13046, 'أبومساهل', 3, 10, 54, 148, 46, '1عام', '13.81842800', '32.67328300', 0, '2014-11-02 14:23:47', '2014-11-03 13:08:50', 1),
(273, 13047, 'التقدم', 3, 10, 54, 149, 46, '1عام', '13.90543100', '32.67628100', 0, '2014-11-02 14:23:47', '2014-11-03 13:08:50', 1),
(274, 13048, 'الشعلة', 3, 10, 54, 150, 46, '1عام', '13.83960600', '32.55454700', 0, '2014-11-02 14:23:47', '2014-11-03 13:08:50', 1),
(275, 13049, 'رابعة العدويه', 3, 10, 51, 151, 47, '1عام', '14.04435800', '32.58651900', 0, '2014-11-02 14:23:47', '2014-11-03 13:08:50', 1),
(276, 13050, 'عثمان القيزانى', 3, 10, 51, 151, 47, '1عام', '14.03948100', '32.57685600', 0, '2014-11-02 14:23:47', '2014-11-03 13:08:50', 1),
(277, 13051, 'الجعراني', 3, 10, 51, 152, 47, '1عام', '14.04901900', '32.58117800', 0, '2014-11-02 14:23:47', '2014-11-03 13:08:50', 1),
(278, 13052, 'وادنة', 3, 10, 51, 153, 47, '1عام', '14.04071700', '32.56860600', 0, '2014-11-02 14:23:47', '2014-11-03 13:08:50', 1),
(279, 13053, 'البركات الثانوية', 3, 10, 51, 154, 47, '1عام', '14.02431900', '32.50628300', 0, '2014-11-02 14:23:47', '2014-11-03 13:08:50', 1),
(280, 13054, 'نسيم الحرية', 3, 10, 51, 155, 47, '1عام', '14.03249400', '32.58946700', 0, '2014-11-02 14:23:47', '2014-11-03 13:08:50', 1),
(281, 13055, 'العهد الجديد بنين', 3, 10, 51, 156, 47, '1عام', '14.05108100', '32.60232500', 0, '2014-11-02 14:23:47', '2014-11-03 13:08:50', 1),
(282, 13056, 'علي بن ابي طالب', 3, 10, 51, 157, 47, '1عام', '14.01839200', '32.56830000', 0, '2014-11-02 14:23:47', '2014-11-03 13:08:50', 1),
(283, 13057, 'النهضة بنين', 3, 10, 51, 158, 47, '1عام', '13.99257200', '32.57885800', 0, '2014-11-02 14:23:47', '2014-11-03 13:08:50', 1),
(284, 13058, 'الفواتير', 3, 10, 51, 159, 47, '1عام', '13.89070600', '32.56968100', 0, '2014-11-02 14:23:47', '2014-11-03 13:08:50', 1),
(285, 13059, 'عبد الله بن مسعود', 3, 10, 51, 159, 47, '1عام', '13.86996400', '32.59208600', 0, '2014-11-02 14:23:47', '2014-11-03 13:08:50', 1),
(286, 13060, 'طارق بن زياد', 3, 10, 51, 160, 47, '1عام', '13.91819400', '32.58148900', 0, '2014-11-02 14:23:47', '2014-11-03 13:08:50', 1),
(287, 13061, 'العشرين من رمضان', 3, 10, 51, 161, 47, '1عام', '14.02670500', '32.60801300', 0, '2014-11-02 14:23:47', '2014-11-03 13:08:50', 1),
(288, 13062, 'حفص', 3, 10, 51, 162, 47, '1عام', '14.11577800', '32.53400600', 0, '2014-11-02 14:23:47', '2014-11-03 13:08:50', 1),
(289, 13063, 'المعطن', 3, 10, 51, 163, 47, '1عام', '14.10354400', '32.54203300', 0, '2014-11-02 14:23:47', '2014-11-03 13:08:50', 1),
(290, 13064, 'اولاد شكر', 3, 10, 51, 164, 47, '1عام', '14.23582500', '32.27751100', 0, '2014-11-02 14:23:47', '2014-11-03 13:08:50', 1),
(291, 13065, 'شمس الحرية', 3, 10, 51, 162, 47, '1عام', '14.11872400', '32.53446200', 0, '2014-11-02 14:23:47', '2014-11-03 13:08:50', 1),
(292, 13066, 'شهداء القصبات', 3, 10, 51, 152, 47, '1عام', '14.04202500', '32.57676400', 0, '2014-11-02 14:23:47', '2014-11-03 13:08:50', 1),
(293, 13067, 'لواته', 3, 10, 51, 153, 47, '1عام', '14.01238100', '32.55933600', 0, '2014-11-02 14:23:47', '2014-11-03 13:08:50', 1),
(294, 13068, 'الخمري', 3, 10, 51, 153, 47, '1عام', '14.11811900', '32.58365600', 0, '2014-11-02 14:23:47', '2014-11-03 13:08:50', 1),
(295, 13069, 'أبوبكر الصديق', 3, 10, 50, 165, 48, '1عام', '13.63653900', '32.43520600', 0, '2014-11-02 14:23:47', '2014-11-03 13:08:50', 1),
(296, 13070, 'جمال عبد الناصر', 3, 10, 50, 165, 48, '1عام', '13.66540800', '32.45333900', 0, '2014-11-02 14:23:47', '2014-11-03 13:08:50', 1),
(297, 13071, 'ترهونة الثانوية', 3, 10, 50, 166, 48, '1عام', '13.63790300', '32.43117800', 0, '2014-11-02 14:23:47', '2014-11-03 13:08:50', 1),
(298, 13072, 'الاوفياء', 3, 10, 50, 166, 48, '1عام', '13.68913300', '32.40570800', 0, '2014-11-02 14:23:47', '2014-11-03 13:08:50', 1),
(299, 13073, 'الشرشارة', 3, 10, 50, 167, 48, '1عام', '13.63574200', '32.47802800', 0, '2014-11-02 14:23:47', '2014-11-03 13:08:50', 1),
(300, 13074, 'صلاح الدين', 3, 10, 50, 168, 48, '1عام', '13.62802800', '32.43545000', 0, '2014-11-02 14:23:47', '2014-11-03 13:08:50', 1),
(301, 13075, 'الساقية الثانوية', 3, 10, 50, 168, 48, '1عام', '13.60355600', '32.39480300', 0, '2014-11-02 14:23:47', '2014-11-03 13:08:50', 1),
(302, 13076, 'الزراعة', 3, 10, 50, 168, 48, '1عام', '13.58263600', '32.42604700', 0, '2014-11-02 14:23:47', '2014-11-03 13:08:50', 1),
(303, 13077, 'محمد سويدان', 3, 10, 50, 169, 48, '1عام', '13.53202200', '32.51190300', 0, '2014-11-02 14:23:47', '2014-11-03 13:08:50', 1),
(304, 13078, 'الشهيد محمد عبد القادر', 3, 10, 50, 170, 48, '1عام', '13.69540600', '32.48341700', 0, '2014-11-02 14:23:47', '2014-11-03 13:08:50', 1),
(305, 13079, 'ابيار مجي', 3, 10, 50, 171, 48, '1عام', '13.54374200', '32.40510300', 0, '2014-11-02 14:23:47', '2014-11-03 13:08:50', 1),
(306, 13080, 'فم ملغة', 3, 10, 50, 171, 48, '1عام', '13.44755300', '32.42248100', 0, '2014-11-02 14:23:47', '2014-11-03 13:08:50', 1),
(307, 13081, 'العزيب', 3, 10, 50, 172, 48, '1عام', '13.77167200', '32.39413100', 0, '2014-11-02 14:23:47', '2014-11-03 13:08:50', 1),
(308, 13082, 'ترغلات الثانوية', 3, 10, 50, 172, 48, '1عام', '13.81727800', '32.37816700', 0, '2014-11-02 14:23:47', '2014-11-03 13:08:50', 1),
(309, 13083, 'الخضراء للتعليم الاساسى', 3, 10, 50, 173, 48, '1عام', '13.76359700', '32.44471700', 0, '2014-11-02 14:23:47', '2014-11-03 13:08:50', 1),
(310, 13084, 'القومن', 3, 10, 50, 173, 48, '1عام', '13.77103900', '32.48388300', 0, '2014-11-02 14:23:47', '2014-11-03 13:08:50', 1),
(311, 13085, 'سوق الجمعة الثانوية', 3, 10, 50, 174, 48, '1عام', '13.67428100', '32.62510000', 0, '2014-11-02 14:23:47', '2014-11-03 13:08:50', 1),
(312, 13086, 'شهداء التحرير', 3, 10, 50, 174, 48, '1عام', '13.71422700', '32.59032700', 0, '2014-11-02 14:23:47', '2014-11-03 13:08:50', 1),
(313, 13087, 'شهداء عبورة', 3, 10, 50, 175, 48, '1عام', '13.71920000', '32.65436900', 0, '2014-11-02 14:23:47', '2014-11-03 13:08:50', 1),
(314, 13088, 'القصيعة الثانوية', 3, 10, 50, 176, 48, '1عام', '13.92847500', '32.47338900', 0, '2014-11-02 14:23:47', '2014-11-03 13:08:50', 1),
(315, 13089, 'احمد رفيق', 3, 10, 50, 176, 48, '1عام', '13.94641900', '32.51896400', 0, '2014-11-02 14:23:47', '2014-11-03 13:08:50', 1),
(316, 13090, 'صقر قريش', 3, 10, 50, 177, 48, '1عام', '13.88445800', '32.49595600', 0, '2014-11-02 14:23:47', '2014-11-03 13:08:50', 1),
(317, 13091, 'بلال بن رباح', 3, 10, 50, 177, 48, '1عام', '13.78858100', '32.54345600', 0, '2014-11-02 14:23:47', '2014-11-03 13:08:50', 1),
(318, 13092, '17فبراير', 3, 10, 50, 178, 48, '1عام', '13.90468900', '32.45592800', 0, '2014-11-02 14:23:47', '2014-11-03 13:08:50', 1),
(319, 13093, 'جابر بن حيان', 3, 10, 50, 178, 48, '1عام', '13.97437500', '32.40528600', 0, '2014-11-02 14:23:47', '2014-11-03 13:08:50', 1),
(320, 13094, 'عمر المختار الداوون', 3, 10, 50, 178, 48, '1عام', '13.49731900', '32.65607500', 0, '2014-11-02 14:23:47', '2014-11-03 13:08:50', 1),
(321, 13095, 'سيدي الشارف', 3, 10, 50, 179, 48, '1عام', '13.84405000', '32.44969700', 0, '2014-11-02 14:23:47', '2014-11-03 13:08:50', 1),
(322, 13096, 'بلاط الشهداء', 3, 10, 50, 179, 48, '1عام', '13.40856400', '32.30603300', 0, '2014-11-02 14:23:47', '2014-11-03 13:08:50', 1),
(323, 13097, 'مدرسة معركة ويف', 3, 10, 50, 179, 48, '1عام', '13.37186111', '32.24311111', 0, '2014-11-02 14:23:47', '2014-11-03 13:08:50', 1),
(324, 13098, 'شهداء سيدي الصيد', 3, 10, 50, 180, 48, '1عام', '13.31213600', '32.26116900', 0, '2014-11-02 14:23:47', '2014-11-03 13:08:50', 1),
(325, 13099, '23يوليو', 3, 10, 50, 180, 48, '1عام', '13.47708600', '32.33318300', 0, '2014-11-02 14:23:47', '2014-11-03 13:08:50', 1),
(326, 13100, 'عقبة بن نافع', 3, 10, 50, 181, 48, '1عام', '13.54228300', '32.27097200', 0, '2014-11-02 14:23:47', '2014-11-03 13:08:50', 1);
INSERT INTO `centers` (`idcenter`, `center_id`, `name`, `office_idoffice`, `constituency_idconstituency`, `subconstituency_idsubconstituency`, `mahalla_idmahalla`, `village_idvillage`, `center_type`, `center_lat`, `center_log`, `center_id_2012`, `creation_date`, `modify_date`, `status`) VALUES
(327, 13101, 'شهداء الشويرف الثاتوية', 3, 10, 50, 182, 48, '1عام', '13.53396700', '32.33920800', 0, '2014-11-02 14:23:47', '2014-11-03 13:08:50', 1),
(328, 13102, 'طلائع التقدم', 3, 10, 50, 183, 48, '1عام', '13.46728300', '32.14261700', 0, '2014-11-02 14:23:47', '2014-11-03 13:08:50', 1),
(329, 13103, 'العبابسة', 3, 10, 50, 184, 48, '1عام', '13.40815300', '32.59215200', 0, '2014-11-02 14:23:47', '2014-11-03 13:08:50', 1),
(330, 13104, 'شهداء سوق الأحد', 3, 10, 50, 185, 48, '1عام', '13.48575000', '32.58233900', 0, '2014-11-02 14:23:47', '2014-11-03 13:08:50', 1),
(331, 13105, 'مدرسة الدرسية', 3, 10, 50, 185, 48, '1عام', '13.43477500', '32.54954400', 0, '2014-11-02 14:23:47', '2014-11-03 13:08:50', 1),
(332, 13106, 'فجر الحرية', 3, 10, 52, 143, 45, '1عام', '', '', 0, '2014-11-02 14:23:47', '2014-11-03 13:08:50', 1),
(333, 13107, 'الابيرات', 3, 10, 50, 191, 48, '1عام', '', '', 0, '2014-11-02 14:23:47', '2014-11-03 13:08:50', 1),
(334, 13301, ' الانطلاقة ( 13071 ترهونة الثانوية) ', 3, 10, 50, 166, 48, '6نسخه', '13.63790300', '32.43117800', 0, '2014-11-02 14:23:47', '2014-11-03 13:08:50', 1),
(335, 13400, 'مخيم نازحين, شركة أتيب, ترهونة (مدرسة مخيم اتيب)', 3, 9, 46, NULL, NULL, '2نازحين', '13.62690800', '32.43691100', 0, '2014-11-02 14:23:47', '2014-11-03 13:08:50', 1),
(336, 14001, 'القربولي الثانوية', 4, 11, 55, 192, 52, '1عام', '13.72231500', '32.74734500', 0, '2014-11-02 14:23:47', '2014-11-03 13:08:50', 1),
(337, 14002, 'ليبيا الغد', 4, 11, 55, 192, 52, '1عام', '13.70970300', '32.74416200', 0, '2014-11-02 14:23:47', '2014-11-03 13:08:50', 1),
(338, 14003, 'عمر بن الخطاب', 4, 11, 55, 192, 52, '1عام', '13.79911100', '32.75175300', 0, '2014-11-02 14:23:47', '2014-11-03 13:08:50', 1),
(339, 14004, 'الخلاص', 4, 11, 55, 193, 52, '1عام', '13.77997200', '32.70231400', 0, '2014-11-02 14:23:47', '2014-11-03 13:08:50', 1),
(340, 14005, 'شهداء الامة', 4, 11, 55, 193, 52, '1عام', '13.76044800', '32.68097100', 0, '2014-11-02 14:23:47', '2014-11-03 13:08:50', 1),
(341, 14006, 'الفرات', 4, 11, 55, 194, 52, '1عام', '13.64230600', '32.70970500', 0, '2014-11-02 14:23:47', '2014-11-03 13:08:50', 1),
(342, 14007, 'الامل', 4, 11, 55, 194, 52, '1عام', '13.61794100', '32.65270900', 0, '2014-11-02 14:23:47', '2014-11-03 13:08:50', 1),
(343, 14008, 'عمر المختار', 4, 11, 55, 195, 52, '1عام', '13.60964100', '32.73656200', 0, '2014-11-02 14:23:47', '2014-11-03 13:08:50', 1),
(344, 14009, 'العطايا الشرقية', 4, 11, 55, 195, 52, '1عام', '13.67736200', '32.73485800', 0, '2014-11-02 14:23:47', '2014-11-03 13:08:50', 1),
(345, 14010, 'القويعة الثانوية', 4, 11, 55, 196, 52, '1عام', '13.60840500', '32.70871800', 0, '2014-11-02 14:23:47', '2014-11-03 13:08:50', 1),
(346, 14011, 'الزياينة', 4, 11, 55, 196, 52, '1عام', '13.57102800', '32.69155500', 0, '2014-11-02 14:23:47', '2014-11-03 13:08:50', 1),
(347, 14012, 'الشهيد الضاوي الخوالق الشمالية', 4, 11, 55, 197, 52, '1عام', '13.58071300', '32.61723300', 0, '2014-11-02 14:23:47', '2014-11-03 13:08:50', 1),
(348, 14013, 'عمرو بن العاص', 4, 11, 57, 198, 53, '1عام', '13.23842500', '32.89331400', 0, '2014-11-02 14:23:47', '2014-11-03 13:08:50', 1),
(349, 14014, 'احمد كاره', 4, 11, 57, 198, 53, '1عام', '13.24116200', '32.89502700', 0, '2014-11-02 14:23:47', '2014-11-03 13:08:50', 1),
(350, 14015, 'أم المؤمنين', 4, 11, 57, 198, 53, '1عام', '13.24075300', '32.89079500', 0, '2014-11-02 14:23:47', '2014-11-03 13:08:50', 1),
(351, 14016, 'سوق الجمعة الثانوية', 4, 11, 57, 198, 53, '1عام', '13.23827400', '32.88806300', 0, '2014-11-02 14:23:47', '2014-11-03 13:08:50', 1),
(352, 14017, 'شهداء الهاني', 4, 11, 57, 199, 53, '1عام', '13.21953200', '32.88224700', 0, '2014-11-02 14:23:47', '2014-11-03 13:08:50', 1),
(353, 14018, 'الجولان', 4, 11, 57, 199, 53, '1عام', '13.22436100', '32.87947100', 0, '2014-11-02 14:23:47', '2014-11-03 13:08:50', 1),
(354, 14019, 'النجاح', 4, 11, 57, 199, 53, '1عام', '13.22405400', '32.87833700', 0, '2014-11-02 14:23:47', '2014-11-03 13:08:50', 1),
(355, 14020, 'ثورة الحجارة', 4, 11, 57, 199, 53, '1عام', '13.22492600', '32.87955500', 0, '2014-11-02 14:23:47', '2014-11-03 13:08:50', 1),
(356, 14021, 'البناء', 4, 11, 57, 200, 53, '1عام', '13.25393600', '32.87032600', 0, '2014-11-02 14:23:47', '2014-11-03 13:08:50', 1),
(357, 14022, 'الصديق كشون', 4, 11, 57, 200, 53, '1عام', '13.28030600', '32.87125400', 0, '2014-11-02 14:23:47', '2014-11-03 13:08:50', 1),
(358, 14023, 'رسل الحضارة', 4, 11, 57, 200, 53, '1عام', '13.25029300', '32.87478100', 0, '2014-11-02 14:23:47', '2014-11-03 13:08:50', 1),
(359, 14024, 'عبد الله بن مسعود', 4, 11, 57, 201, 53, '1عام', '13.28698100', '32.88072900', 0, '2014-11-02 14:23:47', '2014-11-03 13:08:50', 1),
(360, 14025, 'ثورة الحق', 4, 11, 57, 202, 53, '1عام', '13.27423700', '32.87546500', 0, '2014-11-02 14:23:47', '2014-11-03 13:08:50', 1),
(361, 14026, 'ليبيا الجديدة', 4, 11, 57, 201, 53, '1عام', '13.28101900', '32.87804200', 0, '2014-11-02 14:23:47', '2014-11-03 13:08:50', 1),
(362, 14027, 'خليفة الحجاجي', 4, 11, 57, 203, 53, '1عام', '13.25499200', '32.90503700', 0, '2014-11-02 14:23:47', '2014-11-03 13:08:50', 1),
(363, 14028, 'فلسطين', 4, 11, 57, 203, 53, '1عام', '13.26411800', '32.90321900', 0, '2014-11-02 14:23:47', '2014-11-03 13:08:50', 1),
(364, 14029, 'المنصورة', 4, 11, 57, 204, 53, '1عام', '13.24999300', '32.89328200', 0, '2014-11-02 14:23:47', '2014-11-03 13:08:50', 1),
(365, 14030, 'حليمة الساعدية', 4, 11, 57, 204, 53, '1عام', '13.27033600', '32.89073500', 0, '2014-11-02 14:23:47', '2014-11-03 13:08:50', 1),
(366, 14031, 'عبد الله الجطيلي', 4, 11, 57, 204, 53, '1عام', '13.25392700', '32.88934100', 0, '2014-11-02 14:23:47', '2014-11-03 13:08:50', 1),
(367, 14032, 'حطين', 4, 11, 57, 205, 53, '1عام', '13.28326200', '32.88674500', 0, '2014-11-02 14:23:47', '2014-11-03 13:08:50', 1),
(368, 14033, 'الأنصار', 4, 11, 57, 205, 53, '1عام', '13.27291200', '32.88691100', 0, '2014-11-02 14:23:47', '2014-11-03 13:08:50', 1),
(369, 14034, 'بشير الاسطى', 4, 11, 57, 206, 53, '1عام', '13.23341500', '32.90212100', 0, '2014-11-02 14:23:47', '2014-11-03 13:08:50', 1),
(370, 14035, 'شهداء الشط', 4, 11, 57, 206, 53, '1عام', '13.23839800', '32.90322600', 0, '2014-11-02 14:23:47', '2014-11-03 13:08:50', 1),
(371, 14036, 'الجهاد', 4, 11, 57, 206, 53, '1عام', '13.22599800', '32.89488200', 0, '2014-11-02 14:23:47', '2014-11-03 13:08:50', 1),
(372, 14037, 'الساحل', 4, 11, 57, 206, 53, '1عام', '13.24995100', '32.90461200', 0, '2014-11-02 14:23:47', '2014-11-03 13:08:50', 1),
(373, 14038, 'العروبة', 4, 11, 57, 207, 53, '1عام', '13.23070500', '32.88698800', 0, '2014-11-02 14:23:47', '2014-11-03 13:08:50', 1),
(374, 14039, 'باب تاجوراء', 4, 11, 57, 207, 53, '1عام', '13.22453800', '32.89194700', 0, '2014-11-02 14:23:47', '2014-11-03 13:08:50', 1),
(375, 14040, 'ثورة التحدي', 4, 11, 57, 207, 53, '1عام', '13.22938700', '32.88678100', 0, '2014-11-02 14:23:47', '2014-11-03 13:08:50', 1),
(376, 14041, '24ديسمبر', 4, 11, 57, 207, 53, '1عام', '13.23069600', '32.88612800', 0, '2014-11-02 14:23:47', '2014-11-03 13:08:50', 1),
(377, 14042, 'علي الجزيري', 4, 11, 57, 208, 53, '1عام', '13.22431300', '32.86754100', 0, '2014-11-02 14:23:47', '2014-11-03 13:08:50', 1),
(378, 14043, 'أسماء بنت أبي بكر', 4, 11, 57, 208, 53, '1عام', '13.22732100', '32.87142100', 0, '2014-11-02 14:23:47', '2014-11-03 13:08:50', 1),
(379, 14044, 'جيل الثورة الجديد', 4, 11, 57, 208, 53, '1عام', '13.21465400', '32.86996900', 0, '2014-11-02 14:23:47', '2014-11-03 13:08:50', 1),
(380, 14045, 'بلال ابن رباح', 4, 11, 57, 208, 53, '1عام', '13.20577100', '32.86823300', 0, '2014-11-02 14:23:47', '2014-11-03 13:08:50', 1),
(381, 14046, 'جيل الوحدة', 4, 11, 57, 208, 53, '1عام', '13.22496600', '32.86818200', 0, '2014-11-02 14:23:47', '2014-11-03 13:08:50', 1),
(382, 14047, 'أم القرى', 4, 11, 57, 209, 53, '1عام', '13.23788100', '32.87081900', 0, '2014-11-02 14:23:47', '2014-11-03 13:08:50', 1),
(383, 14048, 'سعدون السويحلي', 4, 11, 57, 209, 53, '1عام', '13.23301700', '32.87508400', 0, '2014-11-02 14:23:47', '2014-11-03 13:08:50', 1),
(384, 14049, 'الربيع', 4, 11, 57, 209, 53, '1عام', '13.23846900', '32.85993300', 0, '2014-11-02 14:23:47', '2014-11-03 13:08:50', 1),
(385, 14050, 'جامع التركي', 4, 11, 57, 209, 53, '1عام', '13.24516600', '32.87543100', 0, '2014-11-02 14:23:47', '2014-11-03 13:08:50', 1),
(386, 14051, 'الأحرار', 4, 11, 57, 209, 53, '1عام', '13.23130700', '32.87998500', 0, '2014-11-02 14:23:47', '2014-11-03 13:08:50', 1),
(387, 14052, 'محمد البلوق', 4, 11, 57, 210, 53, '1عام', '13.27202900', '32.86547900', 0, '2014-11-02 14:23:47', '2014-11-03 13:08:50', 1),
(388, 14053, 'أسد بن الفرات', 4, 11, 57, 210, 53, '1عام', '13.26269400', '32.87825700', 0, '2014-11-02 14:23:47', '2014-11-03 13:08:50', 1),
(389, 14054, 'الفتح', 4, 11, 57, 210, 53, '1عام', '13.25960400', '32.86211900', 0, '2014-11-02 14:23:47', '2014-11-03 13:08:50', 1),
(390, 14055, 'سيدي بو غرارة', 4, 11, 57, 210, 53, '1عام', '13.26170100', '32.87881100', 0, '2014-11-02 14:23:47', '2014-11-03 13:08:50', 1),
(391, 14056, 'النعيم', 4, 11, 57, 210, 53, '1عام', '13.25971200', '32.87786600', 0, '2014-11-02 14:23:47', '2014-11-03 13:08:50', 1),
(392, 14057, 'العرب', 4, 11, 57, 202, 53, '1عام', '13.29116800', '32.87009700', 0, '2014-11-02 14:23:47', '2014-11-03 13:08:50', 1),
(393, 14058, 'طلائع الفتح', 4, 11, 57, 202, 53, '1عام', '13.30243400', '32.87842100', 0, '2014-11-02 14:23:47', '2014-11-03 13:08:50', 1),
(394, 14059, 'الإنطلاق', 4, 11, 57, 202, 53, '1عام', '13.29198400', '32.88038600', 0, '2014-11-02 14:23:47', '2014-11-03 13:08:50', 1),
(395, 14060, 'الوطن العربي', 4, 11, 57, 211, 53, '1عام', '13.24729900', '32.85621900', 0, '2014-11-02 14:23:47', '2014-11-03 13:08:50', 1),
(396, 14062, 'المجد الثانوية للبنات', 4, 11, 57, 211, 53, '1عام', '13.24869500', '32.85714100', 0, '2014-11-02 14:23:47', '2014-11-03 13:08:50', 1),
(397, 14063, 'المجد للتعليم الأساسي', 4, 11, 57, 211, 53, '1عام', '13.24725500', '32.85677300', 0, '2014-11-02 14:23:47', '2014-11-03 13:08:50', 1),
(398, 14064, 'الثورة العربية', 4, 11, 57, 212, 53, '1عام', '13.25077100', '32.87431300', 0, '2014-11-02 14:23:47', '2014-11-03 13:08:50', 1),
(399, 14065, 'علي النفاتي', 4, 11, 56, 213, 49, '1عام', '13.39380800', '32.88048900', 0, '2014-11-02 14:23:47', '2014-11-03 13:08:50', 1),
(400, 14066, 'أم البنين', 4, 11, 56, 213, 49, '1عام', '13.37656600', '32.88250600', 0, '2014-11-02 14:23:47', '2014-11-03 13:08:50', 1),
(401, 14067, 'النصر', 4, 11, 56, 213, 49, '1عام', '13.39159500', '32.85135900', 0, '2014-11-02 14:23:47', '2014-11-03 13:08:50', 1),
(402, 14068, 'حي التضامن', 4, 11, 56, 213, 49, '1عام', '13.40108400', '32.87457100', 0, '2014-11-02 14:23:47', '2014-11-03 13:08:50', 1),
(403, 14069, 'الكرامة', 4, 11, 56, 213, 49, '1عام', '13.36744100', '32.88576400', 0, '2014-11-02 14:23:47', '2014-11-03 13:08:50', 1),
(404, 14070, 'شهداء الانتفاضة', 4, 11, 56, 214, 49, '1عام', '13.36139600', '32.88751100', 0, '2014-11-02 14:23:47', '2014-11-03 13:08:50', 1),
(405, 14071, 'تاجوراء الشعبية', 4, 11, 56, 214, 49, '1عام', '13.35750100', '32.88165100', 0, '2014-11-02 14:23:47', '2014-11-03 13:08:50', 1),
(406, 14072, 'تاجوراء المركزية', 4, 11, 56, 214, 49, '1عام', '13.34853900', '32.87703900', 0, '2014-11-02 14:23:47', '2014-11-03 13:08:50', 1),
(407, 14073, 'الشعلة', 4, 11, 56, 214, 49, '1عام', '13.35068500', '32.88652600', 0, '2014-11-02 14:23:47', '2014-11-03 13:08:50', 1),
(408, 14074, '17فبراير', 4, 11, 56, 214, 49, '1عام', '13.34997500', '32.88803500', 0, '2014-11-02 14:23:47', '2014-11-03 13:08:50', 1),
(409, 14075, 'وجدة', 4, 11, 56, 215, 49, '1عام', '13.34808100', '32.88799200', 0, '2014-11-02 14:23:47', '2014-11-03 13:08:50', 1),
(410, 14076, 'منارة ابو راوي', 4, 11, 56, 215, 49, '1عام', '13.34026900', '32.88214700', 0, '2014-11-02 14:23:47', '2014-11-03 13:08:50', 1),
(411, 14077, 'الحطاب', 4, 11, 56, 215, 49, '1عام', '13.34576100', '32.88233600', 0, '2014-11-02 14:23:47', '2014-11-03 13:08:50', 1),
(412, 14078, 'الصامت', 4, 11, 56, 216, 49, '1عام', '13.33793200', '32.87608200', 0, '2014-11-02 14:23:47', '2014-11-03 13:08:50', 1),
(413, 14079, 'الرسالة', 4, 11, 56, 216, 49, '1عام', '13.33403900', '32.89015100', 0, '2014-11-02 14:23:47', '2014-11-03 13:08:50', 1),
(414, 14080, 'ابي الأشهر', 4, 11, 56, 217, 49, '1عام', '13.31281200', '32.88823600', 0, '2014-11-02 14:23:47', '2014-11-03 13:08:50', 1),
(415, 14081, 'شهداء الحرية', 4, 11, 56, 217, 49, '1عام', '13.32128500', '32.88176600', 0, '2014-11-02 14:23:47', '2014-11-03 13:08:50', 1),
(416, 14082, 'عقبة بن نافع', 4, 11, 56, 217, 49, '1عام', '13.30228200', '32.89848200', 0, '2014-11-02 14:23:47', '2014-11-03 13:08:50', 1),
(417, 14083, 'الخالدون', 4, 11, 56, 217, 49, '1عام', '13.30772600', '32.88034200', 0, '2014-11-02 14:23:47', '2014-11-03 13:08:50', 1),
(418, 14084, 'ابي فراس الحمداني', 4, 11, 56, 218, 49, '1عام', '13.47534100', '32.70647800', 0, '2014-11-02 14:23:47', '2014-11-03 13:08:50', 1),
(419, 14085, 'النعم المركزية', 4, 11, 56, 218, 49, '1عام', '13.39508100', '32.66573700', 0, '2014-11-02 14:23:47', '2014-11-03 13:08:50', 1),
(420, 14086, 'ابن سيناء', 4, 11, 56, 218, 49, '1عام', '13.32873500', '32.73291500', 0, '2014-11-02 14:23:47', '2014-11-03 13:08:50', 1),
(421, 14088, 'النشيع', 4, 11, 56, 186, 49, '1عام', '13.50226700', '32.78993600', 0, '2014-11-02 14:23:47', '2014-11-03 13:08:50', 1),
(422, 14089, 'البساتين', 4, 11, 56, 186, 49, '1عام', '13.47671800', '32.80630100', 0, '2014-11-02 14:23:47', '2014-11-03 13:08:50', 1),
(423, 14090, 'القلعة', 4, 11, 56, 186, 49, '1عام', '13.36044600', '32.86954400', 0, '2014-11-02 14:23:47', '2014-11-03 13:08:50', 1),
(424, 14091, 'القادسية', 4, 11, 56, 187, 49, '1عام', '13.32450400', '32.85424300', 0, '2014-11-02 14:23:47', '2014-11-03 13:08:50', 1),
(425, 14092, 'الصابرين', 4, 11, 56, 187, 49, '1عام', '13.35230900', '32.82944800', 0, '2014-11-02 14:23:47', '2014-11-03 13:08:50', 1),
(426, 14093, 'عمر المختار', 4, 11, 56, 188, 49, '1عام', '13.44075400', '32.79375700', 0, '2014-11-02 14:23:47', '2014-11-03 13:08:50', 1),
(427, 14094, 'شهداء تاجوراء', 4, 11, 56, 188, 49, '1عام', '13.53458600', '32.76969100', 0, '2014-11-02 14:23:47', '2014-11-03 13:08:50', 1),
(428, 14095, 'شهداء ليبيا', 4, 11, 62, 189, 50, '1عام', '13.28551100', '32.78468100', 0, '2014-11-02 14:23:47', '2014-11-03 13:08:50', 1),
(429, 14096, 'خالد بن الوليد', 4, 11, 62, 189, 50, '1عام', '13.28253900', '32.80210400', 0, '2014-11-02 14:23:47', '2014-11-03 13:08:50', 1),
(430, 14097, 'عين زارة', 4, 11, 62, 189, 50, '1عام', '13.26412900', '32.81849400', 0, '2014-11-02 14:23:47', '2014-11-03 13:08:50', 1),
(431, 14098, 'شهداء عين زارة', 4, 11, 62, 189, 50, '1عام', '13.23402400', '32.81854700', 0, '2014-11-02 14:23:47', '2014-11-03 13:08:50', 1),
(432, 14099, 'علي بن ابي طالب', 4, 11, 62, 189, 50, '1عام', '13.22271200', '32.81286100', 0, '2014-11-02 14:23:47', '2014-11-03 13:08:50', 1),
(433, 14100, 'الوفاق', 4, 11, 62, 189, 50, '1عام', '13.23652700', '32.83200500', 0, '2014-11-02 14:23:47', '2014-11-03 13:08:50', 1),
(434, 14101, 'الزهور', 4, 11, 62, 189, 50, '1عام', '13.25302700', '32.83174600', 0, '2014-11-02 14:23:47', '2014-11-03 13:08:50', 1),
(435, 14102, 'راية الإسلام', 4, 11, 62, 189, 50, '1عام', '13.25868900', '32.84637400', 0, '2014-11-02 14:23:47', '2014-11-03 13:08:50', 1),
(436, 14104, 'أحفاد المختار', 4, 11, 62, 189, 50, '1عام', '13.26765600', '32.85549900', 0, '2014-11-02 14:23:47', '2014-11-03 13:08:50', 1),
(437, 14105, 'الناصر صلاح الدين', 4, 11, 62, 189, 50, '1عام', '13.29352100', '32.85453500', 0, '2014-11-02 14:23:47', '2014-11-03 13:08:50', 1),
(438, 14106, 'نسور عين زارة', 4, 11, 62, 189, 50, '1عام', '13.30379900', '32.84163400', 0, '2014-11-02 14:23:47', '2014-11-03 13:08:50', 1),
(439, 14107, 'عبد المنعم رياض', 4, 11, 62, 189, 50, '1عام', '13.31458700', '32.83791300', 0, '2014-11-02 14:23:47', '2014-11-03 13:08:50', 1),
(440, 14108, 'الفردوس', 4, 11, 62, 189, 50, '1عام', '13.29522600', '32.82576800', 0, '2014-11-02 14:23:47', '2014-11-03 13:08:50', 1),
(441, 14109, 'الخليل', 4, 11, 62, 189, 50, '1عام', '13.24257600', '32.83928200', 0, '2014-11-02 14:23:47', '2014-11-03 13:08:50', 1),
(442, 14110, 'الرازي للتعليم الثانوي', 4, 11, 62, 189, 50, '1عام', '13.20929900', '32.86250700', 0, '2014-11-02 14:23:47', '2014-11-03 13:08:50', 1),
(443, 14111, 'ليبيا المجد', 4, 11, 62, 189, 50, '1عام', '13.21360600', '32.85595300', 0, '2014-11-02 14:23:47', '2014-11-03 13:08:50', 1),
(444, 14112, 'ابن جبير', 4, 11, 62, 189, 50, '1عام', '13.20436100', '32.85021400', 0, '2014-11-02 14:23:47', '2014-11-03 13:08:50', 1),
(445, 14113, 'الإخلاص', 4, 11, 62, 189, 50, '1عام', '13.21111100', '32.84562900', 0, '2014-11-02 14:23:47', '2014-11-03 13:08:50', 1),
(446, 14114, 'رجب النائب', 4, 11, 62, 189, 50, '1عام', '13.21561600', '32.84119700', 0, '2014-11-02 14:23:47', '2014-11-03 13:08:50', 1),
(447, 14115, 'الإنتصار', 4, 11, 61, 190, 51, '1عام', '13.16041600', '32.85485100', 0, '2014-11-02 14:23:47', '2014-11-03 13:08:50', 1),
(448, 14116, 'تاقرفت', 4, 11, 61, 190, 51, '1عام', '13.15788900', '32.85494700', 0, '2014-11-02 14:23:47', '2014-11-03 13:08:50', 1),
(449, 14117, 'أحرار ليبيا', 4, 11, 61, 190, 51, '1عام', '13.17141300', '32.86520100', 0, '2014-11-02 14:23:47', '2014-11-03 13:08:50', 1),
(450, 14118, 'شهداء الانتصار', 4, 11, 61, 190, 51, '1عام', '13.16690100', '32.86012900', 0, '2014-11-02 14:23:47', '2014-11-03 13:08:50', 1),
(451, 14119, 'الحرة', 4, 11, 61, 190, 51, '1عام', '13.15961700', '32.85509100', 0, '2014-11-02 14:23:47', '2014-11-03 13:08:50', 1),
(452, 14120, 'معركة بدر', 4, 11, 61, 190, 51, '1عام', '13.16828700', '32.86455300', 0, '2014-11-02 14:23:47', '2014-11-03 13:08:50', 1),
(453, 14121, 'عمر بن الخطاب', 4, 11, 61, 190, 51, '1عام', '13.16746100', '32.86513200', 0, '2014-11-02 14:23:47', '2014-11-03 13:08:50', 1),
(454, 14122, 'جيل الوحدة', 4, 11, 61, 219, 51, '1عام', '13.15640700', '32.84156100', 0, '2014-11-02 14:23:47', '2014-11-03 13:08:50', 1),
(455, 14123, 'التقدم', 4, 11, 61, 219, 51, '1عام', '13.13014700', '32.80027800', 0, '2014-11-02 14:23:47', '2014-11-03 13:08:50', 1),
(456, 14124, 'ابو بكر الصديق', 4, 11, 61, 219, 51, '1عام', '13.12293900', '32.81260800', 0, '2014-11-02 14:23:47', '2014-11-03 13:08:50', 1),
(457, 14125, 'أبي سليم', 4, 11, 61, 219, 51, '1عام', '13.14240900', '32.79372400', 0, '2014-11-02 14:23:47', '2014-11-03 13:08:50', 1),
(458, 14126, 'عين شمس', 4, 11, 61, 219, 51, '1عام', '13.16429400', '32.79422700', 0, '2014-11-02 14:23:47', '2014-11-03 13:08:50', 1),
(459, 14127, 'أزهار الربيع', 4, 11, 61, 219, 51, '1عام', '13.16658800', '32.81195400', 0, '2014-11-02 14:23:47', '2014-11-03 13:08:50', 1),
(460, 14128, 'الحسين', 4, 11, 61, 219, 51, '1عام', '13.19064500', '32.79656300', 0, '2014-11-02 14:23:47', '2014-11-03 13:08:50', 1),
(461, 14129, 'الفداء', 4, 11, 61, 219, 51, '1عام', '13.19757500', '32.83912600', 0, '2014-11-02 14:23:47', '2014-11-03 13:08:50', 1),
(462, 14130, 'راية الاستقلال', 4, 11, 61, 219, 51, '1عام', '13.17238500', '32.83860500', 0, '2014-11-02 14:23:47', '2014-11-03 13:08:50', 1),
(463, 14131, 'الخلود', 4, 11, 61, 219, 51, '1عام', '13.15581900', '32.84091600', 0, '2014-11-02 14:23:47', '2014-11-03 13:08:50', 1),
(464, 14132, 'الحرية الثانوية', 4, 11, 61, 219, 51, '1عام', '13.14177800', '32.79351100', 0, '2014-11-02 14:23:47', '2014-11-03 13:08:50', 1),
(465, 14133, 'قتيبة بن مسلم', 4, 11, 61, 219, 51, '1عام', '13.17491200', '32.81261100', 0, '2014-11-02 14:23:47', '2014-11-03 13:08:50', 1),
(466, 14134, 'المشروع الزراعي', 4, 11, 61, 219, 51, '1عام', '13.16841300', '32.81656600', 0, '2014-11-02 14:23:47', '2014-11-03 13:08:50', 1),
(467, 14135, 'السيدة عائشة', 4, 11, 61, 219, 51, '1عام', '13.19867100', '32.83873400', 0, '2014-11-02 14:23:47', '2014-11-03 13:08:50', 1),
(468, 14136, 'أوفياء 17 فبراير', 4, 11, 61, 219, 51, '1عام', '13.22206100', '32.80467500', 0, '2014-11-02 14:23:47', '2014-11-03 13:08:50', 1),
(469, 14137, 'الإشراقة', 4, 11, 61, 231, 51, '1عام', '13.16394100', '32.84731600', 0, '2014-11-02 14:23:47', '2014-11-03 13:08:50', 1),
(470, 14138, 'السيدة زينب', 4, 11, 61, 231, 51, '1عام', '13.18378400', '32.85109100', 0, '2014-11-02 14:23:47', '2014-11-03 13:08:50', 1),
(471, 14139, 'التحرير', 4, 11, 61, 231, 51, '1عام', '13.17125500', '32.84901300', 0, '2014-11-02 14:23:47', '2014-11-03 13:08:50', 1),
(472, 14140, 'النجم الساطع', 4, 11, 61, 231, 51, '1عام', '13.19527100', '32.85735400', 0, '2014-11-02 14:23:47', '2014-11-03 13:08:50', 1),
(473, 14141, 'ثانوية حي دمشق', 4, 11, 61, 231, 51, '1عام', '13.19798400', '32.85041500', 0, '2014-11-02 14:23:47', '2014-11-03 13:08:50', 1),
(474, 14142, 'الهضبة الثانوية', 4, 11, 61, 231, 51, '1عام', '13.18150700', '32.84276400', 0, '2014-11-02 14:23:47', '2014-11-03 13:08:50', 1),
(475, 14143, 'السلام', 4, 11, 61, 231, 51, '1عام', '13.18173300', '32.84617600', 0, '2014-11-02 14:23:47', '2014-11-03 13:08:50', 1),
(476, 14144, 'الإنتفاضة', 4, 11, 61, 231, 51, '1عام', '13.17637900', '32.86462100', 0, '2014-11-02 14:23:47', '2014-11-03 13:08:50', 1),
(477, 14145, 'ليبيا الحرة', 4, 11, 61, 231, 51, '1عام', '13.17813200', '32.85449300', 0, '2014-11-02 14:23:47', '2014-11-03 13:08:50', 1),
(478, 14146, 'غزة', 4, 11, 61, 231, 51, '1عام', '13.18600400', '32.85412700', 0, '2014-11-02 14:23:47', '2014-11-03 13:08:50', 1),
(479, 14147, 'عين جالوت', 4, 11, 61, 231, 51, '1عام', '13.18145278', '32.84386667', 0, '2014-11-02 14:23:47', '2014-11-03 13:08:50', 1),
(480, 14148, 'علي النجار', 4, 11, 61, 232, 51, '1عام', '13.18992500', '32.87061800', 0, '2014-11-02 14:23:47', '2014-11-03 13:08:50', 1),
(481, 14149, 'الجيل الثائر', 4, 11, 61, 233, 56, '1عام', '13.20236200', '32.86698300', 0, '2014-11-02 14:23:47', '2014-11-03 13:08:50', 1),
(482, 14150, 'ميمونة بنت الحارث', 4, 11, 61, 234, 57, '1عام', '13.20180100', '32.86533200', 0, '2014-11-02 14:23:47', '2014-11-03 13:08:50', 1),
(483, 14151, 'براعم المستقبل', 4, 11, 61, 234, 57, '1عام', '13.19253800', '32.86614500', 0, '2014-11-02 14:23:47', '2014-11-03 13:08:50', 1),
(484, 14152, 'الشعلة', 4, 11, 58, 235, 54, '1عام', '13.19012700', '32.89097800', 0, '2014-11-02 14:23:47', '2014-11-03 13:08:50', 1),
(485, 14153, 'الكوت', 4, 11, 58, 235, 54, '1عام', '13.19579300', '32.88792700', 0, '2014-11-02 14:23:47', '2014-11-03 13:08:50', 1),
(486, 14154, 'الظهرة الإبتدائية', 4, 11, 58, 235, 54, '1عام', '13.19444400', '32.89096300', 0, '2014-11-02 14:23:47', '2014-11-03 13:08:50', 1),
(487, 14155, 'أحمد قنابة', 4, 11, 58, 220, 54, '1عام', '13.17590800', '32.89406400', 0, '2014-11-02 14:23:47', '2014-11-03 13:08:50', 1),
(488, 14156, 'الخنساء', 4, 11, 58, 220, 54, '1عام', '13.17573800', '32.89935200', 0, '2014-11-02 14:23:47', '2014-11-03 13:08:50', 1),
(489, 14157, 'الحرية', 4, 11, 58, 220, 54, '1عام', '13.17622800', '32.89418900', 0, '2014-11-02 14:23:47', '2014-11-03 13:08:50', 1),
(490, 14158, 'ابومنجل', 4, 11, 58, 221, 54, '1عام', '13.17244300', '32.88747100', 0, '2014-11-02 14:23:47', '2014-11-03 13:08:50', 1),
(491, 14159, 'سكينة بن الحسين', 4, 11, 58, 221, 54, '1عام', '13.17556500', '32.89133400', 0, '2014-11-02 14:23:47', '2014-11-03 13:08:50', 1),
(492, 14160, 'طرابلس المركزية للتعليم الأساسي', 4, 11, 58, 221, 54, '1عام', '13.17445800', '32.89029400', 0, '2014-11-02 14:23:47', '2014-11-03 13:08:50', 1),
(493, 14161, 'النصر الثانوية', 4, 11, 58, 221, 54, '1عام', '13.17180700', '32.88483900', 0, '2014-11-02 14:23:47', '2014-11-03 13:08:50', 1),
(494, 14162, 'علي سيالة', 4, 11, 58, 222, 54, '1عام', '13.20225400', '32.89125700', 0, '2014-11-02 14:23:47', '2014-11-03 13:08:50', 1),
(495, 14163, 'ام الثوار', 4, 11, 58, 222, 54, '1عام', '13.21326500', '32.89609900', 0, '2014-11-02 14:23:47', '2014-11-03 13:08:50', 1),
(496, 14164, '20 أغسطس', 4, 11, 58, 222, 54, '1عام', '13.20092300', '32.89242900', 0, '2014-11-02 14:23:47', '2014-11-03 13:08:50', 1),
(497, 14165, 'شهداء الشط', 4, 11, 58, 222, 54, '1عام', '13.20565400', '32.89493800', 0, '2014-11-02 14:23:47', '2014-11-03 13:08:50', 1),
(498, 14166, 'محمد محمود بن عثمان', 4, 11, 58, 222, 54, '1عام', '13.21157800', '32.89097500', 0, '2014-11-02 14:23:47', '2014-11-03 13:08:50', 1),
(499, 14167, 'الصديق', 4, 11, 58, 222, 54, '1عام', '13.21738900', '32.88718100', 0, '2014-11-02 14:23:47', '2014-11-03 13:08:50', 1),
(500, 14168, 'الإنتفاضة', 4, 11, 58, 223, 54, '1عام', '13.20594500', '32.88737300', 0, '2014-11-02 14:23:47', '2014-11-03 13:08:50', 1),
(501, 14169, 'ابن النفيس', 4, 11, 58, 223, 54, '1عام', '13.19560800', '32.88627500', 0, '2014-11-02 14:23:47', '2014-11-03 13:08:50', 1),
(502, 14170, 'إبن الهيثم', 4, 11, 58, 222, 54, '1عام', '13.21748500', '32.88610200', 0, '2014-11-02 14:23:47', '2014-11-03 13:08:50', 1),
(503, 14171, 'الخوارزمي', 4, 11, 58, 223, 54, '1عام', '13.20466100', '32.88268100', 0, '2014-11-02 14:23:47', '2014-11-03 13:08:50', 1),
(504, 14172, 'وسعاية ابديري', 4, 11, 58, 223, 54, '1عام', '13.21282100', '32.88281200', 0, '2014-11-02 14:23:47', '2014-11-03 13:08:50', 1),
(505, 14173, 'التقدم', 4, 11, 58, 224, 54, '1عام', '13.19897500', '32.88024900', 0, '2014-11-02 14:23:47', '2014-11-03 13:08:50', 1),
(506, 14174, 'عبد الرحمن الكواكبي', 4, 11, 58, 224, 54, '1عام', '13.21325800', '32.87615400', 0, '2014-11-02 14:23:47', '2014-11-03 13:08:50', 1),
(507, 14175, 'طلائع التقدم', 4, 11, 58, 224, 54, '1عام', '13.19510800', '32.87897800', 0, '2014-11-02 14:23:47', '2014-11-03 13:08:50', 1),
(508, 14176, 'شهيدة الواجب', 4, 11, 58, 224, 54, '1عام', '13.20038400', '32.87321900', 0, '2014-11-02 14:23:47', '2014-11-03 13:08:50', 1),
(509, 14177, 'صلاح الدين', 4, 11, 58, 224, 54, '1عام', '13.21182900', '32.87848200', 0, '2014-11-02 14:23:47', '2014-11-03 13:08:50', 1),
(510, 14178, 'طرابلس الثانوية بنين', 4, 11, 58, 225, 54, '1عام', '13.17000800', '32.88494200', 0, '2014-11-02 14:23:47', '2014-11-03 13:08:50', 1),
(511, 14179, 'المنار', 4, 11, 58, 225, 54, '1عام', '13.17752100', '32.87713100', 0, '2014-11-02 14:23:47', '2014-11-03 13:08:50', 1),
(512, 14180, 'صرخة الحرية', 4, 11, 58, 225, 54, '1عام', '13.17101800', '32.87934100', 0, '2014-11-02 14:23:47', '2014-11-03 13:08:50', 1),
(513, 14181, 'المنصورة', 4, 11, 58, 225, 54, '1عام', '13.16584900', '32.87876200', 0, '2014-11-02 14:23:47', '2014-11-03 13:08:50', 1),
(514, 14182, 'شارع الصريم', 4, 11, 58, 225, 54, '1عام', '13.16854400', '32.88323600', 0, '2014-11-02 14:23:47', '2014-11-03 13:08:50', 1),
(515, 14183, 'علي عبدالله وريث', 4, 11, 58, 226, 54, '1عام', '13.18017600', '32.88752500', 0, '2014-11-02 14:23:47', '2014-11-03 13:08:50', 1),
(516, 14184, 'طرابلس الثانوية للبنات', 4, 11, 58, 227, 54, '1عام', '13.18428700', '32.88559900', 0, '2014-11-02 14:23:47', '2014-11-03 13:08:50', 1),
(517, 14185, '23 يوليو', 4, 11, 58, 227, 54, '1عام', '13.18467200', '32.88396500', 0, '2014-11-02 14:23:47', '2014-11-03 13:08:50', 1),
(518, 14186, 'الهدي الإسلامي', 4, 11, 58, 227, 54, '1عام', '13.19118900', '32.87524600', 0, '2014-11-02 14:23:47', '2014-11-03 13:08:50', 1),
(519, 14187, 'شهداء طريق السور', 4, 11, 58, 228, 54, '1عام', '13.18288500', '32.87468200', 0, '2014-11-02 14:23:47', '2014-11-03 13:08:50', 1),
(520, 14188, 'الصفاء', 4, 11, 58, 228, 54, '1عام', '13.19390200', '32.87286800', 0, '2014-11-02 14:23:47', '2014-11-03 13:08:50', 1),
(521, 14189, 'السراج', 4, 11, 58, 228, 54, '1عام', '13.17646600', '32.88009100', 0, '2014-11-02 14:23:47', '2014-11-03 13:08:50', 1),
(522, 14190, 'جمال عبد الناصر', 4, 11, 58, 229, 54, '1عام', '13.18070700', '32.88026900', 0, '2014-11-02 14:23:47', '2014-11-03 13:08:50', 1),
(523, 14191, 'باب بن غشير', 4, 11, 58, 229, 54, '1عام', '13.19320500', '32.86536100', 0, '2014-11-02 14:23:47', '2014-11-03 13:08:50', 1),
(524, 14192, 'الوحدة العربية', 4, 11, 59, 230, 55, '1عام', '13.08015600', '32.85479900', 0, '2014-11-02 14:23:47', '2014-11-03 13:08:50', 1),
(525, 14193, 'الغد المشرق', 4, 11, 59, 230, 55, '1عام', '13.09522200', '32.86178100', 0, '2014-11-02 14:23:47', '2014-11-03 13:08:50', 1),
(526, 14194, 'النساء الخالدات', 4, 11, 59, 230, 55, '1عام', '13.13823300', '32.87132300', 0, '2014-11-02 14:23:47', '2014-11-03 13:08:50', 1),
(527, 14195, 'حي الأثار', 4, 11, 59, 230, 55, '1عام', '13.11470800', '32.86073900', 0, '2014-11-02 14:23:47', '2014-11-03 13:08:50', 1),
(528, 14196, 'قرطبة', 4, 11, 59, 230, 55, '1عام', '13.12537300', '32.86918200', 0, '2014-11-02 14:23:47', '2014-11-03 13:08:50', 1),
(529, 14197, 'الأندلس الثانوية', 4, 11, 59, 230, 55, '1عام', '13.12381100', '32.87241200', 0, '2014-11-02 14:23:47', '2014-11-03 13:08:50', 1),
(530, 14198, 'غرناطة', 4, 11, 59, 230, 55, '1عام', '13.12196300', '32.87310900', 0, '2014-11-02 14:23:47', '2014-11-03 13:08:50', 1),
(531, 14199, 'فجر السلام', 4, 11, 59, 230, 55, '1عام', '13.13856400', '32.87038500', 0, '2014-11-02 14:23:47', '2014-11-03 13:08:50', 1),
(532, 14200, 'قرقارش الثانوية', 4, 11, 59, 230, 55, '1عام', '13.11091700', '32.86502200', 0, '2014-11-02 14:23:47', '2014-11-03 13:08:50', 1),
(533, 14201, 'موسى بن نصير', 4, 11, 59, 239, 55, '1عام', '13.14944300', '32.87575300', 0, '2014-11-02 14:23:47', '2014-11-03 13:08:50', 1),
(534, 14202, 'شهداء بدر', 4, 11, 59, 239, 55, '1عام', '13.15465400', '32.87099400', 0, '2014-11-02 14:23:47', '2014-11-03 13:08:50', 1),
(535, 14203, 'الاتحاد', 4, 11, 59, 239, 55, '1عام', '13.14145800', '32.86129200', 0, '2014-11-02 14:23:47', '2014-11-03 13:08:50', 1),
(536, 14204, 'شموع العلم', 4, 11, 59, 239, 55, '1عام', '13.14277400', '32.86595100', 0, '2014-11-02 14:23:47', '2014-11-03 13:08:50', 1),
(537, 14205, 'عبد الرحمن الداخل', 4, 11, 59, 239, 55, '1عام', '13.12578200', '32.86507500', 0, '2014-11-02 14:23:47', '2014-11-03 13:08:50', 1),
(538, 14206, 'فتح الفتوح', 4, 11, 59, 239, 55, '1عام', '13.14251900', '32.86420200', 0, '2014-11-02 14:23:47', '2014-11-03 13:08:50', 1),
(539, 14207, 'الدوحة', 4, 11, 59, 239, 55, '1عام', '13.12577900', '32.86503300', 0, '2014-11-02 14:23:47', '2014-11-03 13:08:50', 1),
(540, 14208, 'أم أيمن', 4, 11, 59, 239, 55, '1عام', '13.15396600', '32.87144400', 0, '2014-11-02 14:23:47', '2014-11-03 13:08:50', 1),
(541, 14209, 'تاقرفت', 4, 11, 59, 236, 55, '1عام', '13.09747600', '32.84068100', 0, '2014-11-02 14:23:47', '2014-11-03 13:08:50', 1),
(542, 14210, 'سواعد الوحدة', 4, 11, 59, 236, 55, '1عام', '13.08731100', '32.79051300', 0, '2014-11-02 14:23:47', '2014-11-03 13:08:50', 1),
(543, 14211, 'فتاة العصر', 4, 11, 59, 236, 55, '1عام', '13.07885200', '32.84175100', 0, '2014-11-02 14:23:47', '2014-11-03 13:08:50', 1),
(544, 14212, 'البيروني', 4, 11, 59, 236, 55, '1عام', '13.09284200', '32.84629200', 0, '2014-11-02 14:23:47', '2014-11-03 13:08:50', 1),
(545, 14213, 'راية الحرية', 4, 11, 59, 236, 55, '1عام', '13.09437100', '32.85571100', 0, '2014-11-02 14:23:47', '2014-11-03 13:08:50', 1),
(546, 14214, 'سهى بشارة', 4, 11, 59, 236, 55, '1عام', '13.10999900', '32.86087100', 0, '2014-11-02 14:23:47', '2014-11-03 13:08:50', 1),
(547, 14215, 'القادسية', 4, 11, 59, 236, 55, '1عام', '13.08622500', '32.84849100', 0, '2014-11-02 14:23:47', '2014-11-03 13:08:50', 1),
(548, 14216, 'المنهل', 4, 11, 59, 236, 55, '1عام', '13.08129500', '32.80707700', 0, '2014-11-02 14:23:47', '2014-11-03 13:08:50', 1),
(549, 14217, 'الغدير', 4, 11, 59, 236, 55, '1عام', '13.09770600', '32.81712200', 0, '2014-11-02 14:23:47', '2014-11-03 13:08:50', 1),
(550, 14218, 'جيل المستقبل', 4, 11, 59, 236, 55, '1عام', '13.11761100', '32.85747500', 0, '2014-11-02 14:23:47', '2014-11-03 13:08:50', 1),
(551, 14219, 'الشهيد رمضان السويحلي', 4, 11, 59, 236, 55, '1عام', '13.10639100', '32.85762500', 0, '2014-11-02 14:23:47', '2014-11-03 13:08:50', 1),
(552, 14220, 'النضال', 4, 11, 59, 236, 55, '1عام', '13.09552200', '32.85580100', 0, '2014-11-02 14:23:47', '2014-11-03 13:08:50', 1),
(553, 14221, 'صقور فبراير', 4, 11, 59, 236, 55, '1عام', '13.09321700', '32.84980500', 0, '2014-11-02 14:23:47', '2014-11-03 13:08:50', 1),
(554, 14222, 'عمر المختار', 4, 11, 59, 236, 55, '1عام', '13.09295200', '32.84910900', 0, '2014-11-02 14:23:47', '2014-11-03 13:08:50', 1),
(555, 14223, 'الكرامة', 4, 11, 59, 236, 55, '1عام', '13.09408800', '32.85609100', 0, '2014-11-02 14:23:47', '2014-11-03 13:08:50', 1),
(556, 14224, 'الكفاح', 4, 11, 59, 236, 55, '1عام', '13.11018100', '32.85984500', 0, '2014-11-02 14:23:47', '2014-11-03 13:08:50', 1),
(557, 14225, 'إبن ماجد', 4, 11, 59, 236, 55, '1عام', '13.10668100', '32.85648500', 0, '2014-11-02 14:23:47', '2014-11-03 13:08:50', 1),
(558, 14226, 'بيت المقدس الثانوية', 4, 11, 59, 237, 55, '1عام', '13.12714300', '32.85697500', 0, '2014-11-02 14:23:47', '2014-11-03 13:08:50', 1),
(559, 14227, 'بدرالكبرى', 4, 11, 59, 237, 55, '1عام', '13.13124400', '32.85361500', 0, '2014-11-02 14:23:47', '2014-11-03 13:08:50', 1),
(560, 14228, 'ابو بكر الصديق', 4, 11, 59, 237, 55, '1عام', '13.12868500', '32.84813500', 0, '2014-11-02 14:23:47', '2014-11-03 13:08:50', 1),
(561, 14229, 'ابي ذر الغفاري', 4, 11, 59, 237, 55, '1عام', '13.11585600', '32.85047900', 0, '2014-11-02 14:23:47', '2014-11-03 13:08:50', 1),
(562, 14230, 'الشموخ', 4, 11, 59, 237, 55, '1عام', '13.11771700', '32.84280500', 0, '2014-11-02 14:23:47', '2014-11-03 13:08:50', 1),
(563, 14231, 'شهداء طرابلس', 4, 11, 59, 237, 55, '1عام', '13.12549400', '32.84395200', 0, '2014-11-02 14:23:47', '2014-11-03 13:08:50', 1),
(564, 14232, 'حسان بن ثابت', 4, 11, 59, 237, 55, '1عام', '13.13109200', '32.85425500', 0, '2014-11-02 14:23:47', '2014-11-03 13:08:50', 1),
(565, 14233, 'العهد الجديد', 4, 11, 59, 237, 55, '1عام', '13.12641600', '32.85189500', 0, '2014-11-02 14:23:47', '2014-11-03 13:08:50', 1),
(566, 14234, 'شهداء الواجب', 4, 11, 59, 237, 55, '1عام', '13.12663800', '32.84364100', 0, '2014-11-02 14:23:47', '2014-11-03 13:08:50', 1),
(567, 14235, 'الاستقلال', 4, 11, 59, 237, 55, '1عام', '13.12785600', '32.85143500', 0, '2014-11-02 14:23:47', '2014-11-03 13:08:50', 1),
(568, 14236, 'ذات النطاقين', 4, 11, 59, 237, 55, '1عام', '13.17813200', '32.85449300', 0, '2014-11-02 14:23:47', '2014-11-03 13:08:50', 1),
(569, 14237, 'سالم عبدالنبي', 4, 11, 59, 237, 55, '1عام', '13.11747300', '32.84350400', 0, '2014-11-02 14:23:47', '2014-11-03 13:08:50', 1),
(570, 14238, 'النور', 4, 11, 59, 237, 55, '1عام', '13.13618300', '32.85357900', 0, '2014-11-02 14:23:47', '2014-11-03 13:08:50', 1),
(571, 14239, 'القدس', 4, 11, 59, 237, 55, '1عام', '13.12688600', '32.85782600', 0, '2014-11-02 14:23:47', '2014-11-03 13:08:50', 1),
(572, 14240, 'عمر بن عبدالعزيز', 4, 11, 59, 237, 55, '1عام', '13.12950100', '32.84818600', 0, '2014-11-02 14:23:47', '2014-11-03 13:08:50', 1),
(573, 14241, 'جنزور الثانوية', 4, 11, 60, 238, 58, '1عام', '13.01690600', '32.82639200', 0, '2014-11-02 14:23:47', '2014-11-03 13:08:50', 1),
(574, 14242, 'شهداء بالروين', 4, 11, 60, 238, 58, '1عام', '13.01877700', '32.80873800', 0, '2014-11-02 14:23:47', '2014-11-03 13:08:50', 1),
(575, 14243, 'اليرموك', 4, 11, 60, 238, 58, '1عام', '13.00781900', '32.81400600', 0, '2014-11-02 14:23:47', '2014-11-03 13:08:50', 1),
(576, 14244, 'ذات الصواري', 4, 11, 60, 254, 58, '1عام', '13.02175700', '32.82298300', 0, '2014-11-02 14:23:47', '2014-11-03 13:08:50', 1),
(577, 14245, 'أولاد سويسي', 4, 11, 60, 254, 58, '1عام', '13.03395000', '32.82119600', 0, '2014-11-02 14:23:47', '2014-11-03 13:08:50', 1),
(578, 14246, 'زيد بن حارثة', 4, 11, 60, 254, 58, '1عام', '13.05340200', '32.78784400', 0, '2014-11-02 14:23:47', '2014-11-03 13:08:50', 1),
(579, 14247, 'الفالوجة', 4, 11, 60, 254, 58, '1عام', '13.07151500', '32.83458600', 0, '2014-11-02 14:23:47', '2014-11-03 13:08:50', 1),
(580, 14248, 'بيت الحكمة', 4, 11, 60, 254, 58, '1عام', '13.03332700', '32.84221400', 0, '2014-11-02 14:23:47', '2014-11-03 13:08:50', 1),
(581, 14249, 'التحرير', 4, 11, 60, 254, 58, '1عام', '13.04229300', '32.84702200', 0, '2014-11-02 14:23:47', '2014-11-03 13:08:50', 1),
(582, 14250, 'قار يونس', 4, 11, 60, 254, 58, '1عام', '13.03419200', '32.83890300', 0, '2014-11-02 14:23:47', '2014-11-03 13:08:50', 1),
(583, 14251, 'ثانوية المجد', 4, 11, 60, 254, 58, '1عام', '13.04198400', '32.84695100', 0, '2014-11-02 14:23:47', '2014-11-03 13:08:50', 1),
(584, 14252, 'الغيران الجنوبية', 4, 11, 60, 254, 58, '1عام', '13.06183600', '32.81861900', 0, '2014-11-02 14:23:47', '2014-11-03 13:08:50', 1),
(585, 14253, '17فبراير', 4, 11, 60, 254, 58, '1عام', '13.03611400', '32.81919700', 0, '2014-11-02 14:23:47', '2014-11-03 13:08:50', 1),
(586, 14254, 'ثانوية الحشان', 4, 11, 60, 255, 58, '1عام', '12.92364200', '32.76444400', 0, '2014-11-02 14:23:47', '2014-11-03 13:08:50', 1),
(587, 14255, 'عبدالله بن رواحه', 4, 11, 60, 255, 58, '1عام', '12.91917900', '32.75542400', 0, '2014-11-02 14:23:47', '2014-11-03 13:08:50', 1),
(588, 14256, 'صياد الثانوية', 4, 11, 60, 256, 58, '1عام', '12.96249100', '32.81126800', 0, '2014-11-02 14:23:47', '2014-11-03 13:08:50', 1),
(589, 14257, 'الأصيل', 4, 11, 60, 256, 58, '1عام', '12.94340900', '32.80681800', 0, '2014-11-02 14:23:47', '2014-11-03 13:08:50', 1),
(590, 14258, 'نجلاء الخالدية', 4, 11, 60, 256, 58, '1عام', '12.97637700', '32.81570600', 0, '2014-11-02 14:23:47', '2014-11-03 13:08:50', 1),
(591, 14259, 'السهل الأخضر', 4, 11, 60, 256, 58, '1عام', '12.92993900', '32.78363400', 0, '2014-11-02 14:23:47', '2014-11-03 13:08:50', 1),
(592, 14260, 'فجر عروس البحر', 4, 11, 60, 257, 58, '1عام', '12.98907600', '32.81933200', 0, '2014-11-02 14:23:47', '2014-11-03 13:08:50', 1),
(593, 14261, 'سيدي عبداللطيف', 4, 11, 60, 257, 58, '1عام', '12.99153100', '32.82491600', 0, '2014-11-02 14:23:47', '2014-11-03 13:08:50', 1),
(594, 14262, 'أبطال الحجارة', 4, 11, 60, 257, 58, '1عام', '13.00398300', '32.82238600', 0, '2014-11-02 14:23:47', '2014-11-03 13:08:50', 1),
(595, 14263, 'شهداء جنزور', 4, 11, 60, 258, 58, '1عام', '13.00151300', '32.80514700', 0, '2014-11-02 14:23:47', '2014-11-03 13:08:50', 1),
(596, 14264, 'الوطن العربي', 4, 11, 60, 258, 58, '1عام', '12.99866100', '32.79251900', 0, '2014-11-02 14:23:47', '2014-11-03 13:08:50', 1),
(597, 14265, 'عمار بن ياسر', 4, 11, 60, 258, 58, '1عام', '12.98344400', '32.79776400', 0, '2014-11-02 14:23:47', '2014-11-03 13:08:50', 1),
(598, 14266, 'شمس الحرية', 4, 11, 60, 258, 58, '1عام', '12.99195100', '32.81379700', 0, '2014-11-02 14:23:47', '2014-11-03 13:08:50', 1),
(599, 14267, 'الثورة', 4, 11, 60, 258, 58, '1عام', '13.01618300', '32.78609100', 0, '2014-11-02 14:23:47', '2014-11-03 13:08:50', 1),
(600, 14268, 'شهداء الجمعة الثانوية', 4, 11, 60, 258, 58, '1عام', '13.00469100', '32.79963400', 0, '2014-11-02 14:23:47', '2014-11-03 13:08:50', 1),
(601, 14269, 'نجيلة الثانوية', 4, 11, 60, 259, 58, '1عام', '13.00344500', '32.77548100', 0, '2014-11-02 14:23:47', '2014-11-03 13:08:50', 1),
(602, 14270, 'أحفاد المختار', 4, 11, 60, 259, 58, '1عام', '13.00947300', '32.77017100', 0, '2014-11-02 14:23:47', '2014-11-03 13:08:50', 1),
(603, 14271, 'حي المجاهد', 4, 11, 60, 259, 58, '1عام', '13.00367700', '32.77116600', 0, '2014-11-02 14:23:47', '2014-11-03 13:08:50', 1),
(604, 14272, 'أفريقيا', 4, 11, 60, 260, 58, '1عام', '13.07397400', '32.83555100', 0, '2014-11-02 14:23:47', '2014-11-03 13:08:50', 1),
(605, 14273, 'مدرسة جعفر بن ابي طالب', 4, 11, 62, 189, 50, '1عام', '', '', 0, '2014-11-02 14:23:47', '2014-11-03 13:08:50', 1),
(606, 14274, 'خلوة فطرة', 4, 11, 62, 189, 50, '1عام', '', '', 0, '2014-11-02 14:23:47', '2014-11-03 13:08:50', 1),
(607, 14275, 'شهداء الفرناج', 4, 11, 62, 261, 63, '1عام', '13.14092000', '32.51132000', 0, '2014-11-02 14:23:47', '2014-11-03 13:08:50', 1),
(608, 14400, 'مخيم نازحين, الفلاح, خلف مكتب الهيئة الليبية للأغاثة', 4, 9, 46, NULL, NULL, '2نازحين', '13.14706800', '32.85378900', 0, '2014-11-02 14:23:47', '2014-11-03 13:08:50', 1),
(609, 14500, 'مخيم نازحين, الاكاديمية البحرية, جنزور', 4, 9, 46, NULL, NULL, '2نازحين', '13.00771100', '32.83491100', 0, '2014-11-02 14:23:47', '2014-11-03 13:08:50', 1),
(610, 14600, 'مخازن الهيئة الليبية للأغاثة طرابلس, طريق المطار بالقرب من خزانات النفط', 4, 9, 46, NULL, NULL, '2نازحين', '13.14706700', '32.82596300', 0, '2014-11-02 14:23:47', '2014-11-03 13:08:50', 1),
(611, 14701, '', 4, 0, 0, NULL, NULL, '', '', '', 0, '2014-11-02 14:23:47', '2014-11-03 13:08:50', 1),
(612, 15001, 'بئر تاهللت', 5, 12, 65, 262, 64, '1عام', '13.14706700', '32.82596300', 0, '2014-11-02 14:23:47', '2014-11-03 13:08:50', 1),
(613, 15002, 'الوحدة', 5, 12, 65, 263, 65, '1عام', '13.05236800', '32.55574200', 0, '2014-11-02 14:23:47', '2014-11-03 13:08:50', 1),
(614, 15003, 'جمال عبدالناصر (بنات)', 5, 12, 65, 264, 64, '1عام', '12.91753300', '32.63282400', 0, '2014-11-02 14:23:47', '2014-11-03 13:08:50', 1),
(615, 15004, 'أبوبكر الصديق', 5, 12, 65, 265, 64, '1عام', '12.95026800', '32.54234900', 0, '2014-11-02 14:23:47', '2014-11-03 13:08:50', 1),
(616, 15005, 'الزيات', 5, 12, 65, 265, 64, '1عام', '12.91980800', '32.59600100', 0, '2014-11-02 14:23:47', '2014-11-03 13:08:50', 1),
(617, 15006, 'السعداوي نصر', 5, 12, 65, 266, 64, '1عام', '12.99439700', '32.56156300', 0, '2014-11-02 14:23:47', '2014-11-03 13:08:50', 1),
(618, 15007, 'أول نوفمبر', 5, 12, 65, 266, 64, '1عام', '12.98703700', '32.53072400', 0, '2014-11-02 14:23:47', '2014-11-03 13:08:50', 1),
(619, 15008, 'القدس الثانوية', 5, 12, 65, 262, 64, '1عام', '13.01542400', '32.53413900', 0, '2014-11-02 14:23:47', '2014-11-03 13:08:50', 1),
(620, 15009, 'أولاد عوين', 5, 12, 65, 267, 64, '1عام', '13.02975300', '32.61623300', 0, '2014-11-02 14:23:47', '2014-11-03 13:08:50', 1),
(621, 15010, 'اليرموك', 5, 12, 65, 268, 64, '1عام', '12.98337700', '32.61559000', 0, '2014-11-02 14:23:47', '2014-11-03 13:08:50', 1),
(622, 15011, 'حمزة بن عبدالمطلب', 5, 12, 65, 268, 64, '1عام', '12.99704800', '32.60574400', 0, '2014-11-02 14:23:47', '2014-11-03 13:08:50', 1),
(623, 15012, 'الساعدية الشرقية', 5, 12, 65, 267, 64, '1عام', '13.06665556', '32.59272500', 0, '2014-11-02 14:23:47', '2014-11-03 13:08:50', 1),
(624, 15013, 'جمال عبدالناصر', 5, 12, 65, 269, 66, '1عام', '12.91749000', '32.63281900', 0, '2014-11-02 14:23:47', '2014-11-03 13:08:50', 1),
(625, 15014, 'الرفافية', 5, 12, 65, 270, 66, '1عام', '12.96794200', '32.65897200', 0, '2014-11-02 14:23:47', '2014-11-03 13:08:50', 1),
(626, 15015, 'العامرية الإعدادية', 5, 12, 65, 269, 66, '1عام', '12.95172800', '32.63560400', 0, '2014-11-02 14:23:47', '2014-11-03 13:08:50', 1),
(627, 15016, 'الشروق', 5, 12, 66, 271, 67, '1عام', '13.08447300', '32.69393300', 0, '2014-11-02 14:23:47', '2014-11-03 13:08:50', 1),
(628, 15017, 'السواني الثانوية', 5, 12, 66, 271, 67, '1عام', '13.06153200', '32.69366300', 0, '2014-11-02 14:23:47', '2014-11-03 13:08:50', 1),
(629, 15018, 'شهداء السواني', 5, 12, 66, 271, 67, '1عام', '13.06707700', '32.71334300', 0, '2014-11-02 14:23:47', '2014-11-03 13:08:50', 1),
(630, 15019, 'عبدالرحمن الداخل', 5, 12, 66, 272, 67, '1عام', '13.00493100', '32.74800500', 0, '2014-11-02 14:23:47', '2014-11-03 13:08:50', 1),
(631, 15020, 'السهلة', 5, 12, 66, 272, 67, '1عام', '12.94253500', '32.74005900', 0, '2014-11-02 14:23:47', '2014-11-03 13:08:50', 1),
(632, 15021, 'الكريمية الثانوية', 5, 12, 66, 273, 67, '1عام', '13.09340400', '32.75752800', 0, '2014-11-02 14:23:47', '2014-11-03 13:08:50', 1),
(633, 15022, 'الربيع', 5, 12, 66, 274, 67, '1عام', '12.93262500', '32.70618300', 0, '2014-11-02 14:23:47', '2014-11-03 13:08:50', 1),
(634, 15023, 'جامع التوغار الثانوية', 5, 12, 66, 275, 67, '1عام', '13.05070800', '32.66050500', 0, '2014-11-02 14:23:47', '2014-11-03 13:08:50', 1),
(635, 15024, 'غوط أبوساق', 5, 12, 66, 274, 67, '1عام', '13.01979900', '32.67758500', 0, '2014-11-02 14:23:47', '2014-11-03 13:08:50', 1),
(636, 15025, 'السواني المركزية', 5, 12, 66, 271, 67, '1عام', '13.06799722', '32.71008889', 0, '2014-11-02 14:23:47', '2014-11-03 13:08:50', 1),
(637, 15026, 'شهداء الخالصه', 5, 12, 66, 271, 67, '1عام', '12.96008333', '32.69593889', 0, '2014-11-02 14:23:47', '2014-11-03 13:08:50', 1),
(638, 15027, 'الانتصار', 5, 12, 66, 271, 67, '1عام', '13.04036000', '32.72593300', 0, '2014-11-02 14:23:47', '2014-11-03 13:08:50', 1),
(639, 15028, 'شهداء الواجب', 5, 12, 66, 275, 67, '1عام', '13.07314500', '32.65917800', 0, '2014-11-02 14:23:47', '2014-11-03 13:08:50', 1),
(640, 15029, 'أوفياء ليبيا', 5, 12, 63, 241, 59, '1عام', '12.88443000', '32.80149800', 0, '2014-11-02 14:23:47', '2014-11-03 13:08:50', 1),
(641, 15030, 'بشير صولة', 5, 12, 63, 241, 59, '1عام', '12.88274800', '32.79133700', 0, '2014-11-02 14:23:47', '2014-11-03 13:08:50', 1),
(642, 15031, 'إبن خلدون للتعليم الأساسي', 5, 12, 63, 240, 59, '1عام', '12.90757600', '32.77047900', 0, '2014-11-02 14:23:47', '2014-11-03 13:08:50', 1),
(643, 15032, 'الطويبية الثانوية', 5, 12, 63, 276, 59, '1عام', '12.85724700', '32.77313600', 0, '2014-11-02 14:23:47', '2014-11-03 13:08:50', 1),
(644, 15033, 'الطينة الشرقية', 5, 12, 63, 240, 59, '1عام', '12.89030500', '32.75331200', 0, '2014-11-02 14:23:47', '2014-11-03 13:08:50', 1),
(645, 15034, 'صلاح الدين للتعليم الأساسي', 5, 12, 63, 240, 59, '1عام', '12.86537900', '32.76834900', 0, '2014-11-02 14:23:47', '2014-11-03 13:08:50', 1),
(646, 15035, 'الماية الجنوبية', 5, 12, 63, 241, 59, '1عام', '12.88998889', '32.78091389', 0, '2014-11-02 14:23:47', '2014-11-03 13:08:50', 1),
(647, 15036, 'الجيل الجديد', 5, 12, 63, 242, 59, '1عام', '12.83221667', '32.72052500', 0, '2014-11-02 14:23:47', '2014-11-03 13:08:50', 1),
(648, 15037, 'المعمورة الثانوية', 5, 12, 63, 243, 60, '1عام', '12.85466000', '32.72105800', 0, '2014-11-02 14:23:47', '2014-11-03 13:08:50', 1),
(649, 15038, 'إبن سيناء', 5, 12, 63, 244, 60, '1عام', '12.88410000', '32.72283500', 0, '2014-11-02 14:23:47', '2014-11-03 13:08:50', 1),
(650, 15039, 'قرقوزة المركزية', 5, 12, 63, 245, 60, '1عام', '12.82865900', '32.74824600', 0, '2014-11-02 14:23:47', '2014-11-03 13:08:50', 1),
(651, 15040, 'قرقوزة الشرقية', 5, 12, 63, 245, 60, '1عام', '12.84485900', '32.74397600', 0, '2014-11-02 14:23:47', '2014-11-03 13:08:50', 1),
(652, 15041, 'قرقوزة الغربية', 5, 12, 63, 245, 60, '1عام', '12.82393100', '32.74696600', 0, '2014-11-02 14:23:47', '2014-11-03 13:08:50', 1),
(653, 15042, 'الزهراء الوسطى', 5, 12, 64, 246, 61, '1عام', '12.86360500', '32.65195600', 0, '2014-11-02 14:23:47', '2014-11-03 13:08:50', 1),
(654, 15043, 'الجليدة المركزية', 5, 12, 64, 247, 61, '1عام', '12.80035700', '32.58505400', 0, '2014-11-02 14:23:47', '2014-11-03 13:08:50', 1);
INSERT INTO `centers` (`idcenter`, `center_id`, `name`, `office_idoffice`, `constituency_idconstituency`, `subconstituency_idsubconstituency`, `mahalla_idmahalla`, `village_idvillage`, `center_type`, `center_lat`, `center_log`, `center_id_2012`, `creation_date`, `modify_date`, `status`) VALUES
(655, 15044, 'الناصرية المركزية', 5, 12, 64, 248, 61, '1عام', '12.87458700', '32.63067700', 0, '2014-11-02 14:23:47', '2014-11-03 13:08:50', 1),
(656, 15045, 'بئر بن سالم', 5, 12, 64, 249, 61, '1عام', '12.91721500', '32.61277500', 0, '2014-11-02 14:23:47', '2014-11-03 13:08:50', 1),
(657, 15046, 'الناصرية الثانوية', 5, 12, 64, 248, 61, '1عام', '12.87499900', '32.63286300', 0, '2014-11-02 14:23:47', '2014-11-03 13:08:50', 1),
(658, 15047, 'الحاثة', 5, 12, 64, 248, 61, '1عام', '12.82615000', '32.63378400', 0, '2014-11-02 14:23:47', '2014-11-03 13:08:50', 1),
(659, 15048, 'التقدم', 5, 12, 64, 250, 61, '1عام', '12.88971500', '32.60404100', 0, '2014-11-02 14:23:47', '2014-11-03 13:08:50', 1),
(660, 15049, 'مدرسة التضامن', 5, 12, 64, 248, 61, '1عام', '12.82606111', '32.60789167', 0, '2014-11-02 14:23:47', '2014-11-03 13:08:50', 1),
(661, 15050, 'الإتحاد الإفريقي', 5, 12, 64, 251, 62, '1عام', '12.87761000', '32.67613600', 0, '2014-11-02 14:23:47', '2014-11-03 13:08:50', 1),
(662, 15051, 'فاطمة الزهراء بنات', 5, 12, 64, 251, 62, '1عام', '12.86979300', '32.68084600', 0, '2014-11-02 14:23:47', '2014-11-03 13:08:50', 1),
(663, 15052, 'خالد بن الوليد', 5, 12, 64, 252, 62, '1عام', '12.83701300', '32.69150200', 0, '2014-11-02 14:23:47', '2014-11-03 13:08:50', 1),
(664, 15053, 'الفليجات', 5, 12, 64, 253, 62, '1عام', '12.82022400', '32.66026200', 0, '2014-11-02 14:23:47', '2014-11-03 13:08:50', 1),
(665, 15054, 'علي بن ابي طالب', 5, 12, 64, 297, 62, '1عام', '12.91172300', '32.69331800', 0, '2014-11-02 14:23:47', '2014-11-03 13:08:50', 1),
(666, 15055, 'مسعود سويسي', 5, 12, 67, 298, 12, '1عام', '13.15049700', '32.69122100', 0, '2014-11-02 14:23:47', '2014-11-03 13:08:50', 1),
(667, 15056, 'الرملة', 5, 12, 67, 23, 12, '1عام', '13.12308400', '32.67019600', 0, '2014-11-02 14:23:47', '2014-11-03 13:08:50', 1),
(668, 15057, 'شهداء بن غشير', 5, 12, 67, 299, 12, '1عام', '13.18894100', '32.66012100', 0, '2014-11-02 14:23:47', '2014-11-03 13:08:50', 1),
(669, 15058, 'السدرة', 5, 12, 67, 23, 12, '1عام', '13.13991600', '32.64414300', 0, '2014-11-02 14:23:47', '2014-11-03 13:08:50', 1),
(670, 15059, 'عبدالقادر الجزائري', 5, 12, 67, 300, 12, '1عام', '13.17650200', '32.59384000', 0, '2014-11-02 14:23:47', '2014-11-03 13:08:50', 1),
(671, 15060, 'شيخ الشهداء', 5, 12, 67, 300, 12, '1عام', '13.21256000', '32.59991600', 0, '2014-11-02 14:23:47', '2014-11-03 13:08:50', 1),
(672, 15061, 'سوق السبت بنات', 5, 12, 67, 300, 12, '1عام', '13.17420900', '32.59933500', 0, '2014-11-02 14:23:47', '2014-11-03 13:08:50', 1),
(673, 15062, 'أبي القاسم للتعليم الأساسي', 5, 12, 67, 300, 12, '1عام', '13.16903600', '32.57111300', 0, '2014-11-02 14:23:47', '2014-11-03 13:08:50', 1),
(674, 15063, 'المصير', 5, 12, 67, 299, 12, '1عام', '13.21817900', '32.69038400', 0, '2014-11-02 14:23:47', '2014-11-03 13:08:50', 1),
(675, 15064, 'الغزالي', 5, 12, 67, 299, 12, '1عام', '13.19746800', '32.71695600', 0, '2014-11-02 14:23:47', '2014-11-03 13:08:50', 1),
(676, 15065, 'الزبير بن العوام', 5, 12, 67, 299, 12, '1عام', '13.18722300', '32.68774900', 0, '2014-11-02 14:23:47', '2014-11-03 13:08:50', 1),
(677, 15066, 'إبن سيناء', 5, 12, 67, 298, 12, '1عام', '13.13366600', '32.69607100', 0, '2014-11-02 14:23:47', '2014-11-03 13:08:50', 1),
(678, 15067, 'عبدالله بن الزبير', 5, 12, 67, 298, 12, '1عام', '13.15293700', '32.71754400', 0, '2014-11-02 14:23:47', '2014-11-03 13:08:50', 1),
(679, 15068, 'خلة القفر', 5, 12, 67, 298, 12, '1عام', '13.18607100', '32.76381800', 0, '2014-11-02 14:23:47', '2014-11-03 13:08:50', 1),
(680, 15069, 'ردود الزاوية', 5, 12, 67, 298, 12, '1عام', '13.15411300', '32.69889500', 0, '2014-11-02 14:23:47', '2014-11-03 13:08:50', 1),
(681, 15070, 'خويلد الجديدة', 5, 12, 67, 298, 12, '1عام', '13.12658300', '32.71307900', 0, '2014-11-02 14:23:47', '2014-11-03 13:08:50', 1),
(682, 15071, 'عثمان بن عفان', 5, 12, 67, 301, 12, '1عام', '13.26708100', '32.67594000', 0, '2014-11-02 14:23:47', '2014-11-03 13:08:50', 1),
(683, 15072, 'درع ليبيا', 5, 12, 67, 301, 12, '1عام', '13.23326400', '32.74826400', 0, '2014-11-02 14:23:47', '2014-11-03 13:08:50', 1),
(684, 15073, 'أمل الشعوب', 5, 12, 67, 301, 12, '1عام', '13.23338000', '32.70138100', 0, '2014-11-02 14:23:47', '2014-11-03 13:08:50', 1),
(685, 15074, 'التحرير للعلوم الاساسية', 5, 12, 67, 298, 12, '1عام', '13.17819900', '32.68860900', 0, '2014-11-02 14:23:47', '2014-11-03 13:08:50', 1),
(686, 15075, 'شهداء بن عون', 5, 12, 67, 298, 12, '1عام', '13.19782000', '32.75487900', 0, '2014-11-02 14:23:47', '2014-11-03 13:08:50', 1),
(687, 15076, 'الزيتونة للعلوم الاساسية', 5, 12, 67, 23, 12, '1عام', '13.12490400', '32.68239500', 0, '2014-11-02 14:23:47', '2014-11-03 13:08:50', 1),
(688, 15077, 'ثانوية قصر بن غشير', 5, 12, 67, 298, 12, '1عام', '13.17491500', '32.68328900', 0, '2014-11-02 14:23:47', '2014-11-03 13:08:50', 1),
(689, 15078, 'فندق الشريف', 5, 12, 67, 23, 12, '1عام', '13.16882500', '32.62654722', 0, '2014-11-02 14:23:47', '2014-11-03 13:08:50', 1),
(690, 15079, 'نصر شنب', 5, 12, 67, 300, 12, '1عام', '13.22469722', '32.61795278', 0, '2014-11-02 14:23:47', '2014-11-03 13:08:50', 1),
(691, 15080, 'مدرسة أبوعائشة', 5, 12, 68, 277, 68, '1عام', '13.33575100', '32.51116800', 0, '2014-11-02 14:23:47', '2014-11-03 13:08:50', 1),
(692, 15081, 'وادي الربيع للتعليم المتوسط', 5, 12, 68, 278, 68, '1عام', '13.31085100', '32.70161900', 0, '2014-11-02 14:23:47', '2014-11-03 13:08:50', 1),
(693, 15082, 'بئر دياب الثانوية', 5, 12, 68, 279, 68, '1عام', '13.28640800', '32.64941000', 0, '2014-11-02 14:23:47', '2014-11-03 13:08:50', 1),
(694, 15083, 'المعرفة', 5, 12, 68, 280, 68, '1عام', '13.30109700', '32.57459800', 0, '2014-11-02 14:23:47', '2014-11-03 13:08:50', 1),
(695, 15084, 'المدينة الجديدة', 5, 12, 68, 281, 68, '1عام', '13.27933000', '32.57415600', 0, '2014-11-02 14:23:47', '2014-11-03 13:08:50', 1),
(696, 15085, 'أبوشيبة', 5, 12, 68, 281, 68, '1عام', '13.27008400', '32.54300900', 0, '2014-11-02 14:23:47', '2014-11-03 13:08:50', 1),
(697, 15086, 'راية الإسلام', 5, 12, 68, 282, 68, '1عام', '13.25725500', '32.52939200', 0, '2014-11-02 14:23:47', '2014-11-03 13:08:50', 1),
(698, 15087, 'المجاهدين', 5, 12, 68, 282, 68, '1عام', '13.22296300', '32.59083300', 0, '2014-11-02 14:23:47', '2014-11-03 13:08:50', 1),
(699, 15088, 'شهداء الختنة', 5, 12, 68, 283, 69, '1عام', '13.21911000', '32.52946200', 0, '2014-11-02 14:23:47', '2014-11-03 13:08:50', 1),
(700, 15089, 'الظهرة الكبيرة', 5, 12, 68, 284, 69, '1عام', '13.25923300', '32.50876700', 0, '2014-11-02 14:23:47', '2014-11-03 13:08:50', 1),
(701, 15090, 'سيدي بالريش', 5, 12, 68, 285, 69, '1عام', '13.22841000', '32.38084100', 0, '2014-11-02 14:23:47', '2014-11-03 13:08:50', 1),
(702, 15091, 'وادي المجينين الثانوية', 5, 12, 68, 285, 69, '1عام', '13.26117700', '32.29839900', 0, '2014-11-02 14:23:47', '2014-11-03 13:08:50', 1),
(703, 15092, 'مدرسة إبن حسن', 5, 12, 68, 286, 69, '1عام', '13.28372300', '32.44411400', 0, '2014-11-02 14:23:47', '2014-11-03 13:08:50', 1),
(704, 15093, 'الحي الصناعي', 5, 12, 68, 287, 69, '1عام', '13.23760300', '32.41315900', 0, '2014-11-02 14:23:47', '2014-11-03 13:08:50', 1),
(705, 15094, 'عمر بن عبدالعزيز', 5, 12, 68, 287, 69, '1عام', '13.23233600', '32.48232900', 0, '2014-11-02 14:23:47', '2014-11-03 13:08:50', 1),
(706, 15095, 'عمر المختار', 5, 12, 68, 288, 69, '1عام', '13.26733300', '32.30194200', 0, '2014-11-02 14:23:47', '2014-11-03 13:08:50', 1),
(707, 15096, 'شهداء أولاد أبوعائشة', 5, 12, 68, 289, 70, '1عام', '12.99486600', '32.36028600', 0, '2014-11-02 14:23:47', '2014-11-03 13:08:50', 1),
(708, 15097, 'خالد بن الوليد', 5, 12, 68, 289, 70, '1عام', '13.16007600', '32.33900200', 0, '2014-11-02 14:23:47', '2014-11-03 13:08:50', 1),
(709, 15098, 'سالم التير', 5, 12, 68, 290, 70, '1عام', '13.08537800', '32.49131300', 0, '2014-11-02 14:23:47', '2014-11-03 13:08:50', 1),
(710, 15099, 'القادسية', 5, 12, 68, 290, 70, '1عام', '13.14262800', '32.49911500', 0, '2014-11-02 14:23:47', '2014-11-03 13:08:50', 1),
(711, 15100, 'شهداء أبوعرقوب الثانوية', 5, 12, 68, 291, 70, '1عام', '13.17661700', '32.54227400', 0, '2014-11-02 14:23:47', '2014-11-03 13:08:50', 1),
(712, 15101, 'طلائع النصر', 5, 12, 68, 291, 70, '1عام', '13.19248900', '32.51125400', 0, '2014-11-02 14:23:47', '2014-11-03 13:08:50', 1),
(713, 15102, 'طارق بن زياد', 5, 12, 68, 292, 70, '1عام', '13.08392000', '32.34174300', 0, '2014-11-02 14:23:47', '2014-11-03 13:08:50', 1),
(714, 16001, 'شهداء اولاد صقر', 6, 13, 69, 293, 13, '1عام', '12.65294200', '32.59211400', 0, '2014-11-02 14:23:47', '2014-11-03 13:08:50', 1),
(715, 16002, 'الصحابة', 6, 13, 69, 293, 13, '1عام', '12.69534400', '32.75365600', 0, '2014-11-02 14:23:47', '2014-11-03 13:08:50', 1),
(716, 16003, 'شهداء بنغازي', 6, 13, 69, 293, 13, '1عام', '12.69123100', '32.73081400', 0, '2014-11-02 14:23:47', '2014-11-03 13:08:50', 1),
(717, 16004, 'شهداء الحرشة', 6, 13, 69, 294, 13, '1عام', '12.67138300', '32.76156700', 0, '2014-11-02 14:23:47', '2014-11-03 13:08:50', 1),
(718, 16005, 'صلاح الدين', 6, 13, 69, 294, 13, '1عام', '12.66747200', '32.70035300', 0, '2014-11-02 14:23:47', '2014-11-03 13:08:50', 1),
(719, 16006, 'المجد', 6, 13, 69, 294, 13, '1عام', '12.57465000', '32.62086944', 0, '2014-11-02 14:23:47', '2014-11-03 13:08:50', 1),
(720, 16007, '17فبراير', 6, 13, 69, 295, 13, '1عام', '12.72535600', '32.75973100', 0, '2014-11-02 14:23:47', '2014-11-03 13:08:50', 1),
(721, 16008, 'جيل الثورة', 6, 13, 69, 296, 13, '1عام', '12.63313600', '32.74409200', 0, '2014-11-02 14:23:47', '2014-11-03 13:08:50', 1),
(722, 16009, 'بئر الشاوش', 6, 13, 69, 296, 13, '1عام', '12.60213300', '32.70958100', 0, '2014-11-02 14:23:47', '2014-11-03 13:08:50', 1),
(723, 16010, 'الكرامة', 6, 13, 69, 311, 13, '1عام', '12.67186900', '32.78261700', 0, '2014-11-02 14:23:47', '2014-11-03 13:08:50', 1),
(724, 16011, 'الشيخ الطاهر الزاوي', 6, 13, 69, 311, 13, '1عام', '12.69046800', '32.76420100', 0, '2014-11-02 14:23:47', '2014-11-03 13:08:50', 1),
(725, 16012, 'الرقوبة أبي عيسى', 6, 13, 69, 312, 13, '1عام', '12.62065800', '32.75186900', 0, '2014-11-02 14:23:47', '2014-11-03 13:08:50', 1),
(726, 16013, 'المجاهد عبد الحميد الصغير', 6, 13, 69, 313, 13, '1عام', '12.73448300', '32.77630600', 0, '2014-11-02 14:23:47', '2014-11-03 13:08:50', 1),
(727, 16014, 'البشائر للتعليم الاساسي', 6, 13, 69, 314, 13, '1عام', '12.64441400', '32.45578900', 0, '2014-11-02 14:23:47', '2014-11-03 13:08:50', 1),
(728, 16015, 'الطليعة', 6, 13, 69, 315, 13, '1عام', '12.72250300', '32.76528600', 0, '2014-11-02 14:23:47', '2014-11-03 13:08:50', 1),
(729, 16016, 'فاطمة الزهراء', 6, 13, 69, 315, 13, '1عام', '12.72940000', '32.75891400', 0, '2014-11-02 14:23:47', '2014-11-03 13:08:50', 1),
(730, 16017, 'شهداء أبي عيسي', 6, 13, 69, NULL, 13, '1عام', '12.63580800', '32.75861700', 0, '2014-11-02 14:23:47', '2014-11-03 13:08:50', 1),
(731, 16018, 'الصابرية الاعدادية', 6, 13, 69, 302, 13, '1عام', '12.65339400', '32.75166700', 0, '2014-11-02 14:23:47', '2014-11-03 13:08:50', 1),
(732, 16019, 'الشروق', 6, 13, 69, NULL, 13, '1عام', '12.61503600', '32.67485800', 0, '2014-11-02 14:23:47', '2014-11-03 13:08:50', 1),
(733, 16020, 'عمر الميساوي', 6, 13, 69, NULL, 13, '1عام', '12.64285600', '32.73659600', 0, '2014-11-02 14:23:47', '2014-11-03 13:08:50', 1),
(734, 16021, 'الصابرية المركزية', 6, 13, 69, NULL, 13, '1عام', '12.66387900', '32.75169300', 0, '2014-11-02 14:23:47', '2014-11-03 13:08:50', 1),
(735, 16022, 'الصابرية للتعليم الأساسي و الثانوي', 6, 13, 69, NULL, 13, '1عام', '12.64395300', '32.75468600', 0, '2014-11-02 14:23:47', '2014-11-03 13:08:50', 1),
(736, 16023, 'الحرية بنين', 6, 13, 69, 305, 13, '1عام', '12.66027200', '32.77341100', 0, '2014-11-02 14:23:47', '2014-11-03 13:08:50', 1),
(737, 16024, 'حي الشهداء', 6, 13, 69, 305, 13, '1عام', '12.65163100', '32.76620600', 0, '2014-11-02 14:23:47', '2014-11-03 13:08:50', 1),
(738, 16025, 'ابي عيسى للعلوم الاساسية', 6, 13, 69, 306, 13, '1عام', '12.63036111', '32.75669444', 0, '2014-11-02 14:23:47', '2014-11-03 13:08:50', 1),
(739, 16026, 'عمر بن يحي', 6, 13, 69, 307, 13, '1عام', '12.71645600', '32.75085300', 0, '2014-11-02 14:23:47', '2014-11-03 13:08:50', 1),
(740, 16027, 'الشهيد محمد كردمين', 6, 13, 69, 307, 13, '1عام', '12.71136900', '32.75499700', 0, '2014-11-02 14:23:47', '2014-11-03 13:08:50', 1),
(741, 16028, 'المهدي بن بركة', 6, 13, 69, 307, 13, '1عام', '12.70748100', '32.71620600', 0, '2014-11-02 14:23:47', '2014-11-03 13:08:50', 1),
(742, 16029, 'المطرد لعلوم الحياة', 6, 13, 69, 308, 13, '1عام', '12.60849700', '32.77596700', 0, '2014-11-02 14:23:47', '2014-11-03 13:08:50', 1),
(743, 16030, 'الشهيد عاي العائب', 6, 13, 69, 309, 13, '1عام', '12.61861111', '32.77825000', 0, '2014-11-02 14:23:47', '2014-11-03 13:08:50', 1),
(744, 16031, 'الشهيد عبدالرحمن التريكي', 6, 13, 69, 309, 13, '1عام', '12.61516700', '32.76861100', 0, '2014-11-02 14:23:47', '2014-11-03 13:08:50', 1),
(745, 16032, 'الجنوبية بنين', 6, 13, 69, 310, 13, '1عام', '12.74156700', '32.72950300', 0, '2014-11-02 14:23:47', '2014-11-03 13:08:50', 1),
(746, 16033, 'خولة بنت الازور', 6, 13, 69, 310, 13, '1عام', '12.72752500', '32.74295600', 0, '2014-11-02 14:23:47', '2014-11-03 13:08:50', 1),
(747, 16034, 'اسامة بن زيد', 6, 13, 69, 310, 13, '1عام', '12.74384400', '32.68520300', 0, '2014-11-02 14:23:47', '2014-11-03 13:08:50', 1),
(748, 16035, 'احمد الشارف', 6, 13, 69, 24, 13, '1عام', '12.75677600', '32.72562400', 0, '2014-11-02 14:23:47', '2014-11-03 13:08:50', 1),
(749, 16036, 'الزاوية المركزية الابتدائية', 6, 13, 69, 24, 13, '1عام', '12.73290800', '32.75374200', 0, '2014-11-02 14:23:47', '2014-11-03 13:08:50', 1),
(750, 16037, 'شهداء امداكم', 6, 13, 69, 25, 13, '1عام', '12.69641500', '32.44608400', 0, '2014-11-02 14:23:47', '2014-11-03 13:08:50', 1),
(751, 16038, 'محمد الزهيوي', 6, 13, 69, 26, 13, '1عام', '12.72298600', '32.75349200', 0, '2014-11-02 14:23:47', '2014-11-03 13:08:50', 1),
(752, 16039, 'أبوغلاشة شهداء اسبان', 6, 13, 69, 27, 13, '1عام', '12.71701700', '32.78516900', 0, '2014-11-02 14:23:47', '2014-11-03 13:08:50', 1),
(753, 16040, 'العروبة', 6, 13, 69, 333, 13, '1عام', '12.78679300', '32.72364600', 0, '2014-11-02 14:23:47', '2014-11-03 13:08:50', 1),
(754, 16041, 'التضامن', 6, 13, 69, 333, 13, '1عام', '12.57465000', '32.71470833', 0, '2014-11-02 14:23:47', '2014-11-03 13:08:50', 1),
(755, 16042, 'الامل التانوية', 6, 13, 69, 334, 13, '1عام', '12.73428700', '32.76414200', 0, '2014-11-02 14:23:47', '2014-11-03 13:08:50', 1),
(756, 16043, 'الزاوية الثانوية', 6, 13, 69, 334, 13, '1عام', '12.73314200', '32.75620600', 0, '2014-11-02 14:23:47', '2014-11-03 13:08:50', 1),
(757, 16044, 'الزاوية الاعدادية بنات', 6, 13, 69, 334, 13, '1عام', '12.73593100', '32.75770000', 0, '2014-11-02 14:23:47', '2014-11-03 13:08:50', 1),
(758, 16045, 'خالد بن الوليد', 6, 13, 69, 334, 13, '1عام', '12.73190300', '32.76348300', 0, '2014-11-02 14:23:47', '2014-11-03 13:08:50', 1),
(759, 16046, 'الجيل الجديد', 6, 13, 69, 335, 13, '1عام', '12.83221667', '32.72052500', 0, '2014-11-02 14:23:47', '2014-11-03 13:08:50', 1),
(760, 16047, 'الشهيد حلمي شقليلة', 6, 13, 69, 335, 13, '1عام', '12.71089400', '32.76456100', 0, '2014-11-02 14:23:47', '2014-11-03 13:08:50', 1),
(761, 16048, 'بن شعيب', 6, 13, 69, 336, 13, '1عام', '12.67562200', '32.47740800', 0, '2014-11-02 14:23:47', '2014-11-03 13:08:50', 1),
(762, 16049, 'بئر امداكم', 6, 13, 69, 337, 13, '1عام', '12.71551600', '32.37931500', 0, '2014-11-02 14:23:47', '2014-11-03 13:08:50', 1),
(763, 16050, 'بئر الغنم الثانوية', 6, 13, 69, 317, 13, '1عام', '12.56972200', '32.31196700', 0, '2014-11-02 14:23:47', '2014-11-03 13:08:50', 1),
(764, 16051, 'الشعلة', 6, 13, 69, 318, 13, '1عام', '12.72565600', '32.73448300', 0, '2014-11-02 14:23:47', '2014-11-03 13:08:50', 1),
(765, 16052, 'عمر بن عبد العزيز', 6, 13, 69, 318, 13, '1عام', '12.73109100', '32.73157000', 0, '2014-11-02 14:23:47', '2014-11-03 13:08:50', 1),
(766, 16053, 'سيدي عبد الواحد', 6, 13, 69, 319, 13, '1عام', '12.72156400', '32.75002800', 0, '2014-11-02 14:23:47', '2014-11-03 13:08:50', 1),
(767, 16054, 'الشهيد رمضان زعميط', 6, 13, 69, 319, 13, '1عام', '12.71695300', '32.73972200', 0, '2014-11-02 14:23:47', '2014-11-03 13:08:50', 1),
(768, 16055, 'بئر ترفاس', 6, 13, 69, 319, 13, '1عام', '12.68823300', '32.63213900', 0, '2014-11-02 14:23:47', '2014-11-03 13:08:50', 1),
(769, 16056, 'العريوي', 6, 13, 69, 320, 13, '1عام', '12.79929400', '32.74332200', 0, '2014-11-02 14:23:47', '2014-11-03 13:08:50', 1),
(770, 16057, 'جودائم الثانوية', 6, 13, 69, 320, 13, '1عام', '12.80089700', '32.78328300', 0, '2014-11-02 14:23:47', '2014-11-03 13:08:50', 1),
(771, 16058, 'جودائم الشمالية', 6, 13, 69, 320, 13, '1عام', '12.77949400', '32.78256900', 0, '2014-11-02 14:23:47', '2014-11-03 13:08:50', 1),
(772, 16059, 'حي الوحدة', 6, 13, 69, 321, 13, '1عام', '12.74682200', '32.75741100', 0, '2014-11-02 14:23:47', '2014-11-03 13:08:50', 1),
(773, 16060, 'اسماء بنت ابي بكر', 6, 13, 69, 321, 13, '1عام', '12.74168300', '32.75307800', 0, '2014-11-02 14:23:47', '2014-11-03 13:08:50', 1),
(774, 16061, 'عائشة ام المؤمنين', 6, 13, 69, 321, 13, '1عام', '12.76835000', '32.73838100', 0, '2014-11-02 14:23:47', '2014-11-03 13:08:50', 1),
(775, 16062, 'السيدة زينب', 6, 13, 69, 321, 13, '1عام', '12.77883300', '32.67489800', 0, '2014-11-02 14:23:47', '2014-11-03 13:08:50', 1),
(776, 16063, 'بئر البوهالي', 6, 13, 69, 321, 13, '1عام', '12.79335000', '32.64146400', 0, '2014-11-02 14:23:47', '2014-11-03 13:08:50', 1),
(777, 16064, 'طلائع النصر', 6, 13, 69, 321, 13, '1عام', '12.78646900', '32.61863300', 0, '2014-11-02 14:23:47', '2014-11-03 13:08:50', 1),
(778, 16065, 'حيدرة', 6, 13, 69, 321, 13, '1عام', '12.77286400', '32.65148300', 0, '2014-11-02 14:23:47', '2014-11-03 13:08:50', 1),
(779, 16066, 'سعاد الهنقاري', 6, 13, 69, 322, 13, '1عام', '12.71407600', '32.77933300', 0, '2014-11-02 14:23:47', '2014-11-03 13:08:50', 1),
(780, 16067, 'عمر بن العاص', 6, 13, 69, 322, 13, '1عام', '12.70866400', '32.77671900', 0, '2014-11-02 14:23:47', '2014-11-03 13:08:50', 1),
(781, 16068, 'أبوحميرة', 6, 13, 69, 322, 13, '1عام', '12.70655300', '32.76873100', 0, '2014-11-02 14:23:47', '2014-11-03 13:08:50', 1),
(782, 16069, 'الفجر الجديد', 6, 13, 69, 323, 13, '1عام', '12.74500600', '32.74646100', 0, '2014-11-02 14:23:47', '2014-11-03 13:08:50', 1),
(783, 16070, 'القرضابية', 6, 13, 69, 323, 13, '1عام', '12.74088600', '32.74931700', 0, '2014-11-02 14:23:47', '2014-11-03 13:08:50', 1),
(784, 16071, 'شهداء ديلة', 6, 13, 69, 324, 13, '1عام', '12.74730600', '32.77467800', 0, '2014-11-02 14:23:47', '2014-11-03 13:08:50', 1),
(785, 16072, 'ضي الهلال الاساسي', 6, 13, 69, 324, 13, '1عام', '12.72201900', '32.77410800', 0, '2014-11-02 14:23:47', '2014-11-03 13:08:50', 1),
(786, 16073, 'الضياء الثانوية', 6, 13, 69, 324, 13, '1عام', '12.72264400', '32.76871100', 0, '2014-11-02 14:23:47', '2014-11-03 13:08:50', 1),
(787, 16074, 'ناصر الثانوية', 6, 13, 69, 325, 13, '1عام', '12.65213100', '32.42926700', 0, '2014-11-02 14:23:47', '2014-11-03 13:08:50', 1),
(788, 16075, 'صبراته المركزية الجنوبية', 6, 13, 70, 326, 71, '1عام', '12.47624400', '32.78738900', 0, '2014-11-02 14:23:47', '2014-11-03 13:08:50', 1),
(789, 16076, 'صبراته الاعدادية بنين', 6, 13, 70, 326, 71, '1عام', '12.48591900', '32.79179700', 0, '2014-11-02 14:23:47', '2014-11-03 13:08:50', 1),
(790, 16077, 'ام سلمى', 6, 13, 72, 327, 14, '1عام', '12.58362800', '32.77728300', 0, '2014-11-02 14:23:47', '2014-11-03 13:08:50', 1),
(791, 16078, 'الخنساء', 6, 13, 72, 327, 14, '1عام', '12.57290700', '32.78242200', 0, '2014-11-02 14:23:47', '2014-11-03 13:08:50', 1),
(792, 16079, 'رمضان السويحلي للتعليم الاساسي', 6, 13, 70, 328, 71, '1عام', '12.19102800', '32.78799500', 0, '2014-11-02 14:23:47', '2014-11-03 13:08:50', 1),
(793, 16080, 'الطرفاء', 6, 13, 72, 329, 14, '1عام', '12.56125300', '32.74066400', 0, '2014-11-02 14:23:47', '2014-11-03 13:08:50', 1),
(794, 16081, 'جيل التحدي', 6, 13, 72, 329, 14, '1عام', '12.56741900', '32.74338700', 0, '2014-11-02 14:23:47', '2014-11-03 13:08:50', 1),
(795, 16082, 'الخطاطبة الشمالية للتعليم الاساسي', 6, 13, 70, 330, 71, '1عام', '12.50025200', '32.76013700', 0, '2014-11-02 14:23:47', '2014-11-03 13:08:50', 1),
(796, 16083, 'الجليدة للتعليم الاساسي', 6, 13, 70, 330, 71, '1عام', '12.51080800', '32.77503600', 0, '2014-11-02 14:23:47', '2014-11-03 13:08:50', 1),
(797, 16084, 'النهضة التانوية', 6, 13, 70, 331, 71, '1عام', '12.45709700', '32.73210000', 0, '2014-11-02 14:23:47', '2014-11-03 13:08:50', 1),
(798, 16085, 'بشير السعداوي للتعليم الاساسي', 6, 13, 70, 331, 71, '1عام', '12.45580800', '32.71219600', 0, '2014-11-02 14:23:47', '2014-11-03 13:08:50', 1),
(799, 16086, 'التضامن للتعليم الاساسي', 6, 13, 70, 332, 71, '1عام', '12.51364700', '32.79141300', 0, '2014-11-02 14:23:47', '2014-11-03 13:08:50', 1),
(800, 16087, 'شهداء الوادي', 6, 13, 70, 332, 71, '1عام', '12.53061300', '32.78939400', 0, '2014-11-02 14:23:47', '2014-11-03 13:08:50', 1),
(801, 16088, 'رابعة العدوية', 6, 13, 72, 28, 14, '1عام', '12.54522500', '32.74245300', 0, '2014-11-02 14:23:47', '2014-11-03 13:08:50', 1),
(802, 16089, 'ثانوية صرمان الجنوبية', 6, 13, 72, 28, 14, '1عام', '12.54099700', '32.72176900', 0, '2014-11-02 14:23:47', '2014-11-03 13:08:50', 1),
(803, 16090, 'خديجة الكبرى', 6, 13, 72, 29, 14, '1عام', '12.56640600', '32.75955600', 0, '2014-11-02 14:23:47', '2014-11-03 13:08:50', 1),
(804, 16091, 'سكينة بنت الحسين', 6, 13, 72, 29, 14, '1عام', '12.57255000', '32.75432200', 0, '2014-11-02 14:23:47', '2014-11-03 13:08:50', 1),
(805, 16092, 'موسى بن نصير', 6, 13, 72, 29, 14, '1عام', '12.55671700', '32.75522800', 0, '2014-11-02 14:23:47', '2014-11-03 13:08:50', 1),
(806, 16093, 'خالد بن الوليد', 6, 13, 72, 29, 14, '1عام', '12.56233800', '32.76806800', 0, '2014-11-02 14:23:47', '2014-11-03 13:08:50', 1),
(807, 16094, 'تليل الشمالية للتعليم الاساسي', 6, 13, 70, 352, 71, '1عام', '12.37395000', '32.80438600', 0, '2014-11-02 14:23:47', '2014-11-03 13:08:50', 1),
(808, 16095, 'الاستقلال للتعليم الاساسي', 6, 13, 70, 352, 71, '1عام', '12.40107500', '32.79857500', 0, '2014-11-02 14:23:47', '2014-11-03 13:08:50', 1),
(809, 16096, 'سناء محيدلي للتعليم الاساسي', 6, 13, 70, 353, 71, '1عام', '12.53722200', '32.75791100', 0, '2014-11-02 14:23:47', '2014-11-03 13:08:50', 1),
(810, 16097, 'مصعب ابن عمير للتعليم الاساسي', 6, 13, 70, 354, 71, '1عام', '12.53329100', '32.77026600', 0, '2014-11-02 14:23:47', '2014-11-03 13:08:50', 1),
(811, 16098, 'زواغة الشمالية بدل', 6, 13, 70, 355, 71, '1عام', '12.44123300', '32.77961400', 0, '2014-11-02 14:23:47', '2014-11-03 13:08:50', 1),
(812, 16099, 'الطنيبات التانوية', 6, 13, 70, 355, 71, '1عام', '12.43978600', '32.75511900', 0, '2014-11-02 14:23:47', '2014-11-03 13:08:50', 1),
(813, 16100, 'القادسية', 6, 13, 70, 355, 71, '1عام', '12.46869700', '32.76630300', 0, '2014-11-02 14:23:47', '2014-11-03 13:08:50', 1),
(814, 16101, 'زكرياء للتعليم الاساسي', 6, 13, 72, 356, 14, '1عام', '12.58328900', '32.75251900', 0, '2014-11-02 14:23:47', '2014-11-03 13:08:50', 1),
(815, 16102, 'شهداء صرمان', 6, 13, 72, 356, 14, '1عام', '12.57879700', '32.74275600', 0, '2014-11-02 14:23:47', '2014-11-03 13:08:50', 1),
(816, 16103, 'الخطاطبة الجنوبية للتعليم الاساسي', 6, 13, 70, 357, 71, '1عام', '12.51525800', '32.73737500', 0, '2014-11-02 14:23:47', '2014-11-03 13:08:50', 1),
(817, 16104, 'حطين الاعدادية', 6, 13, 70, 357, 71, '1عام', '12.47755200', '32.71860400', 0, '2014-11-02 14:23:47', '2014-11-03 13:08:50', 1),
(818, 16105, 'الهدى للتعليم الاساسي', 6, 13, 70, 357, 71, '1عام', '12.46772500', '32.67790600', 0, '2014-11-02 14:23:47', '2014-11-03 13:08:50', 1),
(819, 16106, 'ثانوية عطاف لعلوم الحياة', 6, 13, 72, 338, 14, '1عام', '12.58103100', '32.75928600', 0, '2014-11-02 14:23:47', '2014-11-03 13:08:50', 1),
(820, 16107, 'عطاف للتعليم الأساسي', 6, 13, 72, 338, 14, '1عام', '12.58568100', '32.75831100', 0, '2014-11-02 14:23:47', '2014-11-03 13:08:50', 1),
(821, 16108, 'أبى در الغفاري', 6, 13, 72, 338, 14, '1عام', '12.58800278', '32.76610278', 0, '2014-11-02 14:23:47', '2014-11-03 13:08:50', 1),
(822, 16109, 'قاليل التانوية', 6, 13, 70, 339, 71, '1عام', '12.52478900', '32.75440600', 0, '2014-11-02 14:23:47', '2014-11-03 13:08:50', 1),
(823, 16110, 'طارق بن زياد', 6, 13, 72, 340, 14, '1عام', '12.57152100', '32.76863900', 0, '2014-11-02 14:23:47', '2014-11-03 13:08:50', 1),
(824, 16111, 'العلالقة الثانوية', 6, 13, 70, 341, 71, '1عام', '12.46632700', '32.74690000', 0, '2014-11-02 14:23:47', '2014-11-03 13:08:50', 1),
(825, 16112, 'فاطمة الزهراء', 6, 13, 70, 342, 71, '1عام', '12.41337400', '32.78171300', 0, '2014-11-02 14:23:47', '2014-11-03 13:08:50', 1),
(826, 16113, 'الشاطى', 6, 13, 72, 343, 14, '1عام', '12.56184300', '32.78519100', 0, '2014-11-02 14:23:47', '2014-11-03 13:08:50', 1),
(827, 16114, 'القناوية', 6, 13, 72, 343, 14, '1عام', '12.54320600', '32.67464400', 0, '2014-11-02 14:23:47', '2014-11-03 13:08:50', 1),
(828, 16115, 'الامل', 6, 13, 72, 343, 14, '1عام', '12.58342800', '32.74310000', 0, '2014-11-02 14:23:47', '2014-11-03 13:08:50', 1),
(829, 16116, 'طارق بن زياد للتعليم الاساسي', 6, 13, 73, 6, 6, '1عام', '12.26972900', '32.73519900', 0, '2014-11-02 14:23:47', '2014-11-03 13:08:50', 1),
(830, 16117, 'الشهيد علي حسن الجابر اساسي', 6, 13, 73, 351, 6, '1عام', '12.07999100', '32.92768900', 0, '2014-11-02 14:23:47', '2014-11-03 13:08:50', 1),
(831, 16118, 'عبدالعزيز حنيش للتعليم الاساسي', 6, 13, 73, 351, 6, '1عام', '12.08804800', '32.92572500', 0, '2014-11-02 14:23:47', '2014-11-03 13:08:50', 1),
(832, 16119, 'زوارة الشرقية للتعليم الاساسي', 6, 13, 73, 753, 6, '1عام', '12.10199700', '32.91920000', 0, '2014-11-02 14:23:47', '2014-11-03 13:08:50', 1),
(833, 16120, 'الشهيد ابراهيم المقطوف اساسي', 6, 13, 73, 753, 6, '1عام', '12.09918100', '32.92963700', 0, '2014-11-02 14:23:47', '2014-11-03 13:08:50', 1),
(834, 16121, '20فبراير للعلوم الاجتماعية', 6, 13, 73, 130, 6, '1عام', '12.08554200', '32.93655300', 0, '2014-11-02 14:23:47', '2014-11-03 13:08:50', 1),
(835, 16122, 'عائشة ام المؤمنين للتعليم الاساسي', 6, 13, 73, 130, 6, '1عام', '12.07885000', '32.92775000', 0, '2014-11-02 14:23:47', '2014-11-03 13:08:50', 1),
(836, 16123, 'سالم ابوبكر', 6, 13, 73, 130, 6, '1عام', '12.07872700', '32.93942300', 0, '2014-11-02 14:23:47', '2014-11-03 13:08:50', 1),
(837, 16124, 'الشيخ علي بقوش للتعليم الاساسي', 6, 13, 73, 349, 6, '1عام', '12.07576300', '32.93364800', 0, '2014-11-02 14:23:47', '2014-11-03 13:08:50', 1),
(838, 16125, 'سليمان الباروني', 6, 13, 73, 349, 6, '1عام', '12.09256900', '32.92918100', 0, '2014-11-02 14:23:47', '2014-11-03 13:08:50', 1),
(839, 16126, 'شهداء ابوكماش للتعليم الاساسي', 6, 13, 73, 350, 6, '1عام', '11.73604600', '33.07415500', 0, '2014-11-02 14:23:47', '2014-11-03 13:08:50', 1),
(840, 16127, 'الفريخ المركزية', 6, 13, 71, 344, 72, '1عام', '12.21838800', '32.80136900', 0, '2014-11-02 14:23:47', '2014-11-03 13:08:50', 1),
(841, 16128, 'ثانوية اللغات العجيلات', 6, 13, 71, 345, 72, '1عام', '12.38305300', '32.74876300', 0, '2014-11-02 14:23:47', '2014-11-03 13:08:50', 1),
(842, 16129, 'ابوقرعة', 6, 13, 74, 346, 73, '1عام', '12.11703500', '32.83063200', 0, '2014-11-02 14:23:47', '2014-11-03 13:08:50', 1),
(843, 16130, 'عقبة بن نافع', 6, 13, 74, 358, 73, '1عام', '12.11227500', '32.81102800', 0, '2014-11-02 14:23:47', '2014-11-03 13:08:50', 1),
(844, 16131, 'ثانوية العلوم الاقتصادية والاجتماعيىة', 6, 13, 71, 359, 72, '1عام', '12.34510900', '32.74380800', 0, '2014-11-02 14:23:47', '2014-11-03 13:08:50', 1),
(845, 16132, 'العجيلات الجديدة', 6, 13, 71, 360, 72, '1عام', '12.24007700', '32.74816800', 0, '2014-11-02 14:23:47', '2014-11-03 13:08:50', 1),
(846, 16133, 'التحرير للتعليم الاساسي', 6, 13, 71, 360, 72, '1عام', '12.27585600', '32.76280600', 0, '2014-11-02 14:23:47', '2014-11-03 13:08:50', 1),
(847, 16134, 'تانوية الجديدة للعلوم الاقتصادية', 6, 13, 71, 360, 72, '1عام', '12.39472200', '32.71713300', 0, '2014-11-02 14:23:47', '2014-11-03 13:08:50', 1),
(848, 16135, 'القدس للتعليم الاساسي', 6, 13, 71, 361, 72, '1عام', '12.37777800', '32.75916700', 0, '2014-11-02 14:23:47', '2014-11-03 13:08:50', 1),
(849, 16136, 'العجيلات المركزية', 6, 13, 71, 361, 72, '1عام', '12.40583300', '32.75694400', 0, '2014-11-02 14:23:47', '2014-11-03 13:08:50', 1),
(850, 16137, 'سعدون السويحلي', 6, 13, 71, 362, 72, '1عام', '12.29722200', '32.70388900', 0, '2014-11-02 14:23:47', '2014-11-03 13:08:50', 1),
(851, 16138, 'ضهرة عرفة', 6, 13, 71, 362, 72, '1عام', '12.31111100', '32.77361100', 0, '2014-11-02 14:23:47', '2014-11-03 13:08:50', 1),
(852, 16139, 'الهاني', 6, 13, 75, 793, 213, '1عام', '11.88188333', '32.92650556', 0, '2014-11-02 14:23:47', '2014-11-03 13:08:50', 1),
(853, 16140, 'العسة للتعليم الاساسي', 6, 13, 75, 794, 214, '1عام', '11.62582300', '32.82661800', 0, '2014-11-02 14:23:47', '2014-11-03 13:08:50', 1),
(854, 16141, 'الشموخ للتعليم الاساسي', 6, 13, 74, 347, 73, '1عام', '12.07985800', '32.83872400', 0, '2014-11-02 14:23:47', '2014-11-03 13:08:50', 1),
(855, 16142, 'شهداء المنشية للتعليم الاساسي', 6, 13, 74, 347, 73, '1عام', '12.09287500', '32.86325600', 0, '2014-11-02 14:23:47', '2014-11-03 13:08:50', 1),
(856, 16143, 'عمر بن الخطاب للتعليم الاساسي', 6, 13, 74, 347, 73, '1عام', '11.98169700', '32.85977500', 0, '2014-11-02 14:23:47', '2014-11-03 13:08:50', 1),
(857, 16144, 'القدس', 6, 13, 74, 348, 73, '1عام', '12.04850556', '32.85459444', 0, '2014-11-02 14:23:47', '2014-11-03 13:08:50', 1),
(858, 16145, 'حمدة الشمالية للتعليم الاساسي', 6, 13, 74, 348, 73, '1عام', '12.03582800', '32.83401100', 0, '2014-11-02 14:23:47', '2014-11-03 13:08:50', 1),
(859, 16146, 'المطمر الاعدادية', 6, 13, 71, 344, 72, '1عام', '12.21111100', '32.76944400', 0, '2014-11-02 14:23:47', '2014-11-03 13:08:50', 1),
(860, 16147, 'ثانوية الشبيكة', 6, 13, 71, 344, 72, '1عام', '12.20993500', '32.76913000', 0, '2014-11-02 14:23:47', '2014-11-03 13:08:50', 1),
(861, 16148, 'ثانوية الانتصار الزرامقة', 6, 13, 71, 345, 72, '1عام', '12.41833300', '32.71527800', 0, '2014-11-02 14:23:47', '2014-11-03 13:08:50', 1),
(862, 16149, 'غوط بيوض للتعليم الاساسي', 6, 13, 71, 345, 72, '1عام', '12.39165600', '32.76024000', 0, '2014-11-02 14:23:47', '2014-11-03 13:08:50', 1),
(863, 16150, 'احرار العجيلات للتعليم الاساسي', 6, 13, 71, 345, 72, '1عام', '12.30645800', '32.74756300', 0, '2014-11-02 14:23:47', '2014-11-03 13:08:50', 1),
(864, 16151, 'السبيخة للتعليم الاساسي', 6, 13, 75, NULL, 214, '1عام', '12.01619100', '32.86904200', 0, '2014-11-02 14:23:47', '2014-11-03 13:08:50', 1),
(865, 16152, 'راس عطية للتعليم الاساسي', 6, 13, 75, NULL, 214, '1عام', '11.98946300', '32.87968600', 0, '2014-11-02 14:23:47', '2014-11-03 13:08:50', 1),
(866, 16153, 'أم عزيز للتعليم الاساسي', 6, 13, 74, 376, 73, '1عام', '12.12263900', '32.81044700', 0, '2014-11-02 14:23:47', '2014-11-03 13:08:50', 1),
(867, 16154, 'شهداء يناير للتعليم الأساسي', 6, 13, 74, 376, 73, '1عام', '12.15881100', '32.79765300', 0, '2014-11-02 14:23:47', '2014-11-03 13:08:50', 1),
(868, 16155, 'ابن خلدون الثانوية', 6, 13, 74, 376, 73, '1عام', '12.02084200', '32.76945500', 0, '2014-11-02 14:23:47', '2014-11-03 13:08:50', 1),
(869, 16156, 'الشهيد الجمي للتعليم الاساسي', 6, 13, 74, 377, 73, '1عام', '12.09131800', '32.81497500', 0, '2014-11-02 14:23:47', '2014-11-03 13:08:50', 1),
(870, 16157, 'الحرية للتعليم الاساسي', 6, 13, 74, 377, 73, '1عام', '12.05139700', '32.81822200', 0, '2014-11-02 14:23:47', '2014-11-03 13:08:50', 1),
(871, 16158, 'جمال عبدالناصر للتعلبم الاساسي', 6, 13, 74, 377, 73, '1عام', '12.05661700', '32.84943600', 0, '2014-11-02 14:23:47', '2014-11-03 13:08:50', 1),
(872, 16159, 'علي العيادي', 6, 13, 74, 377, 73, '1عام', '12.06862100', '32.86168400', 0, '2014-11-02 14:23:47', '2014-11-03 13:08:50', 1),
(873, 16160, 'الانتصار للتعليم الاساسي', 6, 13, 74, 378, 73, '1عام', '12.05437500', '32.85382500', 0, '2014-11-02 14:23:47', '2014-11-03 13:08:50', 1),
(874, 16161, 'جنان عطية الثانوية', 6, 13, 71, 359, 72, '1عام', '12.32321800', '32.74718400', 0, '2014-11-02 14:23:47', '2014-11-03 13:08:50', 1),
(875, 16162, 'العهد الجديد للتعليم الاساسي', 6, 13, 71, 359, 72, '1عام', '12.32282200', '32.74690400', 0, '2014-11-02 14:23:47', '2014-11-03 13:08:50', 1),
(876, 16163, 'سليمان خاطر الثانوية', 6, 13, 74, 379, 73, '1عام', '12.15915800', '32.80593300', 0, '2014-11-02 14:23:47', '2014-11-03 13:08:50', 1),
(877, 16164, 'المخلب', 6, 13, 75, 796, 214, '1عام', '11.92597778', '32.86928611', 0, '2014-11-02 14:23:47', '2014-11-03 13:08:50', 1),
(878, 16165, 'ثانوية 17 فبراير', 6, 13, 75, 797, 214, '1عام', '11.98812400', '32.89041200', 0, '2014-11-02 14:23:47', '2014-11-03 13:08:50', 1),
(879, 16166, 'التقدم للتعليم الاساسي', 6, 13, 75, 797, 214, '1عام', '11.96319700', '32.89818100', 0, '2014-11-02 14:23:47', '2014-11-03 13:08:50', 1),
(880, 16167, 'التحرير', 6, 13, 75, 797, 214, '1عام', '11.99271100', '32.88639700', 0, '2014-11-02 14:23:47', '2014-11-03 13:08:50', 1),
(881, 16168, 'علي بن ابي طالب', 6, 13, 75, 797, 214, '1عام', '11.96079200', '32.88396100', 0, '2014-11-02 14:23:47', '2014-11-03 13:08:50', 1),
(882, 16169, 'رقدالين المركزية', 6, 13, 75, 798, 214, '1عام', '11.98281900', '32.88476400', 0, '2014-11-02 14:23:47', '2014-11-03 13:08:50', 1),
(883, 16170, 'عمر المختار الثانوية', 6, 13, 75, 799, 213, '1عام', '11.86802500', '32.95396400', 0, '2014-11-02 14:23:47', '2014-11-03 13:08:50', 1),
(884, 16171, 'زلطن الغربية للتعليم الاساسي', 6, 13, 75, 799, 213, '1عام', '11.84583300', '32.93560800', 0, '2014-11-02 14:23:47', '2014-11-03 13:08:50', 1),
(885, 16172, 'الاوتاد للتعليم الاساسي', 6, 13, 75, 799, 213, '1عام', '11.84433100', '32.97406400', 0, '2014-11-02 14:23:47', '2014-11-03 13:08:50', 1),
(886, 16173, 'آمنة بنت وهب للتعليم الاساسي', 6, 13, 71, 380, 72, '1عام', '12.34444400', '32.70583300', 0, '2014-11-02 14:23:47', '2014-11-03 13:08:50', 1),
(887, 16174, 'السلام للتعليم الاساسي', 6, 13, 71, 380, 72, '1عام', '12.21818000', '32.74072900', 0, '2014-11-02 14:23:47', '2014-11-03 13:08:50', 1),
(888, 16175, 'بلال بن رباح اعدادية', 6, 13, 71, 381, 72, '1عام', '12.39083300', '32.67138900', 0, '2014-11-02 14:23:47', '2014-11-03 13:08:50', 1),
(889, 16176, 'العالمية للتعليم الاساسي', 6, 13, 71, 381, 72, '1عام', '12.35479100', '32.77277200', 0, '2014-11-02 14:23:47', '2014-11-03 13:08:50', 1),
(890, 16177, 'العقربية للتعليم الاساسي', 6, 13, 74, 382, 73, '1عام', '12.05735000', '32.77513900', 0, '2014-11-02 14:23:47', '2014-11-03 13:08:50', 1),
(891, 16178, 'ابوبكر الصديق للتعليم الاساسي', 6, 13, 74, 382, 73, '1عام', '12.00873100', '32.83963100', 0, '2014-11-02 14:23:47', '2014-11-03 13:08:50', 1),
(892, 16701, 'مجمع مليتة', 6, 0, 0, NULL, NULL, '3حقل نفط', '12.42407500', '33.42157778', 0, '2014-11-02 14:23:47', '2014-11-03 13:08:50', 1),
(893, 16702, 'ميناء الزاوية', 6, 0, 0, NULL, NULL, '3حقل نفط', '12.23972222', '32.78444444', 0, '2014-11-02 14:23:47', '2014-11-03 13:08:50', 1),
(894, 16703, 'حقل البورى', 6, 0, 0, NULL, NULL, '3حقل نفط', '', '', 0, '2014-11-02 14:23:47', '2014-11-03 13:08:50', 1),
(895, 17001, 'القدس الثانوية', 7, 8, 32, 383, 15, '1عام', '13.01500000', '32.17277800', 0, '2014-11-02 14:23:47', '2014-11-03 13:08:50', 1),
(896, 17002, 'غريان الجنوبية', 7, 8, 32, 383, 15, '1عام', '13.00444400', '32.15888900', 0, '2014-11-02 14:23:47', '2014-11-03 13:08:50', 1),
(897, 17003, 'أسود الجبل', 7, 8, 32, 383, 15, '1عام', '13.02706400', '32.17291400', 0, '2014-11-02 14:23:47', '2014-11-03 13:08:50', 1),
(898, 17004, 'الطاهر الزروق', 7, 8, 32, 383, 15, '1عام', '13.01472200', '32.16750000', 0, '2014-11-02 14:23:47', '2014-11-03 13:08:50', 1),
(899, 17005, 'غريان المركزية', 7, 8, 32, 383, 15, '1عام', '13.01556500', '32.16921300', 0, '2014-11-02 14:23:47', '2014-11-03 13:08:50', 1),
(900, 17006, 'شهداء 22 فبراير للتعليم الاساسي', 7, 8, 32, 384, 15, '1عام', '12.99841100', '32.14798300', 0, '2014-11-02 14:23:47', '2014-11-03 13:08:50', 1),
(901, 17007, 'مختار كعبار', 7, 8, 32, 385, 15, '1عام', '13.00083300', '32.13333300', 0, '2014-11-02 14:23:47', '2014-11-03 13:08:50', 1),
(902, 17008, 'العهد الجديد / سيدي موسى', 7, 8, 32, 386, 15, '1عام', '13.01247500', '32.13962300', 0, '2014-11-02 14:23:47', '2014-11-03 13:08:50', 1),
(903, 17009, 'السقائف للتعليم الاساسي', 7, 8, 32, 387, 15, '1عام', '13.02187000', '32.14706500', 0, '2014-11-02 14:23:47', '2014-11-03 13:08:50', 1),
(904, 17010, 'طارق بن زياد', 7, 8, 32, 388, 15, '1عام', '13.01009700', '32.10881800', 0, '2014-11-02 14:23:47', '2014-11-03 13:08:50', 1),
(905, 17011, 'عمر المختار', 7, 8, 32, 389, 15, '1عام', '13.04792700', '32.06962900', 0, '2014-11-02 14:23:47', '2014-11-03 13:08:50', 1),
(906, 17012, 'ثانوية أبوالعيد زايد', 7, 8, 32, 390, 15, '1عام', '13.01129900', '32.08391800', 0, '2014-11-02 14:23:47', '2014-11-03 13:08:50', 1),
(907, 17013, 'الكفاح للتعليم الأساسي', 7, 8, 32, 390, 15, '1عام', '13.01472200', '32.09333300', 0, '2014-11-02 14:23:47', '2014-11-03 13:08:50', 1),
(908, 17014, 'شهداء أبو زيان', 7, 8, 32, 391, 15, '1عام', '12.98106400', '32.09964600', 0, '2014-11-02 14:23:47', '2014-11-03 13:08:50', 1),
(909, 17015, 'الصمود للتعليم الأساسي', 7, 8, 32, 392, 15, '1عام', '12.97244000', '32.08615400', 0, '2014-11-02 14:23:47', '2014-11-03 13:08:50', 1),
(910, 17016, 'ابوبكر الصديق الاعدادية', 7, 8, 32, 393, 15, '1عام', '13.00824400', '32.08885300', 0, '2014-11-02 14:23:47', '2014-11-03 13:08:50', 1),
(911, 17017, 'أبو عياد', 7, 8, 32, 394, 15, '1عام', '12.95847200', '32.11964900', 0, '2014-11-02 14:23:47', '2014-11-03 13:08:50', 1),
(912, 17018, 'النصر', 7, 8, 32, 395, 15, '1عام', '12.84611100', '32.15833300', 0, '2014-11-02 14:23:47', '2014-11-03 13:08:50', 1),
(913, 17019, 'النصر والتحدي', 7, 8, 32, 396, 15, '1عام', '12.86677800', '32.26971900', 0, '2014-11-02 14:23:47', '2014-11-03 13:08:50', 1),
(914, 17020, 'وادي الحي الثانوية', 7, 8, 32, 397, 15, '1عام', '12.74111100', '32.32555600', 0, '2014-11-02 14:23:47', '2014-11-03 13:08:50', 1),
(915, 17021, '17فيرايرَ', 7, 8, 32, 398, 15, '1عام', '13.02961000', '32.20952000', 0, '2014-11-02 14:23:47', '2014-11-03 13:08:50', 1),
(916, 17022, 'الثالث و العشرون من أكتوبر', 7, 8, 32, 398, 15, '1عام', '13.03750000', '32.20215300', 0, '2014-11-02 14:23:47', '2014-11-03 13:08:50', 1),
(917, 17023, 'قيزان الإعدادية', 7, 8, 32, 399, 15, '1عام', '13.06224800', '32.20226900', 0, '2014-11-02 14:23:47', '2014-11-03 13:08:50', 1),
(918, 17024, 'عقبة بن نافع', 7, 8, 32, 400, 15, '1عام', '13.11139000', '32.13697300', 0, '2014-11-02 14:23:47', '2014-11-03 13:08:50', 1),
(919, 17025, 'الخنساء', 7, 8, 32, 401, 15, '1عام', '13.07853600', '32.18406500', 0, '2014-11-02 14:23:47', '2014-11-03 13:08:50', 1),
(920, 17026, 'المرحوم خليفة ابوالحسن', 7, 8, 32, 402, 15, '1عام', '13.04320500', '32.20700000', 0, '2014-11-02 14:23:47', '2014-11-03 13:08:50', 1),
(921, 17027, 'بادرتن', 7, 8, 32, 30, 15, '1عام', '13.06944400', '32.15036700', 0, '2014-11-02 14:23:47', '2014-11-03 13:08:50', 1),
(922, 17028, 'أبوغيلان الثانوية', 7, 8, 32, 31, 15, '1عام', '13.04020400', '32.25702800', 0, '2014-11-02 14:23:47', '2014-11-03 13:08:50', 1),
(923, 17029, 'أولاد أبي سلامة', 7, 8, 32, 31, 15, '1عام', '13.04555600', '32.26500000', 0, '2014-11-02 14:23:47', '2014-11-03 13:08:50', 1),
(924, 17030, 'العروبة الثانوية', 7, 8, 32, 403, 15, '1عام', '13.27409700', '32.03631900', 0, '2014-11-02 14:23:47', '2014-11-03 13:08:50', 1),
(925, 17031, 'عمر بن عبدالعزيز', 7, 8, 32, 403, 15, '1عام', '13.32916700', '32.11111100', 0, '2014-11-02 14:23:47', '2014-11-03 13:08:50', 1),
(926, 17032, 'شهداء الدامور', 7, 8, 32, 404, 15, '1عام', '13.31942100', '32.03552700', 0, '2014-11-02 14:23:47', '2014-11-03 13:08:50', 1),
(927, 17033, 'الجعافرة الثانوية', 7, 8, 32, 405, 15, '1عام', '13.26020500', '32.02952100', 0, '2014-11-02 14:23:47', '2014-11-03 13:08:50', 1),
(928, 17034, 'ابوبكر الصديق الثانوية', 7, 8, 41, 406, 76, '1عام', '12.98153900', '31.45337200', 0, '2014-11-02 14:23:47', '2014-11-03 13:08:50', 1),
(929, 17035, 'عمر المختار اساسي', 7, 8, 41, 406, 76, '1عام', '12.99086400', '31.44482500', 0, '2014-11-02 14:23:47', '2014-11-03 13:08:50', 1),
(930, 17036, 'مدرسة الشقيقة المركزية', 7, 8, 41, 407, 76, '1عام', '12.80151700', '31.63763300', 0, '2014-11-02 14:23:47', '2014-11-03 13:08:50', 1),
(931, 17037, 'شهداء ابي غرة', 7, 8, 41, 408, 76, '1عام', '12.74729400', '31.64023300', 0, '2014-11-02 14:23:47', '2014-11-03 13:08:50', 1),
(932, 17038, 'ثانوية سواني فسانو', 7, 8, 41, 409, 76, '1عام', '12.77764100', '31.33059800', 0, '2014-11-02 14:23:47', '2014-11-03 13:08:50', 1),
(933, 17039, 'قصر وامس لتعلبم اساسي', 7, 8, 41, 410, 76, '1عام', '12.69085600', '31.65285800', 0, '2014-11-02 14:23:47', '2014-11-03 13:08:50', 1),
(934, 17040, 'المجاهد امحمد بن بشير', 7, 8, 41, 411, 76, '1عام', '13.33073900', '31.39138300', 0, '2014-11-02 14:23:47', '2014-11-03 13:08:50', 1),
(935, 17041, '17فبراير', 7, 8, 41, 412, 76, '1عام', '13.74633900', '31.41635300', 0, '2014-11-02 14:23:47', '2014-11-03 13:08:50', 1),
(936, 17042, 'جعفر بن ابي طالب', 7, 8, 41, 413, 76, '1عام', '13.69115600', '31.39901100', 0, '2014-11-02 14:23:47', '2014-11-03 13:08:50', 1),
(937, 17043, 'مصعب بن عمير الثانوية', 7, 8, 41, 414, 76, '1عام', '13.59214300', '30.66982100', 0, '2014-11-02 14:23:47', '2014-11-03 13:08:50', 1),
(938, 17400, 'قصر وامس', 7, 8, 35, 415, 77, '2نازحين', '12.45653000', '31.38402200', 0, '2014-11-02 14:23:47', '2014-11-03 13:08:50', 1),
(939, 18001, 'القدس الاعدادية', 8, 8, 33, 416, 78, '1عام', '12.89276100', '32.08451400', 0, '2014-11-02 14:23:47', '2014-11-03 13:08:50', 1),
(940, 18002, 'الشهيد محمد الوحيشي', 8, 8, 33, 416, 78, '1عام', '12.90104700', '32.01950300', 0, '2014-11-02 14:23:47', '2014-11-03 13:08:50', 1),
(941, 18003, 'طارق بن زياد', 8, 8, 33, 417, 78, '1عام', '12.88461900', '32.02563500', 0, '2014-11-02 14:23:47', '2014-11-03 13:08:50', 1),
(942, 18004, 'عمر المختار', 8, 8, 33, 418, 78, '1عام', '12.90162500', '32.09217500', 0, '2014-11-02 14:23:47', '2014-11-03 13:08:50', 1),
(943, 18005, 'موسي بن نصير', 8, 8, 33, 419, 78, '1عام', '12.87980800', '32.05258100', 0, '2014-11-02 14:23:47', '2014-11-03 13:08:50', 1),
(944, 18006, 'مصعب بن عمير الثانوية', 8, 8, 33, 419, 78, '1عام', '12.88953100', '32.06042500', 0, '2014-11-02 14:23:47', '2014-11-03 13:08:50', 1),
(945, 18007, 'الوحدة العربية', 8, 8, 33, 420, 78, '1عام', '12.99156700', '31.84511700', 0, '2014-11-02 14:23:47', '2014-11-03 13:08:50', 1),
(946, 18008, 'الشهيد محمد جمال الدرة', 8, 8, 33, 421, 78, '1عام', '12.88476400', '32.06742200', 0, '2014-11-02 14:23:47', '2014-11-03 13:08:50', 1),
(947, 18009, 'صلاح الدين', 8, 8, 33, 422, 78, '1عام', '12.83938900', '32.02147800', 0, '2014-11-02 14:23:47', '2014-11-03 13:08:50', 1),
(948, 18010, 'السوادنة', 8, 8, 34, 423, 79, '1عام', '12.65139200', '32.12229700', 0, '2014-11-02 14:23:47', '2014-11-03 13:08:50', 1),
(949, 18011, 'حطين', 8, 8, 34, 424, 79, '1عام', '12.66899600', '32.08306300', 0, '2014-11-02 14:23:47', '2014-11-03 13:08:50', 1),
(950, 18012, 'أبي حاتم', 8, 8, 34, 425, 79, '1عام', '12.64111100', '32.05083300', 0, '2014-11-02 14:23:47', '2014-11-03 13:08:50', 1),
(951, 18013, 'عمر ضياء المدفعي', 8, 8, 34, 426, 79, '1عام', '12.69069200', '32.07643300', 0, '2014-11-02 14:23:47', '2014-11-03 13:08:50', 1),
(952, 18014, 'شهداء ككلة', 8, 8, 34, 427, 79, '1عام', '12.63276000', '32.08168600', 0, '2014-11-02 14:23:47', '2014-11-03 13:08:50', 1),
(953, 18015, 'تكبال', 8, 8, 34, 428, 79, '1عام', '12.67454700', '32.09959700', 0, '2014-11-02 14:23:47', '2014-11-03 13:08:50', 1),
(954, 18016, 'الجيل الصاعد', 8, 8, 35, 429, 80, '1عام', '12.47150000', '32.00597200', 0, '2014-11-02 14:23:47', '2014-11-03 13:08:50', 1),
(955, 18017, 'طارق بن زياد', 8, 8, 35, 20, 9, '1عام', '12.54333300', '32.06944400', 0, '2014-11-02 14:23:47', '2014-11-03 13:08:50', 1),
(956, 18018, 'امل تورة17فبراير', 8, 8, 35, 439, 9, '1عام', '12.55527800', '32.09583300', 0, '2014-11-02 14:23:47', '2014-11-03 13:08:50', 1),
(957, 18019, 'تانوية علوم حياة', 8, 8, 35, 754, 9, '1عام', '12.53027800', '32.06166700', 0, '2014-11-02 14:23:47', '2014-11-03 13:08:50', 1),
(958, 18020, 'ام الجرسان التانوية', 8, 8, 35, 430, 9, '1عام', '12.55944400', '32.02916700', 0, '2014-11-02 14:23:47', '2014-11-03 13:08:50', 1),
(959, 18021, 'بن خلدون التانوية', 8, 8, 35, 431, 9, '1عام', '12.55833300', '31.99750000', 0, '2014-11-02 14:23:47', '2014-11-03 13:08:50', 1),
(960, 18022, 'الشيخ على القلعاوى', 8, 8, 34, 757, 82, '1عام', '12.56166700', '32.06694400', 0, '2014-11-02 14:23:47', '2014-11-03 13:08:50', 1),
(961, 18023, 'الشيخ ابو القاسم القلعاوي', 8, 8, 34, 438, 82, '1عام', '12.57388900', '32.05833300', 0, '2014-11-02 14:23:47', '2014-11-03 13:08:50', 1),
(962, 18024, 'سعد بن ابي وقاص', 8, 8, 36, 432, 81, '1عام', '12.36411100', '32.02097200', 0, '2014-11-02 14:23:47', '2014-11-03 13:08:50', 1),
(963, 18025, '17فبراير', 8, 8, 36, 433, 81, '1عام', '12.34320600', '31.99344800', 0, '2014-11-02 14:23:47', '2014-11-03 13:08:50', 1),
(964, 18026, 'شهداء الخلائفة', 8, 8, 36, 434, 81, '1عام', '12.48958300', '32.00277500', 0, '2014-11-02 14:23:47', '2014-11-03 13:08:50', 1),
(965, 18027, 'شهداء الرياينة', 8, 8, 36, 435, 81, '1عام', '12.34360900', '32.00572000', 0, '2014-11-02 14:23:47', '2014-11-03 13:08:50', 1),
(966, 18028, 'الحرية', 8, 8, 36, 436, 81, '1عام', '12.31546600', '31.99803700', 0, '2014-11-02 14:23:47', '2014-11-03 13:08:50', 1);
INSERT INTO `centers` (`idcenter`, `center_id`, `name`, `office_idoffice`, `constituency_idconstituency`, `subconstituency_idsubconstituency`, `mahalla_idmahalla`, `village_idvillage`, `center_type`, `center_lat`, `center_log`, `center_id_2012`, `creation_date`, `modify_date`, `status`) VALUES
(967, 18029, 'طلائع الوحدة', 8, 8, 40, 437, 17, '1عام', '12.34693000', '31.94056100', 0, '2014-11-02 14:23:47', '2014-11-03 13:08:50', 1),
(968, 18030, 'جمال عبدالناصر', 8, 8, 40, 33, 17, '1عام', '12.25129800', '31.90134900', 0, '2014-11-02 14:23:47', '2014-11-03 13:08:50', 1),
(969, 18031, 'النصر لاساسي', 8, 8, 40, 33, 17, '1عام', '12.25722200', '31.91527800', 0, '2014-11-02 14:23:47', '2014-11-03 13:08:50', 1),
(970, 18032, 'الكفاح', 8, 8, 40, 440, 17, '1عام', '12.24297200', '31.94769400', 0, '2014-11-02 14:23:47', '2014-11-03 13:08:50', 1),
(971, 18033, 'الشرقية للتعليم الأساسي', 8, 8, 40, 440, 17, '1عام', '12.26963600', '31.94259400', 0, '2014-11-02 14:23:47', '2014-11-03 13:08:50', 1),
(972, 18034, 'علي بن ابي طالب', 8, 8, 40, 441, 17, '1عام', '12.22131700', '31.94216800', 0, '2014-11-02 14:23:47', '2014-11-03 13:08:50', 1),
(973, 18035, 'الكردون', 8, 8, 40, 363, 17, '1عام', '12.21963500', '31.93101200', 0, '2014-11-02 14:23:47', '2014-11-03 13:08:50', 1),
(974, 18036, 'معركة العميان', 8, 8, 40, 363, 17, '1عام', '12.24100300', '31.91616000', 0, '2014-11-02 14:23:47', '2014-11-03 13:08:50', 1),
(975, 18037, 'محمد الامام', 8, 8, 40, 364, 17, '1عام', '12.24482200', '31.93171100', 0, '2014-11-02 14:23:47', '2014-11-03 13:08:50', 1),
(976, 18038, 'ودي الخيل', 8, 8, 40, 365, 17, '1عام', '12.14450000', '31.55250000', 0, '2014-11-02 14:23:47', '2014-11-03 13:08:50', 1),
(977, 18039, 'ليبيا الحرة', 8, 8, 39, 21, 10, '1عام', '12.02077800', '31.96394400', 0, '2014-11-02 14:23:47', '2014-11-03 13:08:50', 1),
(978, 18040, 'المجاهد سليمان الباروني', 8, 8, 39, 375, 10, '1عام', '11.99506100', '31.94293800', 0, '2014-11-02 14:23:47', '2014-11-03 13:08:50', 1),
(979, 18041, 'ابوزيد المزغورتي', 8, 8, 39, 758, 10, '1عام', '11.97204900', '31.96802700', 0, '2014-11-02 14:23:47', '2014-11-03 13:08:50', 1),
(980, 18042, 'تانوية 17 فبراير', 8, 8, 39, 755, 10, '1عام', '12.02622000', '31.95014800', 0, '2014-11-02 14:23:47', '2014-11-03 13:08:50', 1),
(981, 18043, 'صلاح الدين', 8, 8, 39, 756, 10, '1عام', '12.01477900', '31.94338600', 0, '2014-11-02 14:23:47', '2014-11-03 13:08:50', 1),
(982, 18044, 'مدرسة الفاروق', 8, 8, 39, 373, 10, '1عام', '11.94526900', '31.91604500', 0, '2014-11-02 14:23:47', '2014-11-03 13:08:50', 1),
(983, 18045, 'شكشوك الثانوية', 8, 8, 39, 374, 10, '1عام', '11.95739300', '32.01653600', 0, '2014-11-02 14:23:47', '2014-11-03 13:08:50', 1),
(984, 18046, 'شهداء الرجبان', 8, 8, 38, 366, 74, '1عام', '12.15014400', '31.94878900', 0, '2014-11-02 14:23:47', '2014-11-03 13:08:50', 1),
(985, 18047, 'محمد فكيني', 8, 8, 38, 367, 74, '1عام', '12.10472200', '31.98027800', 0, '2014-11-02 14:23:47', '2014-11-03 13:08:50', 1),
(986, 18048, 'الرجبان للتعليم الأساسي', 8, 8, 38, 367, 74, '1عام', '12.11306700', '31.98281400', 0, '2014-11-02 14:23:47', '2014-11-03 13:08:50', 1),
(987, 18049, 'شهداء الوخيم', 8, 8, 38, 368, 74, '1عام', '12.12933700', '31.97071300', 0, '2014-11-02 14:23:47', '2014-11-03 13:08:50', 1),
(988, 18050, 'الشهيد محمد شعيب', 8, 8, 38, 369, 74, '1عام', '12.57970300', '32.04856000', 0, '2014-11-02 14:23:47', '2014-11-03 13:08:50', 1),
(989, 18051, '17فبراير فجر الثورة', 8, 8, 37, 370, 75, '1عام', '11.79784300', '31.85073000', 0, '2014-11-02 14:23:47', '2014-11-03 13:08:50', 1),
(990, 18052, 'حمزة بن عبدالمطلب', 8, 8, 37, 371, 75, '1عام', '11.88196700', '31.89506800', 0, '2014-11-02 14:23:47', '2014-11-03 13:08:50', 1),
(991, 18053, 'الهدى الاسلامي', 8, 8, 37, 372, 75, '1عام', '11.88473500', '31.86080600', 0, '2014-11-02 14:23:47', '2014-11-03 13:08:50', 1),
(992, 18054, 'شهداء الرحيبات', 8, 8, 37, 468, 75, '1عام', '11.89480600', '31.87730800', 0, '2014-11-02 14:23:47', '2014-11-03 13:08:50', 1),
(993, 18055, 'خالد بن وليد', 8, 8, 41, 469, 76, '1عام', '14.26048100', '29.98799200', 0, '2014-11-02 14:23:47', '2014-11-03 13:08:50', 1),
(994, 18056, 'ثانوية الشويرف', 8, 8, 41, 470, 76, '1عام', '14.25958600', '29.97920000', 0, '2014-11-02 14:23:47', '2014-11-03 13:08:50', 1),
(995, 18057, 'موسي بن نصير', 8, 8, 41, 471, 76, '1عام', '13.57854400', '30.38849400', 0, '2014-11-02 14:23:47', '2014-11-03 13:08:50', 1),
(996, 18058, 'المجاهد سالم بن عبدالنبي', 8, 8, 41, 472, 76, '1عام', '13.41761900', '30.41517500', 0, '2014-11-02 14:23:47', '2014-11-03 13:08:50', 1),
(997, 18059, 'ثانوية مزدة المركزية التخصيصة', 8, 8, 41, 473, 76, '1عام', '12.97998100', '31.44076400', 0, '2014-11-02 14:23:47', '2014-11-03 13:08:50', 1),
(998, 18060, 'طبقة الثانوية التخصيصة', 8, 8, 41, 474, 76, '1عام', '13.30518900', '30.43066500', 0, '2014-11-02 14:23:47', '2014-11-03 13:08:50', 1),
(999, 18061, '28يونيو', 8, 8, 42, 475, 83, '1عام', '11.15731200', '31.97396100', 0, '2014-11-02 14:23:47', '2014-11-03 13:08:50', 1),
(1000, 18062, 'حطين', 8, 8, 42, 779, 83, '1عام', '10.83797100', '32.00080900', 0, '2014-11-02 14:23:47', '2014-11-03 13:08:50', 1),
(1001, 18063, 'القصر', 8, 8, 42, 476, 83, '1عام', '10.98256900', '31.86288900', 0, '2014-11-02 14:23:47', '2014-11-03 13:08:50', 1),
(1002, 18064, 'الشيخ العيساوي', 8, 8, 42, 477, 83, '1عام', '11.04989900', '31.82315700', 0, '2014-11-02 14:23:47', '2014-11-03 13:08:50', 1),
(1003, 18065, '17فبراير تكوت', 8, 8, 42, 478, 83, '1عام', '11.02478900', '31.96258200', 0, '2014-11-02 14:23:47', '2014-11-03 13:08:50', 1),
(1004, 18066, 'الحياة', 8, 8, 42, 479, 83, '1عام', '10.97694400', '31.87797200', 0, '2014-11-02 14:23:47', '2014-11-03 13:08:50', 1),
(1005, 18067, '17 فبراير نالوت', 8, 8, 42, 479, 83, '1عام', '10.96416300', '31.89342700', 0, '2014-11-02 14:23:47', '2014-11-03 13:08:50', 1),
(1006, 18068, 'الشهداء', 8, 8, 42, 480, 83, '1عام', '10.99000100', '31.85466700', 0, '2014-11-02 14:23:47', '2014-11-03 13:08:50', 1),
(1007, 18069, 'نالوت الإعدادية', 8, 8, 42, 480, 83, '1عام', '10.98491800', '31.84539200', 0, '2014-11-02 14:23:47', '2014-11-03 13:08:50', 1),
(1008, 18070, 'ثانوية وازن', 8, 8, 42, 442, 83, '1عام', '10.66864900', '31.94170100', 0, '2014-11-02 14:23:47', '2014-11-03 13:08:50', 1),
(1009, 18071, 'البدارنة الشرقية', 8, 8, 44, 443, 16, '1عام', '11.65236900', '31.92168400', 0, '2014-11-02 14:23:47', '2014-11-03 13:08:50', 1),
(1010, 18072, 'البدارنة', 8, 8, 44, 444, 16, '1عام', '11.64541700', '31.96955600', 0, '2014-11-02 14:23:47', '2014-11-03 13:08:50', 1),
(1011, 18073, 'علي الشاوش / كاباو الثانوية', 8, 8, 44, 467, 16, '1عام', '11.34412900', '31.84035700', 0, '2014-11-02 14:23:47', '2014-11-03 13:08:50', 1),
(1012, 18074, 'الجوش الشرقية', 8, 8, 44, 445, 16, '1عام', '11.67734200', '31.99419800', 0, '2014-11-02 14:23:47', '2014-11-03 13:08:50', 1),
(1013, 18075, 'تنداميرة المركزية', 8, 8, 44, 716, 16, '1عام', '11.49344900', '31.86198800', 0, '2014-11-02 14:23:47', '2014-11-03 13:08:50', 1),
(1014, 18076, 'عمر المختار', 8, 8, 44, 446, 16, '1عام', '11.58022000', '31.87613300', 0, '2014-11-02 14:23:47', '2014-11-03 13:08:50', 1),
(1015, 18077, 'زهرات 17فبراير', 8, 8, 44, 32, 16, '1عام', '11.33994700', '31.84945100', 0, '2014-11-02 14:23:47', '2014-11-03 13:08:50', 1),
(1016, 18078, 'محمد بن بكر الفرسطاني', 8, 8, 44, 32, 16, '1عام', '11.36991300', '31.86597700', 0, '2014-11-02 14:23:47', '2014-11-03 13:08:50', 1),
(1017, 18079, 'الشهيد عمر ابو سنينة', 8, 8, 44, 447, 16, '1عام', '11.15348600', '31.85512700', 0, '2014-11-02 14:23:47', '2014-11-03 13:08:50', 1),
(1018, 18080, 'النصر', 8, 8, 44, 448, 16, '1عام', '11.34331400', '31.85966900', 0, '2014-11-02 14:23:47', '2014-11-03 13:08:50', 1),
(1019, 18081, 'تملوشايت', 8, 8, 44, 759, 16, '1عام', '11.47295200', '31.85966300', 0, '2014-11-02 14:23:47', '2014-11-03 13:08:50', 1),
(1020, 18082, 'طمزين الإعدادية', 8, 8, 44, 449, 16, '1عام', '11.41511600', '31.84944900', 0, '2014-11-02 14:23:47', '2014-11-03 13:08:50', 1),
(1021, 18083, 'تيجى للبنات زكزاو', 8, 8, 43, 450, 84, '1عام', '11.17947200', '32.04047200', 0, '2014-11-02 14:23:47', '2014-11-03 13:08:50', 1),
(1022, 18084, '17فبراير', 8, 8, 43, 451, 84, '1عام', '11.91671100', '32.52194900', 0, '2014-11-02 14:23:47', '2014-11-03 13:08:50', 1),
(1023, 18085, 'شهداء تيجي في 17 فبراير', 8, 8, 43, 452, 84, '1عام', '11.35369400', '32.00705600', 0, '2014-11-02 14:23:47', '2014-11-03 13:08:50', 1),
(1024, 18086, 'الشهيد محمد السعداوي', 8, 8, 43, 453, 84, '1عام', '11.54441700', '32.06413900', 0, '2014-11-02 14:23:47', '2014-11-03 13:08:50', 1),
(1025, 18087, 'الريادة', 8, 8, 43, 454, 84, '1عام', '11.34780600', '32.00405600', 0, '2014-11-02 14:23:47', '2014-11-03 13:08:50', 1),
(1026, 18088, 'بدر المركزية', 8, 8, 43, 455, 84, '1عام', '11.54506200', '32.06131100', 0, '2014-11-02 14:23:47', '2014-11-03 13:08:50', 1),
(1027, 18089, 'أولاد طالب المركزية', 8, 8, 43, 456, 84, '1عام', '11.36851900', '31.99628700', 0, '2014-11-02 14:23:47', '2014-11-03 13:08:50', 1),
(1028, 18090, 'بدر للتعليم الأساسي', 8, 8, 43, 457, 84, '1عام', '11.54311100', '32.04980600', 0, '2014-11-02 14:23:47', '2014-11-03 13:08:50', 1),
(1029, 18091, 'تيجي المركزية', 8, 8, 43, 450, 84, '1عام', '11.35780600', '32.01186100', 0, '2014-11-02 14:23:47', '2014-11-03 13:08:50', 1),
(1030, 18092, 'الشهيدة الزائرة', 8, 8, 43, 458, 84, '1عام', '11.54610500', '32.06121800', 0, '2014-11-02 14:23:47', '2014-11-03 13:08:50', 1),
(1031, 18093, 'مدرسة عمر المختار', 8, 8, 36, 434, 81, '1عام', '', '', 0, '2014-11-02 14:23:47', '2014-11-03 13:08:50', 1),
(1032, 18400, '17فبراير ', 8, 8, 41, 459, 85, '2نازحين', '12.15724000', '31.56380000', 0, '2014-11-02 14:23:47', '2014-11-03 13:08:50', 1),
(1033, 18701, 'حقل الحمادة النفطى', 8, 0, 0, NULL, NULL, '3حقل نفط', '', '29.53277778', 0, '2014-11-02 14:23:47', '2014-11-03 13:08:50', 1),
(1034, 21001, 'غدوة الثانوية', 9, 6, 22, 460, 86, '1عام', '14.27353000', '26.43862000', 0, '2014-11-02 14:23:47', '2014-11-03 13:08:50', 1),
(1035, 21002, 'تمنهنت الثانوية', 9, 6, 22, 769, 86, '1عام', '14.62729000', '27.20981000', 0, '2014-11-02 14:23:47', '2014-11-03 13:08:50', 1),
(1036, 21003, 'ابن سيناء الثانوية', 9, 6, 22, 770, 86, '1عام', '14.88368000', '27.27556000', 0, '2014-11-02 14:23:47', '2014-11-03 13:08:50', 1),
(1037, 21004, 'البوانيس الثانوية', 9, 6, 22, 461, 86, '1عام', '14.90585000', '27.36838000', 0, '2014-11-02 14:23:47', '2014-11-03 13:08:50', 1),
(1038, 21005, 'القدس', 9, 6, 22, 462, 86, '1عام', '14.43236000', '27.02505000', 0, '2014-11-02 14:23:47', '2014-11-03 13:08:50', 1),
(1039, 21006, 'عمر بن الخطاب', 9, 6, 22, 462, 86, '1عام', '14.43658000', '27.02545000', 0, '2014-11-02 14:23:47', '2014-11-03 13:08:50', 1),
(1040, 21007, 'الخلود', 9, 6, 22, 463, 86, '1عام', '14.44045000', '27.02816000', 0, '2014-11-02 14:23:47', '2014-11-03 13:08:50', 1),
(1041, 21008, 'جابر بن حيان', 9, 6, 22, 463, 86, '1عام', '14.44115000', '27.02825000', 0, '2014-11-02 14:23:47', '2014-11-03 13:08:50', 1),
(1042, 21009, 'مركز الشرارة للمهن الميكانيكية', 9, 6, 22, 771, 86, '1عام', '14.44816000', '27.01126000', 0, '2014-11-02 14:23:47', '2014-11-03 13:08:50', 1),
(1043, 21010, 'ابوبكر الصديق', 9, 6, 22, 464, 86, '1عام', '14.43446000', '27.04134000', 0, '2014-11-02 14:23:47', '2014-11-03 13:08:50', 1),
(1044, 21011, 'علي بن ابي طالب', 9, 6, 22, 464, 86, '1عام', '14.41729500', '27.03228300', 0, '2014-11-02 14:23:47', '2014-11-03 13:08:50', 1),
(1045, 21012, 'فاطمة الزهراء', 9, 6, 22, 464, 86, '1عام', '14.42415100', '27.03655900', 0, '2014-11-02 14:23:47', '2014-11-03 13:08:50', 1),
(1046, 21013, 'موسى بن نصير', 9, 6, 22, 464, 86, '1عام', '14.42167000', '27.02912000', 0, '2014-11-02 14:23:47', '2014-11-03 13:08:50', 1),
(1047, 21014, 'طارق بن زياد', 9, 6, 22, 465, 86, '1عام', '14.43391000', '27.03302000', 0, '2014-11-02 14:23:47', '2014-11-03 13:08:50', 1),
(1048, 21015, 'ذات النطاقين', 9, 6, 22, 465, 86, '1عام', '14.43063000', '27.03934000', 0, '2014-11-02 14:23:47', '2014-11-03 13:08:50', 1),
(1049, 21016, 'ليبيا الحرة الثانوية', 9, 6, 22, 466, 86, '1عام', '14.41859300', '27.04418800', 0, '2014-11-02 14:23:47', '2014-11-03 13:08:50', 1),
(1050, 21017, 'خديجة الكبري', 9, 6, 22, 466, 86, '1عام', '14.41033000', '27.05223000', 0, '2014-11-02 14:23:47', '2014-11-03 13:08:50', 1),
(1051, 21018, 'المنار', 9, 6, 22, 466, 86, '1عام', '14.41613000', '27.04295000', 0, '2014-11-02 14:23:47', '2014-11-03 13:08:50', 1),
(1052, 21019, 'الجديد الثانوية', 9, 6, 22, 466, 86, '1عام', '14.41695000', '27.04539000', 0, '2014-11-02 14:23:47', '2014-11-03 13:08:50', 1),
(1053, 21020, 'الحرية', 9, 6, 22, 466, 86, '1عام', '14.41280000', '27.05190000', 0, '2014-11-02 14:23:47', '2014-11-03 13:08:50', 1),
(1054, 21021, 'الجمهورية', 9, 6, 22, 466, 86, '1عام', '14.41684000', '27.04149000', 0, '2014-11-02 14:23:47', '2014-11-03 13:08:50', 1),
(1055, 21022, 'خولة بنت الازور', 9, 6, 22, 509, 86, '1عام', '14.42134000', '27.05170000', 0, '2014-11-02 14:23:47', '2014-11-03 13:08:50', 1),
(1056, 21023, 'عبدالسلام سحبان', 9, 6, 22, 509, 86, '1عام', '14.42027000', '27.05934000', 0, '2014-11-02 14:23:47', '2014-11-03 13:08:50', 1),
(1057, 21024, '17فبراير', 9, 6, 22, 465, 86, '1عام', '14.42243000', '27.04421000', 0, '2014-11-02 14:23:47', '2014-11-03 13:08:50', 1),
(1058, 21025, 'القاهرة', 9, 6, 22, 771, 86, '1عام', '14.45612000', '27.02301000', 0, '2014-11-02 14:23:47', '2014-11-03 13:08:50', 1),
(1059, 21026, 'النصر', 9, 6, 22, 510, 86, '1عام', '14.43619000', '27.04556000', 0, '2014-11-02 14:23:47', '2014-11-03 13:08:50', 1),
(1060, 21027, 'سبها الثانوية', 9, 6, 22, 510, 86, '1عام', '14.43446000', '27.04134000', 0, '2014-11-02 14:23:47', '2014-11-03 13:08:50', 1),
(1061, 21028, 'المهدية للتعليم الاساسي', 9, 6, 22, 510, 86, '1عام', '14.44816000', '27.01126000', 0, '2014-11-02 14:23:47', '2014-11-03 13:08:50', 1),
(1062, 21029, 'شهداء جنين', 9, 6, 22, 772, 86, '1عام', '14.46043000', '27.03334000', 0, '2014-11-02 14:23:47', '2014-11-03 13:08:50', 1),
(1063, 21030, 'جمال عبدالناصر', 9, 6, 22, 772, 86, '1عام', '14.46196000', '27.02422000', 0, '2014-11-02 14:23:47', '2014-11-03 13:08:50', 1),
(1064, 21031, 'مدرسة جمال عبد الناصر', 9, 6, 23, 511, 87, '1عام', '14.35550000', '27.58341000', 0, '2014-11-02 14:23:47', '2014-11-03 13:08:50', 1),
(1065, 21032, 'ثانوية القدس', 9, 6, 23, 511, 87, '1عام', '14.35642000', '27.58380000', 0, '2014-11-02 14:23:47', '2014-11-03 13:08:50', 1),
(1066, 21033, 'مدرسة شهداء الشب', 9, 6, 23, 481, 87, '1عام', '14.44730000', '27.55729000', 0, '2014-11-02 14:23:47', '2014-11-03 13:08:50', 1),
(1067, 21034, 'مدرسة عقبة بن نافع', 9, 6, 23, 482, 87, '1عام', '14.25399000', '27.57385000', 0, '2014-11-02 14:23:47', '2014-11-03 13:08:50', 1),
(1068, 21035, 'مدرسة 24 ديسمبر', 9, 6, 23, 483, 87, '1عام', '14.23434000', '27.57451000', 0, '2014-11-02 14:23:47', '2014-11-03 13:08:50', 1),
(1069, 21036, 'ثانوية ذات النطاقين', 9, 6, 23, 484, 87, '1عام', '14.27564000', '27.54710000', 0, '2014-11-02 14:23:47', '2014-11-03 13:08:50', 1),
(1070, 21037, 'مدرسة المستقبل', 9, 6, 23, 485, 87, '1عام', '14.29138000', '27.53863000', 0, '2014-11-02 14:23:47', '2014-11-03 13:08:50', 1),
(1071, 21038, 'مدرسة المرحوم علي البصير', 9, 6, 23, 486, 87, '1عام', '14.27608000', '27.54771000', 0, '2014-11-02 14:23:47', '2014-11-03 13:08:50', 1),
(1072, 21039, 'مدرسة صلاح الدين الايوبي', 9, 6, 23, 487, 87, '1عام', '14.25741000', '27.53543000', 0, '2014-11-02 14:23:47', '2014-11-03 13:08:50', 1),
(1073, 21040, 'مدرسة الانطلاقة', 9, 6, 23, 773, 87, '1عام', '14.16656000', '27.53196000', 0, '2014-11-02 14:23:47', '2014-11-03 13:08:50', 1),
(1074, 21041, 'مدرسة تامزاوة', 9, 6, 23, 488, 87, '1عام', '14.21298000', '27.58021000', 0, '2014-11-02 14:23:47', '2014-11-03 13:08:50', 1),
(1075, 21042, 'مدرسة المجد', 9, 6, 23, 488, 87, '1عام', '14.21895000', '27.57055000', 0, '2014-11-02 14:23:47', '2014-11-03 13:08:50', 1),
(1076, 21043, 'مدرسة الخوارزمي', 9, 6, 23, 489, 87, '1عام', '13.97117000', '27.49122000', 0, '2014-11-02 14:23:47', '2014-11-03 13:08:50', 1),
(1077, 21044, 'مدرسة الديسة', 9, 6, 23, 490, 87, '1عام', '13.96109000', '27.50764000', 0, '2014-11-02 14:23:47', '2014-11-03 13:08:50', 1),
(1078, 21045, 'مدرسة جبل الحساونة', 9, 6, 23, 491, 87, '1عام', '13.94038400', '27.50623700', 0, '2014-11-02 14:23:47', '2014-11-03 13:08:50', 1),
(1079, 21046, 'مدرسة شهداء القارة', 9, 6, 23, 492, 87, '1عام', '14.01451000', '27.50613000', 0, '2014-11-02 14:23:47', '2014-11-03 13:08:50', 1),
(1080, 21047, 'مدرسة شهداء ليبيا', 9, 6, 23, 493, 87, '1عام', '14.02139000', '27.49027000', 0, '2014-11-02 14:23:47', '2014-11-03 13:08:50', 1),
(1081, 21048, 'مدرسة ناصر', 9, 6, 23, 489, 87, '1عام', '14.19606000', '27.57044000', 0, '2014-11-02 14:23:47', '2014-11-03 13:08:50', 1),
(1082, 21049, 'شهداء بوغرة', 9, 6, 23, 494, 87, '1عام', '14.18106000', '27.52406000', 0, '2014-11-02 14:23:47', '2014-11-03 13:08:50', 1),
(1083, 21050, 'مدرسة الوحدة', 9, 6, 23, 495, 87, '1عام', '14.08594600', '27.51696200', 0, '2014-11-02 14:23:47', '2014-11-03 13:08:50', 1),
(1084, 21051, 'مدرسة غزوة بدر الكبري', 9, 6, 23, 496, 87, '1عام', '13.62561000', '27.54940800', 0, '2014-11-02 14:23:47', '2014-11-03 13:08:50', 1),
(1085, 21052, 'مدرسة ابو قدقود', 9, 6, 23, 497, 87, '1عام', '13.62141000', '27.57099000', 0, '2014-11-02 14:23:47', '2014-11-03 13:08:50', 1),
(1086, 21053, 'مدرسة 20 اكتوبر', 9, 6, 23, 498, 87, '1عام', '13.54805000', '27.55811000', 0, '2014-11-02 14:23:47', '2014-11-03 13:08:50', 1),
(1087, 21054, 'مدرسة خالد بن الوليد', 9, 6, 23, 499, 87, '1عام', '13.79251000', '27.48562000', 0, '2014-11-02 14:23:47', '2014-11-03 13:08:50', 1),
(1088, 21055, 'مدرسة الانتصار', 9, 6, 23, 500, 87, '1عام', '13.83045400', '27.47035000', 0, '2014-11-02 14:23:47', '2014-11-03 13:08:50', 1),
(1089, 21056, 'مدرسة القلة', 9, 6, 23, 501, 87, '1عام', '13.63215700', '27.57429500', 0, '2014-11-02 14:23:47', '2014-11-03 13:08:50', 1),
(1090, 21057, 'مدرسة عثمان بن عفان', 9, 6, 23, 502, 87, '1عام', '13.05344000', '27.44974000', 0, '2014-11-02 14:23:47', '2014-11-03 13:08:50', 1),
(1091, 21058, 'مدرسة التحرير', 9, 6, 23, 503, 87, '1عام', '13.03202000', '27.49254000', 0, '2014-11-02 14:23:47', '2014-11-03 13:08:50', 1),
(1092, 21059, 'مدرسة الشهيد عمر المختار', 9, 6, 23, 504, 87, '1عام', '13.11984000', '27.48691500', 0, '2014-11-02 14:23:47', '2014-11-03 13:08:50', 1),
(1093, 21060, 'شهداء فبراير', 9, 6, 23, 505, 87, '1عام', '13.33376000', '27.47925000', 0, '2014-11-02 14:23:47', '2014-11-03 13:08:50', 1),
(1094, 21061, 'مدرسة الحطية', 9, 6, 23, 506, 87, '1عام', '13.27512000', '27.50092000', 0, '2014-11-02 14:23:47', '2014-11-03 13:08:50', 1),
(1095, 21400, 'مقر الهيئة الليبية للأغاثة سبها, مفوضية الكشافة', 9, 9, 46, NULL, NULL, '2نازحين', '14.42616800', '27.04298300', 0, '2014-11-02 14:23:47', '2014-11-03 13:08:50', 1),
(1096, 21500, 'براك الشاطئ, مدرسة عقبة بن نافع منطقة زلواز قرب المركز الصحي', 9, 9, 46, NULL, NULL, '2نازحين', '', '', 0, '2014-11-02 14:23:47', '2014-11-03 13:08:50', 1),
(1097, 22001, 'أوباري المركزية', 10, 7, 24, 507, 88, '1عام', '12.77126400', '26.58961700', 0, '2014-11-02 14:23:47', '2014-11-03 13:08:50', 1),
(1098, 22002, 'الوحدة العربية', 10, 7, 24, 507, 88, '1عام', '12.77467700', '26.59104000', 0, '2014-11-02 14:23:47', '2014-11-03 13:08:50', 1),
(1099, 22003, 'الجيل الصاعد', 10, 7, 24, 508, 89, '1عام', '12.72922800', '26.59265400', 0, '2014-11-02 14:23:47', '2014-11-03 13:08:50', 1),
(1100, 22004, 'سكينة بنت الحسين', 10, 7, 24, 507, 88, '1عام', '12.78111400', '26.58451400', 0, '2014-11-02 14:23:47', '2014-11-03 13:08:50', 1),
(1101, 22005, 'الديسة الابتدائية', 10, 7, 24, 543, 117, '1عام', '12.81936400', '26.58653900', 0, '2014-11-02 14:23:47', '2014-11-03 13:08:50', 1),
(1102, 22006, 'الفاروق', 10, 7, 24, 543, 117, '1عام', '12.83229400', '26.59230800', 0, '2014-11-02 14:23:47', '2014-11-03 13:08:50', 1),
(1103, 22007, 'أسامة بن زيد', 10, 7, 24, 544, 118, '1عام', '12.94201900', '26.57407200', 0, '2014-11-02 14:23:47', '2014-11-03 13:08:50', 1),
(1104, 22008, 'المجد الثانوية', 10, 7, 24, 545, 119, '1عام', '12.98439200', '26.52460300', 0, '2014-11-02 14:23:47', '2014-11-03 13:08:50', 1),
(1105, 22009, 'النهضة', 10, 7, 24, 546, 120, '1عام', '13.01221100', '26.52841700', 0, '2014-11-02 14:23:47', '2014-11-03 13:08:50', 1),
(1106, 22010, 'عمر بن الخطاب', 10, 7, 24, 546, 120, '1عام', '13.01282400', '26.51866800', 0, '2014-11-02 14:23:47', '2014-11-03 13:08:50', 1),
(1107, 22011, 'النجم الثاقب', 10, 7, 24, 547, 121, '1عام', '13.07099400', '26.52852500', 0, '2014-11-02 14:23:47', '2014-11-03 13:08:50', 1),
(1108, 22012, 'مدرسة توش الابتدائية الاعدادية', 10, 7, 24, 548, 122, '1عام', '13.09765300', '26.54023100', 0, '2014-11-02 14:23:47', '2014-11-03 13:08:50', 1),
(1109, 22013, 'الشهيد عمر المختار', 10, 7, 24, 549, 123, '1عام', '13.11287500', '26.55433100', 0, '2014-11-02 14:23:47', '2014-11-03 13:08:50', 1),
(1110, 22014, 'الخرائق الابتداية والاعدادية', 10, 7, 24, 550, 124, '1عام', '13.18003300', '26.56015000', 0, '2014-11-02 14:23:47', '2014-11-03 13:08:50', 1),
(1111, 22015, 'تويوة الابندائية والاعدادية', 10, 7, 24, 551, 125, '1عام', '13.14962500', '26.55830600', 0, '2014-11-02 14:23:47', '2014-11-03 13:08:50', 1),
(1112, 22016, 'قراقرة الثانوية', 10, 7, 24, 552, 126, '1عام', '13.20854700', '26.55490300', 0, '2014-11-02 14:23:47', '2014-11-03 13:08:50', 1),
(1113, 22017, 'مدرسة جمال عبدالناصر', 10, 7, 24, 553, 127, '1عام', '13.24220000', '26.55991700', 0, '2014-11-02 14:23:47', '2014-11-03 13:08:50', 1),
(1114, 22018, 'عرب الصحراء', 10, 7, 24, 554, 128, '1عام', '13.31316400', '26.54365600', 0, '2014-11-02 14:23:47', '2014-11-03 13:08:50', 1),
(1115, 22019, 'مدرسة لاركو الابتدائية', 10, 7, 24, 555, 129, '1عام', '13.36371100', '26.54194200', 0, '2014-11-02 14:23:47', '2014-11-03 13:08:50', 1),
(1116, 22020, 'شهداء الهاني', 10, 7, 24, 556, 130, '1عام', '13.40511400', '26.54728600', 0, '2014-11-02 14:23:47', '2014-11-03 13:08:50', 1),
(1117, 22021, 'النور', 10, 7, 24, 557, 131, '1عام', '13.43662800', '26.57549400', 0, '2014-11-02 14:23:47', '2014-11-03 13:08:50', 1),
(1118, 22022, 'الرقيبة المركزية', 10, 7, 24, 558, 132, '1عام', '13.56150000', '26.59880600', 0, '2014-11-02 14:23:47', '2014-11-03 13:08:50', 1),
(1119, 22023, 'خالد بن الوليد', 10, 7, 24, 558, 132, '1عام', '13.56423100', '26.60290800', 0, '2014-11-02 14:23:47', '2014-11-03 13:08:50', 1),
(1120, 22024, 'التناحمة للتعليم الأساسي', 10, 7, 24, 559, 133, '1عام', '13.62238300', '26.62458600', 0, '2014-11-02 14:23:47', '2014-11-03 13:08:50', 1),
(1121, 22025, 'بنت بية الثانوية', 10, 7, 24, 560, 134, '1عام', '13.65177800', '26.64899400', 0, '2014-11-02 14:23:47', '2014-11-03 13:08:50', 1),
(1122, 22026, 'الهاني للتعليم الاساسي', 10, 7, 24, 561, 135, '1عام', '13.75430000', '26.67416900', 0, '2014-11-02 14:23:47', '2014-11-03 13:08:50', 1),
(1123, 22027, 'مدرسة بن حارث الثانوية', 10, 7, 24, 562, 136, '1عام', '13.94577500', '26.74560000', 0, '2014-11-02 14:23:47', '2014-11-03 13:08:50', 1),
(1124, 22028, 'الأبيض للتعليم الأساسي', 10, 7, 24, 563, 137, '1عام', '14.00001900', '26.76306700', 0, '2014-11-02 14:23:47', '2014-11-03 13:08:50', 1),
(1125, 22029, 'ثانوية البنات', 10, 7, 27, 564, 138, '1عام', '13.92160000', '25.91771100', 0, '2014-11-02 14:23:47', '2014-11-03 13:08:50', 1),
(1126, 22030, 'مرزق للبنين الإعدادية', 10, 7, 27, 564, 138, '1عام', '13.91508300', '25.91650300', 0, '2014-11-02 14:23:47', '2014-11-03 13:08:50', 1),
(1127, 22031, 'مصعب بن عمير', 10, 7, 27, 564, 138, '1عام', '13.91861700', '25.91909400', 0, '2014-11-02 14:23:47', '2014-11-03 13:08:50', 1),
(1128, 22032, 'عمر بن الخطاب', 10, 7, 27, 564, 138, '1عام', '13.90007500', '25.92743300', 0, '2014-11-02 14:23:47', '2014-11-03 13:08:50', 1),
(1129, 22033, 'بند لواح', 10, 7, 27, 564, 138, '1عام', '13.91431100', '25.92524200', 0, '2014-11-02 14:23:47', '2014-11-03 13:08:50', 1),
(1130, 22034, 'حج حجيل للتعليم الاساسي', 10, 7, 27, 565, 139, '1عام', '14.04749700', '25.92560000', 0, '2014-11-02 14:23:47', '2014-11-03 13:08:50', 1),
(1131, 22035, 'جيزاو الشق الأول', 10, 7, 27, 566, 140, '1عام', '14.15335600', '25.87481100', 0, '2014-11-02 14:23:47', '2014-11-03 13:08:50', 1),
(1132, 22036, 'مدرسة أدليم الثانوية', 10, 7, 27, 567, 141, '1عام', '14.08661400', '25.93226700', 0, '2014-11-02 14:23:47', '2014-11-03 13:08:50', 1),
(1133, 22037, 'تساوة الشق الثاني', 10, 7, 26, 568, 142, '1عام', '13.50332500', '26.08602800', 0, '2014-11-02 14:23:47', '2014-11-03 13:08:50', 1),
(1134, 22038, 'اقار الشق الاول', 10, 7, 26, 569, 143, '1عام', '13.55294400', '26.09559400', 0, '2014-11-02 14:23:47', '2014-11-03 13:08:50', 1),
(1135, 22039, 'ثانوية السبيطات', 10, 7, 26, 570, 144, '1عام', '13.69026900', '26.09701400', 0, '2014-11-02 14:23:47', '2014-11-03 13:08:50', 1),
(1136, 22040, 'مرحبا للتعليم الأساسي', 10, 7, 26, 571, 145, '1عام', '13.65962800', '26.10083600', 0, '2014-11-02 14:23:47', '2014-11-03 13:08:50', 1),
(1137, 22041, 'انجارن للتعليم الاساسي', 10, 7, 26, 572, 146, '1عام', '13.39991389', '26.29938611', 0, '2014-11-02 14:23:47', '2014-11-03 13:08:50', 1),
(1138, 22042, 'فنقل للتعليم الاساسي', 10, 7, 28, 774, 208, '1عام', '14.27104200', '25.92154700', 0, '2014-11-02 14:23:47', '2014-11-03 13:08:50', 1),
(1139, 22043, 'الجبار للتعليم الاساسي', 10, 7, 28, 775, 209, '1عام', '14.51205600', '25.86535000', 0, '2014-11-02 14:23:47', '2014-11-03 13:08:50', 1),
(1140, 22044, 'ثانوية تراغن', 10, 7, 28, 776, 210, '1عام', '14.43617500', '25.92846900', 0, '2014-11-02 14:23:47', '2014-11-03 13:08:50', 1),
(1141, 22045, 'كلية التربية', 10, 7, 28, 776, 210, '1عام', '14.44740000', '25.92958300', 0, '2014-11-02 14:23:47', '2014-11-03 13:08:50', 1),
(1142, 22046, 'النهضة للتعليم الاساسي', 10, 7, 28, 777, 211, '1عام', '14.56697500', '25.90193100', 0, '2014-11-02 14:23:47', '2014-11-03 13:08:50', 1),
(1143, 22047, 'التضامن للتعليم الاساسي', 10, 7, 29, 573, 147, '1عام', '14.73632200', '26.13438900', 0, '2014-11-02 14:23:47', '2014-11-03 13:08:50', 1),
(1144, 22048, 'ام الارانب الثانوية', 10, 7, 29, 573, 147, '1عام', '14.73652500', '26.13490600', 0, '2014-11-02 14:23:47', '2014-11-03 13:08:50', 1),
(1145, 22049, '17فبرار للتعليم الاساسي', 10, 7, 29, 574, 148, '1عام', '14.84158300', '26.10100800', 0, '2014-11-02 14:23:47', '2014-11-03 13:08:50', 1),
(1146, 22050, 'عقبة بن نافع', 10, 7, 30, 778, 212, '1عام', '15.12906700', '26.16136900', 0, '2014-11-02 14:23:47', '2014-11-03 13:08:50', 1),
(1147, 22051, 'تمسة للتعليم الاساسي', 10, 7, 30, 575, 149, '1عام', '15.78370300', '26.39321400', 0, '2014-11-02 14:23:47', '2014-11-03 13:08:50', 1),
(1148, 22052, 'مجدول للتعليم الاساسي', 10, 7, 30, 576, 150, '1عام', '15.00576100', '25.83737000', 0, '2014-11-02 14:23:47', '2014-11-03 13:08:50', 1),
(1149, 22053, 'تربو للتعليم الاساسي', 10, 7, 30, 577, 151, '1عام', '15.16273000', '25.96934400', 0, '2014-11-02 14:23:47', '2014-11-03 13:08:50', 1),
(1150, 22054, 'مدرسة قصر مسعود', 10, 7, 31, 578, 152, '1عام', '14.57613900', '24.93014200', 0, '2014-11-02 14:23:47', '2014-11-03 13:08:50', 1),
(1151, 22055, 'القطرون للتعليم الاساسي', 10, 7, 31, 579, 153, '1عام', '14.52536500', '24.89156300', 0, '2014-11-02 14:23:47', '2014-11-03 13:08:50', 1),
(1152, 22056, 'ثانوية القطرون', 10, 7, 31, 579, 153, '1عام', '14.52346500', '24.88724500', 0, '2014-11-02 14:23:47', '2014-11-03 13:08:50', 1),
(1153, 22057, 'البخي للتعليم الأساسي', 10, 7, 31, 580, 154, '1عام', '14.49737100', '24.82968100', 0, '2014-11-02 14:23:47', '2014-11-03 13:08:50', 1),
(1154, 22058, 'مدروسة للتعليم الاساسي', 10, 7, 31, 581, 155, '1عام', '14.52206111', '24.85834722', 0, '2014-11-02 14:23:47', '2014-11-03 13:08:50', 1),
(1155, 22059, 'ثانوية تجرهي', 10, 7, 31, 582, 156, '1عام', '14.26757400', '24.32990000', 0, '2014-11-02 14:23:47', '2014-11-03 13:08:50', 1),
(1156, 22060, 'عمر المختار الثانوية', 10, 7, 25, 583, 157, '1عام', '10.56341700', '25.78426300', 0, '2014-11-02 14:23:47', '2014-11-03 13:08:50', 1),
(1157, 22061, 'تهالا للتعليم الأساسي', 10, 7, 25, 584, 158, '1عام', '10.35164200', '25.41764400', 0, '2014-11-02 14:23:47', '2014-11-03 13:08:50', 1),
(1158, 22062, 'عثمان بن عفان', 10, 7, 25, 34, 18, '1عام', '10.18800000', '24.97271100', 0, '2014-11-02 14:23:47', '2014-11-03 13:08:50', 1),
(1159, 22063, 'أسماء بنت الصديق', 10, 7, 25, 34, 18, '1عام', '10.18050000', '24.89665300', 0, '2014-11-02 14:23:47', '2014-11-03 13:08:50', 1),
(1160, 22064, 'أبطال 17فبراير', 10, 7, 25, 34, 18, '1عام', '10.08304700', '24.95190000', 0, '2014-11-02 14:23:47', '2014-11-03 13:08:50', 1),
(1161, 22065, 'الفيوت', 10, 7, 25, 585, 159, '1عام', '10.08307500', '24.95190000', 0, '2014-11-02 14:23:47', '2014-11-03 13:08:50', 1),
(1162, 22066, 'عائشة أم المؤمنين', 10, 7, 25, 586, 160, '1عام', '10.18260000', '24.88893900', 0, '2014-11-02 14:23:47', '2014-11-03 13:08:50', 1),
(1163, 22067, 'أبي بكر الصديق', 10, 7, 25, 586, 160, '1عام', '10.17476700', '24.96415000', 0, '2014-11-02 14:23:47', '2014-11-03 13:08:50', 1),
(1164, 22068, 'الفخفاخة الابتدائية والاعدادية', 10, 7, 24, 587, 161, '1عام', '', '', 0, '2014-11-02 14:23:47', '2014-11-03 13:08:50', 1),
(1165, 22069, 'الانتصار للتعليم الاساسى', 10, 7, 24, 588, 162, '1عام', '', '', 0, '2014-11-02 14:23:47', '2014-11-03 13:08:50', 1),
(1166, 22070, 'الحرية للتعليم الاساسى', 10, 7, 24, 589, 163, '1عام', '', '', 0, '2014-11-02 14:23:47', '2014-11-03 13:08:50', 1),
(1167, 22071, 'نقر كنمة للتعليم الأساسى', 10, 7, 31, 590, 164, '1عام', '', '', 0, '2014-11-02 14:23:47', '2014-11-03 13:08:50', 1),
(1168, 22072, 'ايسين', 10, 7, 25, 34, 18, '1عام', '', '', 0, '2014-11-02 14:23:47', '2014-11-03 13:08:50', 1),
(1169, 22073, 'القدس للتعليم الاساسي', 10, 7, 27, 564, 138, '1عام', '', '', 0, '2014-11-02 14:23:47', '2014-11-03 13:08:50', 1),
(1170, 22400, 'منطقة الفخفاخة مقر الجمعية الخيرية الفخفاخة', 10, 9, 46, NULL, NULL, '2نازحين', '43.07590556', '38.05198056', 0, '2014-11-02 14:23:47', '2014-11-03 13:08:50', 1),
(1171, 22701, 'حقل الشرارة', 10, 0, 0, NULL, NULL, '3حقل نفط', '', '', 0, '2014-11-02 14:23:47', '2014-11-03 13:08:50', 1),
(1172, 23001, 'شهداء سيناون', 11, 8, 45, 591, 165, '1عام', '10.60353300', '31.02354200', 0, '2014-11-02 14:23:47', '2014-11-03 13:08:50', 1),
(1173, 23002, 'الشروق', 11, 8, 45, 592, 165, '1عام', '10.54703100', '30.98292400', 0, '2014-11-02 14:23:47', '2014-11-03 13:08:50', 1),
(1174, 23003, 'غومة المحمودي', 11, 8, 45, 593, 165, '1عام', '10.46594200', '30.20795000', 0, '2014-11-02 14:23:47', '2014-11-03 13:08:50', 1),
(1175, 23004, 'صلاح الدين', 11, 8, 45, 780, 165, '1عام', '10.44780600', '30.17805300', 0, '2014-11-02 14:23:47', '2014-11-03 13:08:50', 1),
(1176, 23005, 'القدس', 11, 8, 45, 594, 165, '1عام', '10.45829400', '30.16660000', 0, '2014-11-02 14:23:47', '2014-11-03 13:08:50', 1),
(1177, 23006, 'درج المركزية', 11, 8, 45, 595, 165, '1عام', '10.45786400', '30.16482500', 0, '2014-11-02 14:23:47', '2014-11-03 13:08:50', 1),
(1178, 23007, 'شهداء غدامس', 11, 8, 45, 781, 165, '1عام', '9.48800600', '30.11027500', 0, '2014-11-02 14:23:47', '2014-11-03 13:08:50', 1),
(1179, 23008, 'ماترس للتعليم الأساسي', 11, 8, 45, 782, 165, '1عام', '10.36774200', '30.19659400', 0, '2014-11-02 14:23:47', '2014-11-03 13:08:50', 1),
(1180, 23009, 'عبد الله البسكوري', 11, 8, 45, 596, 165, '1عام', '9.49073600', '30.12334400', 0, '2014-11-02 14:23:47', '2014-11-03 13:08:50', 1),
(1181, 23010, 'عبد الرحمن البوصيري', 11, 8, 45, 597, 165, '1عام', '9.49021400', '30.12932800', 0, '2014-11-02 14:23:47', '2014-11-03 13:08:50', 1),
(1182, 23400, 'مدرسة اوال للتعليم الاساسي', 11, 8, 45, NULL, NULL, '2نازحين', '14.22352500', '30.22398056', 0, '2014-11-02 14:23:47', '2014-11-03 13:08:50', 1),
(1183, 23701, 'حقل الوفاء', 11, 0, 0, NULL, NULL, '3حقل نفط', '10.09184167', '29.48759444', 0, '2014-11-02 14:23:47', '2014-11-03 13:08:50', 1),
(1184, 31001, 'مدرسة شهداء عين الغزالة', 12, 1, 1, 598, 90, '1عام', '23.35614800', '32.14440400', 0, '2014-11-02 14:23:47', '2014-11-03 13:08:50', 1),
(1185, 31002, 'مدرسة الفضيل بوعمر', 12, 1, 1, 599, 90, '1عام', '23.48185200', '32.14040100', 0, '2014-11-02 14:23:47', '2014-11-03 13:08:50', 1),
(1186, 31003, 'مدرسة الشهيد رجب بوحويش', 12, 1, 1, 600, 90, '1عام', '23.55915300', '32.12916300', 0, '2014-11-02 14:23:47', '2014-11-03 13:08:50', 1),
(1187, 31004, 'مدرسة المرصص', 12, 1, 1, 601, 90, '1عام', '23.65181900', '32.11009100', 0, '2014-11-02 14:23:47', '2014-11-03 13:08:50', 1),
(1188, 31005, 'مدرسة موسي اهويدي', 12, 1, 1, 602, 90, '1عام', '23.82753600', '32.08157800', 0, '2014-11-02 14:23:47', '2014-11-03 13:08:50', 1),
(1189, 31006, 'مدرسة القدس', 12, 1, 1, 602, 90, '1عام', '23.91021500', '32.07841300', 0, '2014-11-02 14:23:47', '2014-11-03 13:08:50', 1),
(1190, 31007, 'مدرسة الزهور', 12, 1, 1, 602, 90, '1عام', '23.91920300', '32.07682400', 0, '2014-11-02 14:23:47', '2014-11-03 13:08:50', 1),
(1191, 31008, 'مدرسة اسامة بن زيد', 12, 1, 1, 602, 90, '1عام', '22.24439800', '32.76959500', 0, '2014-11-02 14:23:47', '2014-11-03 13:08:50', 1),
(1192, 31009, 'مدرسة عمر المختار', 12, 1, 1, 602, 90, '1عام', '23.94442900', '32.08210400', 0, '2014-11-02 14:23:47', '2014-11-03 13:08:50', 1),
(1193, 31010, 'مدرسة فاطمة الزهراء', 12, 1, 1, 602, 90, '1عام', '23.94446600', '32.08650700', 0, '2014-11-02 14:23:47', '2014-11-03 13:08:50', 1),
(1194, 31011, 'مدرسة اسماء ينت ابي بكر', 12, 1, 1, 602, 90, '1عام', '23.95176100', '32.08378600', 0, '2014-11-02 14:23:47', '2014-11-03 13:08:50', 1),
(1195, 31012, 'مدرسة طبرق الثانوية', 12, 1, 1, 602, 90, '1عام', '23.95253300', '32.09272100', 0, '2014-11-02 14:23:47', '2014-11-03 13:08:50', 1),
(1196, 31013, 'مدرسة الانتصار', 12, 1, 1, 602, 90, '1عام', '23.95531000', '32.09093500', 0, '2014-11-02 14:23:47', '2014-11-03 13:08:50', 1),
(1197, 31014, 'مدرسة الشيخ المبري', 12, 1, 1, 602, 90, '1عام', '23.96420100', '32.09065100', 0, '2014-11-02 14:23:47', '2014-11-03 13:08:50', 1),
(1198, 31015, 'مدرسة علي بن ابي طالب', 12, 1, 1, 602, 90, '1عام', '23.97526944', '32.09385000', 0, '2014-11-02 14:23:47', '2014-11-03 13:08:50', 1),
(1199, 31016, 'مدرسة عطية لياس', 12, 1, 1, 602, 90, '1عام', '23.96523700', '32.08672500', 0, '2014-11-02 14:23:47', '2014-11-03 13:08:50', 1),
(1200, 31017, 'مدرسة بدر الكبري', 12, 1, 1, 602, 90, '1عام', '23.97266944', '32.08530000', 0, '2014-11-02 14:23:47', '2014-11-03 13:08:50', 1),
(1201, 31018, 'مدرسة الفيحاء', 12, 1, 1, 602, 90, '1عام', '23.97214000', '32.08381000', 0, '2014-11-02 14:23:47', '2014-11-03 13:08:50', 1),
(1202, 31019, 'مدرسة علي حسن الجابر', 12, 1, 1, 602, 90, '1عام', '22.63819600', '32.75955300', 0, '2014-11-02 14:23:47', '2014-11-03 13:08:50', 1),
(1203, 31020, 'مدرسة خديجة الكبري', 12, 1, 1, 602, 90, '1عام', '23.98009000', '32.08092900', 0, '2014-11-02 14:23:47', '2014-11-03 13:08:50', 1),
(1204, 31021, 'مدرسة صالح الحداد', 12, 1, 1, 602, 90, '1عام', '23.98116600', '32.08644000', 0, '2014-11-02 14:23:47', '2014-11-03 13:08:50', 1),
(1205, 31022, 'مدرسة المنار', 12, 1, 1, 602, 90, '1عام', '23.98548611', '32.08479444', 0, '2014-11-02 14:23:47', '2014-11-03 13:08:50', 1),
(1206, 31023, 'مدرسة المجد', 12, 1, 1, 602, 90, '1عام', '23.98574700', '32.08178500', 0, '2014-11-02 14:23:47', '2014-11-03 13:08:50', 1),
(1207, 31024, 'مدرسة ابن خلدون', 12, 1, 1, 602, 90, '1عام', '23.99615500', '32.07917200', 0, '2014-11-02 14:23:47', '2014-11-03 13:08:50', 1),
(1208, 31025, 'مدرسة صلاح الدين', 12, 1, 1, 602, 90, '1عام', '24.00035700', '32.07790100', 0, '2014-11-02 14:23:47', '2014-11-03 13:08:50', 1),
(1209, 31026, 'مدرسة الحرية', 12, 1, 1, 603, 90, '1عام', '23.93331700', '32.07192900', 0, '2014-11-02 14:23:47', '2014-11-03 13:08:50', 1),
(1210, 31027, 'مدرسة الخليل مصطفي', 12, 1, 1, 603, 90, '1عام', '23.94713000', '32.07530900', 0, '2014-11-02 14:23:47', '2014-11-03 13:08:50', 1),
(1211, 31028, 'مدرسة الفاروق', 12, 1, 1, 603, 90, '1عام', '23.93957778', '32.06981944', 0, '2014-11-02 14:23:47', '2014-11-03 13:08:50', 1),
(1212, 31029, 'مدرسة الشعله', 12, 1, 1, 603, 90, '1عام', '23.95616500', '32.08156000', 0, '2014-11-02 14:23:47', '2014-11-03 13:08:50', 1),
(1213, 31030, 'مدرسة الجهاد', 12, 1, 1, 603, 90, '1عام', '23.95672000', '32.07320300', 0, '2014-11-02 14:23:47', '2014-11-03 13:08:50', 1),
(1214, 31031, 'مدرسة الشهيد بوعطيوة', 12, 1, 1, 603, 90, '1عام', '23.96383400', '32.06787100', 0, '2014-11-02 14:23:47', '2014-11-03 13:08:50', 1),
(1215, 31032, 'مدرسة سليمان بوعلجية', 12, 1, 1, 604, 90, '1عام', '23.98815600', '32.00216000', 0, '2014-11-02 14:23:47', '2014-11-03 13:08:50', 1),
(1216, 31033, 'مدرسة عمر المختار الثانوية', 12, 1, 1, 605, 90, '1عام', '23.91762500', '31.88747500', 0, '2014-11-02 14:23:47', '2014-11-03 13:08:50', 1),
(1217, 31034, 'مدرسة النسور', 12, 1, 1, 605, 90, '1عام', '23.92298200', '31.87921900', 0, '2014-11-02 14:23:47', '2014-11-03 13:08:50', 1),
(1218, 31035, 'مدرسة القعرة الاعدادية', 12, 1, 1, 606, 90, '1عام', '24.20035400', '31.95352300', 0, '2014-11-02 14:23:47', '2014-11-03 13:08:50', 1),
(1219, 31036, 'مدرسة سمرقند', 12, 1, 1, 607, 90, '1عام', '24.47927000', '31.90604600', 0, '2014-11-02 14:23:47', '2014-11-03 13:08:50', 1),
(1220, 31037, 'مدرسة كمبوت الثانوية', 12, 1, 1, 607, 90, '1عام', '24.47862600', '31.90626400', 0, '2014-11-02 14:23:47', '2014-11-03 13:08:50', 1),
(1221, 31038, 'مدرسة جنزور', 12, 1, 1, 608, 90, '1عام', '24.65640400', '31.98182700', 0, '2014-11-02 14:23:47', '2014-11-03 13:08:50', 1),
(1222, 31039, 'مدرسة مرسي لك', 12, 1, 1, 609, 90, '1عام', '24.75014000', '31.98361700', 0, '2014-11-02 14:23:47', '2014-11-03 13:08:50', 1),
(1223, 31040, 'مدرسة خالد بن الوليد', 12, 1, 1, 610, 90, '1عام', '25.07511200', '31.75866800', 0, '2014-11-02 14:23:47', '2014-11-03 13:08:50', 1),
(1224, 31041, 'مدرسة قصر الجدي الثانوية', 12, 1, 1, 611, 90, '1عام', '24.78931300', '31.85240500', 0, '2014-11-02 14:23:47', '2014-11-03 13:08:50', 1),
(1225, 31042, 'مدرسة أم ركبة', 12, 1, 1, 612, 90, '1عام', '24.91888300', '31.92691900', 0, '2014-11-02 14:23:47', '2014-11-03 13:08:50', 1),
(1226, 31043, 'مدرسة ابن سينا', 12, 1, 1, 613, 90, '1عام', '24.83887000', '31.95597400', 0, '2014-11-02 14:23:47', '2014-11-03 13:08:50', 1),
(1227, 31044, 'مدرسة راس عزاز', 12, 1, 1, 614, 90, '1عام', '24.98260400', '31.93392300', 0, '2014-11-02 14:23:47', '2014-11-03 13:08:50', 1),
(1228, 31045, 'مدرسة عقبه بن نافع', 12, 1, 1, 615, 90, '1عام', '25.05616389', '31.71097500', 0, '2014-11-02 14:23:47', '2014-11-03 13:08:50', 1),
(1229, 31046, 'مدرسة بئر الاشهب', 12, 1, 1, 512, 90, '1عام', '24.65439444', '31.88615556', 0, '2014-11-02 14:23:47', '2014-11-03 13:08:50', 1),
(1230, 31047, 'مدرسة بئر الاشهب الثانوية', 12, 1, 1, 512, 90, '1عام', '24.65517500', '31.88666700', 0, '2014-11-02 14:23:47', '2014-11-03 13:08:50', 1),
(1231, 31048, 'مدرسة امساعد', 12, 1, 1, 616, 90, '1عام', '25.04795300', '31.60604000', 0, '2014-11-02 14:23:47', '2014-11-03 13:08:50', 1),
(1232, 31049, 'مدرسة الطليعه', 12, 1, 1, 616, 90, '1عام', '25.05162900', '31.61945400', 0, '2014-11-02 14:23:47', '2014-11-03 13:08:50', 1),
(1233, 31050, 'مدرسة الشعبه', 12, 1, 1, 617, 90, '1عام', '23.87706500', '31.26700800', 0, '2014-11-02 14:23:47', '2014-11-03 13:08:50', 1),
(1234, 31051, 'مدرسة الجغبوب', 12, 1, 1, 618, 90, '1عام', '24.51583000', '29.74071900', 0, '2014-11-02 14:23:47', '2014-11-03 13:08:50', 1),
(1235, 31053, 'مدرسة قابس', 12, 1, 1, 607, 90, '1عام', '', '', 0, '2014-11-02 14:23:47', '2014-11-03 13:08:50', 1),
(1236, 31055, 'مدرسة حفلس', 12, 1, 1, 607, 90, '1عام', '', '', 0, '2014-11-02 14:23:47', '2014-11-03 13:08:50', 1),
(1237, 31400, 'مدرسة صالح الحداد', 12, 9, 46, NULL, NULL, '2نازحين', '23.98116600', '32.08644000', 0, '2014-11-02 14:23:47', '2014-11-03 13:08:50', 1),
(1238, 31701, 'مرسى الحريقة النفطى', 12, 0, 0, NULL, NULL, '3حقل نفط', '', '', 0, '2014-11-02 14:23:47', '2014-11-03 13:08:50', 1),
(1239, 32001, 'الكرامة', 13, 1, 2, 619, 91, '1عام', '22.64338200', '32.76072300', 0, '2014-11-02 14:23:47', '2014-11-03 13:08:50', 1),
(1240, 32002, 'الإخلاص', 13, 1, 2, 619, 91, '1عام', '22.65618800', '32.74793300', 0, '2014-11-02 14:23:47', '2014-11-03 13:08:50', 1),
(1241, 32003, 'إبراهيم بكار', 13, 1, 2, 619, 91, '1عام', '22.63819600', '32.75955300', 0, '2014-11-02 14:23:47', '2014-11-03 13:08:50', 1),
(1242, 32004, 'أسماء للتعليم الأساسي', 13, 1, 2, 619, 91, '1عام', '22.61399300', '32.71710000', 0, '2014-11-02 14:23:47', '2014-11-03 13:08:50', 1),
(1243, 32005, 'أفريقيا للتعليم الثانوي', 13, 1, 2, 619, 91, '1عام', '22.64653400', '32.75960400', 0, '2014-11-02 14:23:47', '2014-11-03 13:08:50', 1),
(1244, 32006, 'بيت ثامر', 13, 1, 2, 620, 91, '1عام', '22.64239200', '32.75661000', 0, '2014-11-02 14:23:47', '2014-11-03 13:08:50', 1),
(1245, 32007, 'عوض العبيدي', 13, 1, 2, 621, 91, '1عام', '22.54495600', '32.79446500', 0, '2014-11-02 14:23:47', '2014-11-03 13:08:50', 1),
(1246, 32008, 'الفضيل بوعمر', 13, 1, 2, 622, 91, '1عام', '22.65001100', '32.76334800', 0, '2014-11-02 14:23:47', '2014-11-03 13:08:50', 1),
(1247, 32009, 'التقدم', 13, 1, 2, 623, 91, '1عام', '22.64208300', '32.76720000', 0, '2014-11-02 14:23:47', '2014-11-03 13:08:50', 1),
(1248, 32010, 'الابرق الأساسية', 13, 1, 2, 623, 91, '1عام', '22.64189000', '32.77309000', 0, '2014-11-02 14:23:47', '2014-11-03 13:08:50', 1),
(1249, 32011, 'ادريس بوبنة', 13, 1, 2, 624, 91, '1عام', '22.60552500', '32.76543700', 0, '2014-11-02 14:23:47', '2014-11-03 13:08:50', 1),
(1250, 32012, 'المجد', 13, 1, 2, 624, 91, '1عام', '22.59746200', '32.73593300', 0, '2014-11-02 14:23:47', '2014-11-03 13:08:50', 1),
(1251, 32013, 'ترت', 13, 1, 2, 625, 91, '1عام', '22.63148600', '32.77166600', 0, '2014-11-02 14:23:47', '2014-11-03 13:08:50', 1),
(1252, 32014, 'شهداء المحجة', 13, 1, 2, 626, 91, '1عام', '22.62590700', '32.75979200', 0, '2014-11-02 14:23:47', '2014-11-03 13:08:50', 1),
(1253, 32015, 'راس الهلال', 13, 1, 2, 627, 91, '1عام', '22.66043333', '32.75073889', 0, '2014-11-02 14:23:47', '2014-11-03 13:08:50', 1),
(1254, 32016, 'مدرسة خالد ابن الوليد', 13, 1, 2, 628, 91, '1عام', '22.42169900', '32.84684900', 0, '2014-11-02 14:23:47', '2014-11-03 13:08:50', 1),
(1255, 32017, 'شهداء الخرص', 13, 1, 2, 513, 91, '1عام', '22.64421100', '32.75085400', 0, '2014-11-02 14:23:47', '2014-11-03 13:08:50', 1),
(1256, 32018, 'عين مارة', 13, 1, 2, 513, 91, '1عام', '22.63843200', '32.75111800', 0, '2014-11-02 14:23:47', '2014-11-03 13:08:50', 1),
(1257, 32019, 'طارق بن زياد', 13, 1, 2, 629, 91, '1عام', '22.61459600', '32.76630600', 0, '2014-11-02 14:23:47', '2014-11-03 13:08:50', 1),
(1258, 32020, 'المخيلي', 13, 1, 2, 630, 91, '1عام', '22.63065500', '32.76462000', 0, '2014-11-02 14:23:47', '2014-11-03 13:08:50', 1),
(1259, 32021, 'النصر', 13, 1, 3, 631, 92, '1عام', '22.67098700', '32.74711400', 0, '2014-11-02 14:23:47', '2014-11-03 13:08:50', 1),
(1260, 32022, 'مدرسة سليمان خاطر', 13, 1, 3, 632, 92, '1عام', '22.68082500', '32.70042700', 0, '2014-11-02 14:23:47', '2014-11-03 13:08:50', 1),
(1261, 32025, 'الصديق', 13, 1, 3, 632, 92, '1عام', '22.60552500', '32.76543700', 0, '2014-11-02 14:23:47', '2014-11-03 13:08:50', 1),
(1262, 32026, 'الشلال', 13, 1, 3, 633, 92, '1عام', '23.00468200', '32.53129000', 0, '2014-11-02 14:23:47', '2014-11-03 13:08:50', 1),
(1263, 32027, 'الشهيد علي حسن الجابر', 13, 1, 3, 633, 92, '1عام', '23.07310600', '32.56894800', 0, '2014-11-02 14:23:47', '2014-11-03 13:08:50', 1),
(1264, 32028, 'شهداء الجمعة', 13, 1, 3, 633, 92, '1عام', '22.59746200', '32.73593300', 0, '2014-11-02 14:23:47', '2014-11-03 13:08:50', 1),
(1265, 32029, 'روضة الزهور', 13, 1, 3, 633, 92, '1عام', '22.62590700', '32.75979200', 0, '2014-11-02 14:23:47', '2014-11-03 13:08:50', 1),
(1266, 32030, 'الضياء', 13, 1, 3, 633, 92, '1عام', '22.63065500', '32.76462000', 0, '2014-11-02 14:23:47', '2014-11-03 13:08:50', 1),
(1267, 32031, 'أم المؤمنين', 13, 1, 3, 633, 92, '1عام', '22.61459600', '32.76630600', 0, '2014-11-02 14:23:47', '2014-11-03 13:08:50', 1),
(1268, 32032, 'فتحي الطيرة', 13, 1, 3, 634, 92, '1عام', '22.27923600', '32.86556100', 0, '2014-11-02 14:23:47', '2014-11-03 13:08:50', 1),
(1269, 32033, 'النهضة', 13, 1, 3, 634, 92, '1عام', '23.17340900', '32.24054100', 0, '2014-11-02 14:23:47', '2014-11-03 13:08:50', 1),
(1270, 32034, 'الخلود', 13, 1, 3, 634, 92, '1عام', '23.05895300', '32.33727300', 0, '2014-11-02 14:23:47', '2014-11-03 13:08:50', 1),
(1271, 32035, 'الحرية', 13, 1, 3, 634, 92, '1عام', '23.06591500', '32.43847500', 0, '2014-11-02 14:23:47', '2014-11-03 13:08:50', 1),
(1272, 32036, 'شهداء الزنتان', 13, 1, 3, 634, 92, '1عام', '23.01211300', '32.53932400', 0, '2014-11-02 14:23:47', '2014-11-03 13:08:50', 1),
(1273, 32038, 'مفتاح الماجري', 13, 1, 3, 635, 92, '1عام', '22.76214500', '32.57327500', 0, '2014-11-02 14:23:47', '2014-11-03 13:08:50', 1),
(1274, 32039, 'مدرسة الأمل', 13, 1, 3, 635, 92, '1عام', '22.76730500', '32.59772900', 0, '2014-11-02 14:23:47', '2014-11-03 13:08:50', 1),
(1275, 32042, 'النصر والتحدي', 13, 1, 3, 636, 92, '1عام', '22.67098700', '32.74711400', 0, '2014-11-02 14:23:47', '2014-11-03 13:08:50', 1),
(1276, 32043, 'الاحرار', 13, 1, 3, 637, 92, '1عام', '22.76730500', '32.59772900', 0, '2014-11-02 14:23:47', '2014-11-03 13:08:50', 1),
(1277, 32044, 'شهداء القرقف', 13, 1, 3, 637, 92, '1عام', '22.76214500', '32.57327500', 0, '2014-11-02 14:23:47', '2014-11-03 13:08:50', 1),
(1278, 32045, 'الأثرون', 13, 1, 3, 638, 92, '1عام', '22.27923600', '32.86556100', 0, '2014-11-02 14:23:47', '2014-11-03 13:08:50', 1),
(1279, 32046, 'الحي الجديد', 13, 1, 3, 639, 92, '1عام', '23.01211300', '32.53932400', 0, '2014-11-02 14:23:47', '2014-11-03 13:08:50', 1),
(1280, 32047, 'عمر المختار', 13, 1, 3, 639, 92, '1عام', '23.00468200', '32.53129000', 0, '2014-11-02 14:23:47', '2014-11-03 13:08:50', 1),
(1281, 32048, 'ام احفين', 13, 1, 3, 639, 92, '1عام', '23.07310600', '32.56894800', 0, '2014-11-02 14:23:47', '2014-11-03 13:08:50', 1),
(1282, 32049, 'أبو الفرائس', 13, 1, 3, 640, 92, '1عام', '23.17340900', '32.24054100', 0, '2014-11-02 14:23:47', '2014-11-03 13:08:50', 1);
INSERT INTO `centers` (`idcenter`, `center_id`, `name`, `office_idoffice`, `constituency_idconstituency`, `subconstituency_idsubconstituency`, `mahalla_idmahalla`, `village_idvillage`, `center_type`, `center_lat`, `center_log`, `center_id_2012`, `creation_date`, `modify_date`, `status`) VALUES
(1283, 32050, 'خليج البمبة', 13, 1, 3, 641, 92, '1عام', '23.06591500', '32.43847500', 0, '2014-11-02 14:23:47', '2014-11-03 13:08:50', 1),
(1284, 32051, 'التميمي', 13, 1, 3, 642, 92, '1عام', '23.05895300', '32.33727300', 0, '2014-11-02 14:23:47', '2014-11-03 13:08:50', 1),
(1285, 32052, 'العزيات الثانوية', 13, 1, 3, 643, 92, '1عام', '22.66554700', '32.25437700', 0, '2014-11-02 14:23:47', '2014-11-03 13:08:50', 1),
(1286, 32053, 'المجاهد بوشعراية حمد الشلوى', 13, 1, 3, 514, 92, '1عام', '', '', 0, '2014-11-02 14:23:47', '2014-11-03 13:08:50', 1),
(1287, 32054, '\r\nمدرسة بشارة الاعدادية ', 13, 1, 2, 644, 91, '1عام', '', '', 0, '2014-11-02 14:23:47', '2014-11-03 13:08:50', 1),
(1288, 33001, 'الفتح الاسلامي', 14, 2, 4, 645, 167, '1عام', '22.66043333', '32.75073889', 0, '2014-11-02 14:23:47', '2014-11-03 13:08:50', 1),
(1289, 33002, 'سوسة الاساسية', 14, 2, 4, 645, 167, '1عام', '21.95920000', '32.89720000', 0, '2014-11-02 14:23:47', '2014-11-03 13:08:50', 1),
(1290, 33003, 'المنصورة', 14, 2, 4, 646, 168, '1عام', '21.84219600', '32.83501400', 0, '2014-11-02 14:23:47', '2014-11-03 13:08:50', 1),
(1291, 33004, 'فاطمة الزهراء', 14, 2, 4, 647, 169, '1عام', '21.86610000', '32.81360000', 0, '2014-11-02 14:23:47', '2014-11-03 13:08:50', 1),
(1292, 33005, 'صلاح الدين', 14, 2, 4, 648, 169, '1عام', '21.86190000', '32.80810000', 0, '2014-11-02 14:23:47', '2014-11-03 13:08:50', 1),
(1293, 33006, 'الشهيد الميار', 14, 2, 4, 648, 169, '1عام', '21.86890000', '32.80810000', 0, '2014-11-02 14:23:47', '2014-11-03 13:08:50', 1),
(1294, 33007, 'زيد بن ثابت', 14, 2, 4, 648, 169, '1عام', '21.87170000', '32.80810000', 0, '2014-11-02 14:23:47', '2014-11-03 13:08:50', 1),
(1295, 33008, 'نوري اسباق', 14, 2, 4, 648, 169, '1عام', '21.87310000', '32.79610000', 0, '2014-11-02 14:23:47', '2014-11-03 13:08:50', 1),
(1296, 33009, 'اقطيط موسى', 14, 2, 4, 649, 170, '1عام', '21.94731300', '32.77992800', 0, '2014-11-02 14:23:47', '2014-11-03 13:08:50', 1),
(1297, 33010, 'يوسف الجيلاني', 14, 2, 4, 650, 171, '1عام', '21.90438000', '32.73518300', 0, '2014-11-02 14:23:47', '2014-11-03 13:08:50', 1),
(1298, 33011, 'الانتصار', 14, 2, 4, 651, 172, '1عام', '21.90110000', '32.68750000', 0, '2014-11-02 14:23:47', '2014-11-03 13:08:50', 1),
(1299, 33012, 'الجيل الجديد', 14, 2, 4, 652, 173, '1عام', '21.91987100', '32.64058700', 0, '2014-11-02 14:23:47', '2014-11-03 13:08:50', 1),
(1300, 33013, 'سليمان ادريس', 14, 2, 4, 653, 174, '1عام', '21.95031300', '32.65467400', 0, '2014-11-02 14:23:47', '2014-11-03 13:08:50', 1),
(1301, 33014, 'الشورى', 14, 2, 5, 654, 175, '1عام', '21.71280000', '32.59000000', 0, '2014-11-02 14:23:47', '2014-11-03 13:08:50', 1),
(1302, 33015, 'الزهراء', 14, 2, 5, 655, 176, '1عام', '21.74614100', '32.75254700', 0, '2014-11-02 14:23:47', '2014-11-03 13:08:50', 1),
(1303, 33016, 'فتاة ليبيا', 14, 2, 5, 656, 176, '1عام', '21.74736200', '32.76583500', 0, '2014-11-02 14:23:47', '2014-11-03 13:08:50', 1),
(1304, 33017, 'خالد بن الواليد', 14, 2, 5, 656, 176, '1عام', '21.75660800', '32.76660300', 0, '2014-11-02 14:23:47', '2014-11-03 13:08:50', 1),
(1305, 33018, 'الفردوس', 14, 2, 5, 656, 176, '1عام', '21.66124200', '32.87590500', 0, '2014-11-02 14:23:47', '2014-11-03 13:08:50', 1),
(1306, 33019, 'الاسراء والمعراج', 14, 2, 5, 657, 176, '1عام', '21.73080000', '32.76440000', 0, '2014-11-02 14:23:47', '2014-11-03 13:08:50', 1),
(1307, 33020, 'النهضة', 14, 2, 5, 657, 176, '1عام', '21.73594500', '32.76241200', 0, '2014-11-02 14:23:47', '2014-11-03 13:08:50', 1),
(1308, 33021, 'القلعة / الوسيطة', 14, 2, 5, 658, 177, '1عام', '21.69170000', '32.79860000', 0, '2014-11-02 14:23:47', '2014-11-03 13:08:50', 1),
(1309, 33022, 'المجاهد محمد بلقاسم', 14, 2, 5, 659, 178, '1عام', '21.48500000', '32.57020000', 0, '2014-11-02 14:23:47', '2014-11-03 13:08:50', 1),
(1310, 33023, 'الخويمات', 14, 2, 5, 660, 179, '1عام', '21.53140000', '32.00060000', 0, '2014-11-02 14:23:47', '2014-11-03 13:08:50', 1),
(1311, 33024, 'الزاوية القديمة', 14, 2, 5, 661, 176, '1عام', '21.71500000', '32.76390000', 0, '2014-11-02 14:23:47', '2014-11-03 13:08:50', 1),
(1312, 33025, 'الميدان', 14, 2, 5, 662, 176, '1عام', '21.73775100', '32.75355100', 0, '2014-11-02 14:23:47', '2014-11-03 13:08:50', 1),
(1313, 33026, 'النصر', 14, 2, 5, 662, 176, '1عام', '21.73940000', '32.76030000', 0, '2014-11-02 14:23:47', '2014-11-03 13:08:50', 1),
(1314, 33027, 'اليقظة', 14, 2, 5, 663, 176, '1عام', '21.74839400', '32.75404400', 0, '2014-11-02 14:23:47', '2014-11-03 13:08:50', 1),
(1315, 33028, 'الخنساء', 14, 2, 5, 663, 176, '1عام', '21.74360000', '32.75580000', 0, '2014-11-02 14:23:47', '2014-11-03 13:08:50', 1),
(1316, 33029, 'عمر بن الخطاب', 14, 2, 5, 663, 176, '1عام', '21.75440000', '32.75500000', 0, '2014-11-02 14:23:47', '2014-11-03 13:08:50', 1),
(1317, 33030, 'رويفع الانصاري', 14, 2, 5, 663, 176, '1عام', '21.76167800', '32.76316600', 0, '2014-11-02 14:23:47', '2014-11-03 13:08:50', 1),
(1318, 33031, 'عقبة بن نافع', 14, 2, 5, 663, 176, '1عام', '21.76640000', '32.75470000', 0, '2014-11-02 14:23:47', '2014-11-03 13:08:50', 1),
(1319, 33032, 'الاستقلال', 14, 2, 5, 663, 176, '1عام', '21.75642700', '32.76323600', 0, '2014-11-02 14:23:47', '2014-11-03 13:08:50', 1),
(1320, 33033, 'وجدة', 14, 2, 5, 663, 176, '1عام', '21.77741400', '32.76303600', 0, '2014-11-02 14:23:47', '2014-11-03 13:08:50', 1),
(1321, 33034, 'الحرية', 14, 2, 5, 663, 176, '1عام', '21.77739400', '32.76622900', 0, '2014-11-02 14:23:47', '2014-11-03 13:08:50', 1),
(1322, 33035, 'شهداء البيضاء الجديدة', 14, 2, 5, 663, 176, '1عام', '21.79274400', '32.76314200', 0, '2014-11-02 14:23:47', '2014-11-03 13:08:50', 1),
(1323, 33036, 'احفاد المختار', 14, 2, 5, 663, 176, '1عام', '21.75547900', '32.78790500', 0, '2014-11-02 14:23:47', '2014-11-03 13:08:50', 1),
(1324, 33037, 'رابعة العدوية', 14, 2, 5, 663, 176, '1عام', '21.75138800', '32.76222200', 0, '2014-11-02 14:23:47', '2014-11-03 13:08:50', 1),
(1325, 33038, 'ابن خلدون', 14, 2, 5, 663, 176, '1عام', '21.76790900', '32.76328200', 0, '2014-11-02 14:23:47', '2014-11-03 13:08:50', 1),
(1326, 33039, 'نسيبة بنت كعب', 14, 2, 5, 663, 176, '1عام', '21.78562500', '32.75812500', 0, '2014-11-02 14:23:47', '2014-11-03 13:08:50', 1),
(1327, 33040, 'سليون', 14, 2, 5, 664, 180, '1عام', '21.62439300', '32.78796100', 0, '2014-11-02 14:23:47', '2014-11-03 13:08:50', 1),
(1328, 33041, 'انتفاضة 17 فبراير', 14, 2, 5, 665, 181, '1عام', '21.78780000', '32.52750000', 0, '2014-11-02 14:23:47', '2014-11-03 13:08:50', 1),
(1329, 33042, 'عمر المختار للبنات', 14, 2, 5, 666, 182, '1عام', '21.67420000', '32.63280000', 0, '2014-11-02 14:23:47', '2014-11-03 13:08:50', 1),
(1330, 33043, 'شهداء الزاوية', 14, 2, 5, 667, 183, '1عام', '21.54470000', '32.66500000', 0, '2014-11-02 14:23:47', '2014-11-03 13:08:50', 1),
(1331, 33044, 'عبدالرحيم بوبكر', 14, 2, 5, 668, 184, '1عام', '21.57560000', '32.54010000', 0, '2014-11-02 14:23:47', '2014-11-03 13:08:50', 1),
(1332, 33045, 'عمر بن العزيز', 14, 2, 5, 669, 185, '1عام', '21.57977600', '32.72496700', 0, '2014-11-02 14:23:47', '2014-11-03 13:08:50', 1),
(1333, 33046, 'ماسه المشتركة', 14, 2, 5, 670, 93, '1عام', '21.62736000', '32.75010200', 0, '2014-11-02 14:23:47', '2014-11-03 13:08:50', 1),
(1334, 33047, 'خولة بنت الازور', 14, 2, 5, 515, 93, '1عام', '21.62470000', '32.75310000', 0, '2014-11-02 14:23:47', '2014-11-03 13:08:50', 1),
(1335, 33048, 'المجاهد الناجي', 14, 2, 5, 671, 186, '1عام', '21.40470000', '32.48500000', 0, '2014-11-02 14:23:47', '2014-11-03 13:08:50', 1),
(1336, 33049, 'وردامة', 14, 2, 5, 672, 187, '1عام', '21.78821400', '32.79897100', 0, '2014-11-02 14:23:47', '2014-11-03 13:08:50', 1),
(1337, 33050, 'الجهاد الثانوية', 14, 2, 6, 673, 188, '1عام', '20.88670000', '32.26500000', 0, '2014-11-02 14:23:47', '2014-11-03 13:08:50', 1),
(1338, 33051, 'صالح ادريس', 14, 2, 6, 674, 95, '1عام', '20.98750000', '32.55680000', 0, '2014-11-02 14:23:47', '2014-11-03 13:08:50', 1),
(1339, 33052, '17فبراير', 14, 2, 6, 675, 94, '1عام', '20.80730000', '32.47920000', 0, '2014-11-02 14:23:47', '2014-11-03 13:08:50', 1),
(1340, 33053, 'العويلية الإبتدائية', 14, 2, 6, 676, 95, '1عام', '20.98862500', '32.55387500', 0, '2014-11-02 14:23:47', '2014-11-03 13:08:50', 1),
(1341, 33054, 'النور', 14, 2, 6, 677, 94, '1عام', '20.82614200', '32.49037500', 0, '2014-11-02 14:23:47', '2014-11-03 13:08:50', 1),
(1342, 33055, 'عمر المختار', 14, 2, 6, 677, 94, '1عام', '20.81634100', '32.48695700', 0, '2014-11-02 14:23:47', '2014-11-03 13:08:50', 1),
(1343, 33056, 'النصر', 14, 2, 6, 677, 94, '1عام', '20.84455300', '32.48006500', 0, '2014-11-02 14:23:47', '2014-11-03 13:08:50', 1),
(1344, 33057, 'خديجة الكبري', 14, 2, 6, 677, 94, '1عام', '20.81890000', '32.49440000', 0, '2014-11-02 14:23:47', '2014-11-03 13:08:50', 1),
(1345, 33058, 'النهضة', 14, 2, 6, 677, 94, '1عام', '20.81150000', '32.48340000', 0, '2014-11-02 14:23:47', '2014-11-03 13:08:50', 1),
(1346, 33059, 'عيسى الوكواك', 14, 2, 6, 677, 94, '1عام', '20.82555500', '32.48333300', 0, '2014-11-02 14:23:47', '2014-11-03 13:08:50', 1),
(1347, 33060, 'جمال عبد الناصر', 14, 2, 6, 677, 94, '1عام', '20.83530100', '32.47637900', 0, '2014-11-02 14:23:47', '2014-11-03 13:08:50', 1),
(1348, 33061, 'خالد بن الواليد', 14, 2, 6, 677, 94, '1عام', '20.83360000', '32.49610000', 0, '2014-11-02 14:23:47', '2014-11-03 13:08:50', 1),
(1349, 33062, 'عقبة بن نافع', 14, 2, 6, 677, 94, '1عام', '20.89140000', '32.50110000', 0, '2014-11-02 14:23:47', '2014-11-03 13:08:50', 1),
(1350, 33063, 'مدور الزيتون', 14, 2, 6, 678, 189, '1عام', '21.27920000', '32.44940000', 0, '2014-11-02 14:23:47', '2014-11-03 13:08:50', 1),
(1351, 33064, 'القوافل', 14, 2, 6, 677, 94, '1عام', '20.89490000', '32.49820000', 0, '2014-11-02 14:23:47', '2014-11-03 13:08:50', 1),
(1352, 33065, 'عمر بن عبدالعزيز', 14, 2, 6, 516, 94, '1عام', '20.84190000', '32.48580000', 0, '2014-11-02 14:23:47', '2014-11-03 13:08:50', 1),
(1353, 33066, 'الحرية', 14, 2, 6, 516, 94, '1عام', '20.84208900', '32.49522100', 0, '2014-11-02 14:23:47', '2014-11-03 13:08:50', 1),
(1354, 33067, 'المجد', 14, 2, 6, 516, 94, '1عام', '20.83966600', '32.49216200', 0, '2014-11-02 14:23:47', '2014-11-03 13:08:50', 1),
(1355, 33068, 'علي حسن الجابر', 14, 2, 6, 516, 94, '1عام', '20.84331200', '32.47854200', 0, '2014-11-02 14:23:47', '2014-11-03 13:08:50', 1),
(1356, 33069, 'الجيل الصاعد', 14, 2, 6, 516, 94, '1عام', '20.83940000', '32.49690000', 0, '2014-11-02 14:23:47', '2014-11-03 13:08:50', 1),
(1357, 33070, 'طارق بن زياد', 14, 2, 6, 516, 94, '1عام', '20.84810200', '32.48454400', 0, '2014-11-02 14:23:47', '2014-11-03 13:08:50', 1),
(1358, 33071, 'الوحدة العربية', 14, 2, 6, 517, 95, '1عام', '21.02910900', '32.60756600', 0, '2014-11-02 14:23:47', '2014-11-03 13:08:50', 1),
(1359, 33072, 'القرضابية', 14, 2, 6, 518, 94, '1عام', '20.83280000', '32.49000000', 0, '2014-11-02 14:23:47', '2014-11-03 13:08:50', 1),
(1360, 33073, 'البشائر', 14, 2, 6, 518, 94, '1عام', '20.82440200', '32.48876700', 0, '2014-11-02 14:23:47', '2014-11-03 13:08:50', 1),
(1361, 33074, 'عائشة أم المؤمنين', 14, 2, 6, 518, 94, '1عام', '20.82509500', '32.49592700', 0, '2014-11-02 14:23:47', '2014-11-03 13:08:50', 1),
(1362, 33075, 'أسماء بنت أبي بكر', 14, 2, 6, 518, 94, '1عام', '20.82890000', '32.49220000', 0, '2014-11-02 14:23:47', '2014-11-03 13:08:50', 1),
(1363, 33076, 'شهداء بوعرق', 14, 2, 6, 519, 94, '1عام', '21.12350000', '32.47710000', 0, '2014-11-02 14:23:47', '2014-11-03 13:08:50', 1),
(1364, 33077, 'المقرنات', 14, 2, 6, 520, 96, '1عام', '20.79480000', '32.54330000', 0, '2014-11-02 14:23:47', '2014-11-03 13:08:50', 1),
(1365, 33078, 'الانعتاق', 14, 2, 6, 521, 97, '1عام', '20.98470000', '32.29960000', 0, '2014-11-02 14:23:47', '2014-11-03 13:08:50', 1),
(1366, 33079, 'شهداء الرحيبة', 14, 2, 6, 522, 97, '1عام', '20.98860000', '32.29920000', 0, '2014-11-02 14:23:47', '2014-11-03 13:08:50', 1),
(1367, 33080, 'القدس', 14, 2, 6, 523, 94, '1عام', '20.85184300', '32.46632500', 0, '2014-11-02 14:23:47', '2014-11-03 13:08:50', 1),
(1368, 33081, 'عبد الله الفيل', 14, 2, 6, 524, 98, '1عام', '20.70190000', '32.49720000', 0, '2014-11-02 14:23:47', '2014-11-03 13:08:50', 1),
(1369, 33082, 'جادالله النيان', 14, 2, 7, 525, 99, '1عام', '21.54750000', '32.74670000', 0, '2014-11-02 14:23:47', '2014-11-03 13:08:50', 1),
(1370, 33083, 'عبد النبي المزيني', 14, 2, 7, 526, 100, '1عام', '21.25489800', '32.56281400', 0, '2014-11-02 14:23:47', '2014-11-03 13:08:50', 1),
(1371, 33084, 'موسي بكار', 14, 2, 7, 526, 100, '1عام', '21.28938900', '32.58759300', 0, '2014-11-02 14:23:47', '2014-11-03 13:08:50', 1),
(1372, 33085, 'خليل جار الله', 14, 2, 7, 527, 101, '1عام', '21.04100000', '32.55510000', 0, '2014-11-02 14:23:47', '2014-11-03 13:08:50', 1),
(1373, 33086, 'الحمامة الشمالية', 14, 2, 7, 528, 102, '1عام', '21.62890000', '32.91610000', 0, '2014-11-02 14:23:47', '2014-11-03 13:08:50', 1),
(1374, 33087, 'الحنية الاساسية', 14, 2, 7, 529, 103, '1عام', '21.51860000', '32.84220000', 0, '2014-11-02 14:23:47', '2014-11-03 13:08:50', 1),
(1375, 33088, 'شهداء اسدوس', 14, 2, 7, 530, 104, '1عام', '21.27036800', '32.68607900', 0, '2014-11-02 14:23:47', '2014-11-03 13:08:50', 1),
(1376, 33089, 'بالحديد', 14, 2, 7, 531, 105, '1عام', '21.51284800', '32.68489700', 0, '2014-11-02 14:23:47', '2014-11-03 13:08:50', 1),
(1377, 33090, 'بطة الإعدادية', 14, 2, 7, 532, 106, '1عام', '21.10837800', '32.65751100', 0, '2014-11-02 14:23:47', '2014-11-03 13:08:50', 1),
(1378, 33091, 'ابوبكر الكيش', 14, 2, 7, 532, 106, '1عام', '21.10874700', '32.66088500', 0, '2014-11-02 14:23:47', '2014-11-03 13:08:50', 1),
(1379, 33092, 'زاوية أمبلو', 14, 2, 7, 532, 106, '1عام', '21.10232600', '32.71471400', 0, '2014-11-02 14:23:47', '2014-11-03 13:08:50', 1),
(1380, 33093, 'سيدي نوح', 14, 2, 7, 532, 106, '1عام', '21.19622500', '32.68241200', 0, '2014-11-02 14:23:47', '2014-11-03 13:08:50', 1),
(1381, 33094, 'ابوبكر الصديق', 14, 2, 7, 533, 107, '1عام', '20.94298000', '32.70069000', 0, '2014-11-02 14:23:47', '2014-11-03 13:08:50', 1),
(1382, 33095, 'شهداء زاوية العرقوب', 14, 2, 7, 534, 108, '1عام', '21.47289400', '32.62736200', 0, '2014-11-02 14:23:47', '2014-11-03 13:08:50', 1),
(1383, 33096, 'الفاروق', 14, 2, 7, 535, 109, '1عام', '20.94310000', '32.70170000', 0, '2014-11-02 14:23:47', '2014-11-03 13:08:50', 1),
(1384, 33097, 'محمد عسل', 14, 2, 7, 536, 110, '1عام', '21.40075700', '32.61390700', 0, '2014-11-02 14:23:47', '2014-11-03 13:08:50', 1),
(1385, 33098, 'مدرسة الشهيد عبد الحق', 14, 2, 4, 537, 111, '1عام', '', '', 0, '2014-11-02 14:23:47', '2014-11-03 13:08:50', 1),
(1386, 33099, 'مدرسة عمر عصر', 14, 2, 5, 538, 112, '1عام', '', '', 0, '2014-11-02 14:23:47', '2014-11-03 13:08:50', 1),
(1387, 33100, 'مدرسة ساس الابتدائية', 14, 2, 6, 539, 113, '1عام', '', '', 0, '2014-11-02 14:23:47', '2014-11-03 13:08:50', 1),
(1388, 33101, 'مدرسة عبد الحفيظ اللقيح', 14, 2, 6, 540, 114, '1عام', '', '', 0, '2014-11-02 14:23:47', '2014-11-03 13:08:50', 1),
(1389, 33102, 'مدرسة المعلم', 14, 2, 7, 541, 115, '1عام', '', '', 0, '2014-11-02 14:23:47', '2014-11-03 13:08:50', 1),
(1390, 33400, 'مدرسة النصر شارع العروبة مقابل مصرف الوحدة', 14, 9, 46, NULL, NULL, '2نازحين', '21.73944444', '', 0, '2014-11-02 14:23:47', '2014-11-03 13:08:50', 1),
(1391, 34001, 'الحرية', 15, 3, 8, 542, 116, '1عام', '20.06495000', '32.11612778', 0, '2014-11-02 14:23:47', '2014-11-03 13:08:50', 1),
(1392, 34002, 'القدس', 15, 3, 8, 542, 116, '1عام', '20.05984167', '32.11844444', 0, '2014-11-02 14:23:47', '2014-11-03 13:08:50', 1),
(1393, 34003, 'شهداء الجزيرة', 15, 3, 8, 542, 116, '1عام', '20.05547778', '32.09888056', 0, '2014-11-02 14:23:47', '2014-11-03 13:08:50', 1),
(1394, 34004, 'إمحمد المقريف', 15, 3, 8, 542, 116, '1عام', '20.06765000', '32.12818333', 0, '2014-11-02 14:23:47', '2014-11-03 13:08:50', 1),
(1395, 34005, 'بنغازي بنين', 15, 3, 8, 542, 116, '1عام', '20.06576667', '32.12732500', 0, '2014-11-02 14:23:47', '2014-11-03 13:08:50', 1),
(1396, 34006, 'الأميرة', 15, 3, 8, 542, 116, '1عام', '20.06735556', '32.12066111', 0, '2014-11-02 14:23:47', '2014-11-03 13:08:50', 1),
(1397, 34007, '23يوليو', 15, 3, 8, 542, 116, '1عام', '20.07562222', '32.13640556', 0, '2014-11-02 14:23:47', '2014-11-03 13:08:50', 1),
(1398, 34008, 'صروح المعرفة', 15, 3, 8, 684, 116, '1عام', '20.08610833', '32.14067778', 0, '2014-11-02 14:23:47', '2014-11-03 13:08:50', 1),
(1399, 34009, 'رابعة العدوية', 15, 3, 8, 684, 116, '1عام', '20.07733056', '32.13686111', 0, '2014-11-02 14:23:47', '2014-11-03 13:08:50', 1),
(1400, 34010, 'فاطمة الزهراء', 15, 3, 8, 684, 116, '1عام', '20.07562222', '32.13640556', 0, '2014-11-02 14:23:47', '2014-11-03 13:08:50', 1),
(1401, 34011, 'اللثامة', 15, 3, 8, 684, 116, '1عام', '20.07733056', '32.13686111', 0, '2014-11-02 14:23:47', '2014-11-03 13:08:50', 1),
(1402, 34012, 'الحقيقة', 15, 3, 8, 684, 116, '1عام', '20.08403333', '32.14313611', 0, '2014-11-02 14:23:47', '2014-11-03 13:08:50', 1),
(1403, 34013, 'عمر المختار', 15, 3, 8, 684, 116, '1عام', '20.07562222', '32.13640556', 0, '2014-11-02 14:23:47', '2014-11-03 13:08:50', 1),
(1404, 34014, 'الكرامة', 15, 3, 8, 685, 116, '1عام', '20.07733056', '32.13686111', 0, '2014-11-02 14:23:47', '2014-11-03 13:08:50', 1),
(1405, 34015, 'غزة', 15, 3, 8, 685, 116, '1عام', '20.08403333', '32.14313611', 0, '2014-11-02 14:23:47', '2014-11-03 13:08:50', 1),
(1406, 34016, 'الصمود', 15, 3, 8, 685, 116, '1عام', '20.08424167', '32.11491111', 0, '2014-11-02 14:23:47', '2014-11-03 13:08:50', 1),
(1407, 34017, 'الحسن بن الهيثم', 15, 3, 8, 685, 116, '1عام', '20.11353889', '32.08135833', 0, '2014-11-02 14:23:47', '2014-11-03 13:08:50', 1),
(1408, 34018, 'شهداء العقيلة', 15, 3, 8, 686, 116, '1عام', '20.09451389', '32.13104722', 0, '2014-11-02 14:23:47', '2014-11-03 13:08:50', 1),
(1409, 34019, 'حنين', 15, 3, 8, 686, 116, '1عام', '20.07945278', '32.13071944', 0, '2014-11-02 14:23:47', '2014-11-03 13:08:50', 1),
(1410, 34020, 'خديجة الكبرى', 15, 3, 8, 686, 116, '1عام', '20.07715278', '32.10894167', 0, '2014-11-02 14:23:47', '2014-11-03 13:08:50', 1),
(1411, 34021, 'الاستقلال', 15, 3, 8, 687, 116, '1عام', '20.07197778', '32.11270556', 0, '2014-11-02 14:23:47', '2014-11-03 13:08:50', 1),
(1412, 34022, 'الأندلس', 15, 3, 8, 687, 116, '1عام', '20.06886944', '32.11307222', 0, '2014-11-02 14:23:47', '2014-11-03 13:08:50', 1),
(1413, 34023, 'بنغازي بنات', 15, 3, 8, 687, 116, '1عام', '20.08464444', '32.11836111', 0, '2014-11-02 14:23:47', '2014-11-03 13:08:50', 1),
(1414, 34024, 'صالح بويصير', 15, 3, 8, 687, 116, '1عام', '20.07562222', '32.13640556', 0, '2014-11-02 14:23:47', '2014-11-03 13:08:50', 1),
(1415, 34025, 'التحرير', 15, 3, 8, 688, 116, '1عام', '20.07733056', '32.13686111', 0, '2014-11-02 14:23:47', '2014-11-03 13:08:50', 1),
(1416, 34026, 'المستقبل', 15, 3, 8, 688, 116, '1عام', '20.08403333', '32.14313611', 0, '2014-11-02 14:23:47', '2014-11-03 13:08:50', 1),
(1417, 34027, 'سكينة بنت الحسين', 15, 3, 8, 688, 116, '1عام', '20.08424167', '32.11491111', 0, '2014-11-02 14:23:47', '2014-11-03 13:08:50', 1),
(1418, 34028, 'المجاهد', 15, 3, 8, 688, 116, '1عام', '20.11353889', '32.08135833', 0, '2014-11-02 14:23:47', '2014-11-03 13:08:50', 1),
(1419, 34029, 'ابي عبيدة بن الجراح', 15, 3, 8, 688, 116, '1عام', '20.08165000', '32.10440000', 0, '2014-11-02 14:23:47', '2014-11-03 13:08:50', 1),
(1420, 34030, 'شهداء بوسليم', 15, 3, 8, 688, 116, '1عام', '20.09890000', '32.11062222', 0, '2014-11-02 14:23:47', '2014-11-03 13:08:50', 1),
(1421, 34031, 'قرطبة', 15, 3, 8, 689, 191, '1عام', '20.07665000', '32.10440000', 0, '2014-11-02 14:23:47', '2014-11-03 13:08:50', 1),
(1422, 34032, 'السيدة زينب', 15, 3, 8, 689, 191, '1عام', '20.09618333', '32.09356111', 0, '2014-11-02 14:23:47', '2014-11-03 13:08:50', 1),
(1423, 34034, 'الصادق بالة', 15, 3, 8, 689, 191, '1عام', '20.08677500', '32.09577222', 0, '2014-11-02 14:23:47', '2014-11-03 13:08:50', 1),
(1424, 34035, 'خالد بن الوليد', 15, 3, 8, 689, 191, '1عام', '20.09993889', '32.09962778', 0, '2014-11-02 14:23:47', '2014-11-03 13:08:50', 1),
(1425, 34036, 'بدر الكبرى', 15, 3, 8, 689, 191, '1عام', '20.09084167', '32.10030278', 0, '2014-11-02 14:23:47', '2014-11-03 13:08:50', 1),
(1426, 34037, 'الإرادة', 15, 3, 8, 689, 191, '1عام', '', '', 0, '2014-11-02 14:23:47', '2014-11-03 13:08:50', 1),
(1427, 34038, 'قطر', 15, 3, 8, 689, 191, '1عام', '20.08875000', '32.10132222', 0, '2014-11-02 14:23:47', '2014-11-03 13:08:50', 1),
(1428, 34039, 'النور', 15, 3, 8, 689, 191, '1عام', '20.10038333', '32.10053333', 0, '2014-11-02 14:23:47', '2014-11-03 13:08:50', 1),
(1429, 34040, 'الشهيدة سناء', 15, 3, 8, 689, 191, '1عام', '20.08735833', '32.10280556', 0, '2014-11-02 14:23:47', '2014-11-03 13:08:50', 1),
(1430, 34041, 'الرسالة المقدسة', 15, 3, 8, 689, 191, '1عام', '20.10490556', '32.08989722', 0, '2014-11-02 14:23:47', '2014-11-03 13:08:50', 1),
(1431, 34042, 'حرائر ليبيا', 15, 3, 8, 689, 191, '1عام', '20.07562222', '32.13640556', 0, '2014-11-02 14:23:47', '2014-11-03 13:08:50', 1),
(1432, 34043, 'طارق بن زياد', 15, 3, 8, 689, 191, '1عام', '20.08327222', '32.09616944', 0, '2014-11-02 14:23:47', '2014-11-03 13:08:50', 1),
(1433, 34044, 'تبوك', 15, 3, 8, 690, 191, '1عام', '20.12342700', '32.07819400', 0, '2014-11-02 14:23:47', '2014-11-03 13:08:50', 1),
(1434, 34045, 'ابن سينا', 15, 3, 8, 691, 191, '1عام', '20.10265000', '32.10749167', 0, '2014-11-02 14:23:47', '2014-11-03 13:08:50', 1),
(1435, 34046, 'البشائر', 15, 3, 8, 692, 191, '1عام', '20.11019722', '32.10305833', 0, '2014-11-02 14:23:47', '2014-11-03 13:08:50', 1),
(1436, 34047, 'ابي بن كعب', 15, 3, 8, 693, 191, '1عام', '20.11069722', '32.08747222', 0, '2014-11-02 14:23:47', '2014-11-03 13:08:50', 1),
(1437, 34048, 'المجد', 15, 3, 8, 694, 191, '1عام', '20.12176389', '32.10250000', 0, '2014-11-02 14:23:47', '2014-11-03 13:08:50', 1),
(1438, 34049, 'الوفاء', 15, 3, 8, 694, 191, '1عام', '20.11866500', '32.08562100', 0, '2014-11-02 14:23:47', '2014-11-03 13:08:50', 1),
(1439, 34050, 'فجر المعرفة', 15, 3, 8, 695, 191, '1عام', '20.10982778', '32.09935556', 0, '2014-11-02 14:23:47', '2014-11-03 13:08:50', 1),
(1440, 34051, 'يوسف بوبكر', 15, 3, 8, 696, 191, '1عام', '20.08348333', '32.07717222', 0, '2014-11-02 14:23:47', '2014-11-03 13:08:50', 1),
(1441, 34052, 'النجاح', 15, 3, 8, 696, 191, '1عام', '20.06833889', '32.07523889', 0, '2014-11-02 14:23:47', '2014-11-03 13:08:50', 1),
(1442, 34053, 'الاتحاد', 15, 3, 8, 696, 191, '1عام', '20.07999444', '32.07477222', 0, '2014-11-02 14:23:47', '2014-11-03 13:08:50', 1),
(1443, 34054, 'ام حبيبة', 15, 3, 8, 696, 191, '1عام', '20.09911944', '32.06902778', 0, '2014-11-02 14:23:47', '2014-11-03 13:08:50', 1),
(1444, 34055, 'الشموخ', 15, 3, 8, 697, 191, '1عام', '', '', 0, '2014-11-02 14:23:47', '2014-11-03 13:08:50', 1),
(1445, 34056, 'الضياء', 15, 3, 8, 697, 191, '1عام', '20.06826111', '32.02469167', 0, '2014-11-02 14:23:47', '2014-11-03 13:08:50', 1),
(1446, 34057, 'القوارشة', 15, 3, 8, 697, 191, '1عام', '20.07237222', '32.02662500', 0, '2014-11-02 14:23:47', '2014-11-03 13:08:50', 1),
(1447, 34058, 'بودريسة', 15, 3, 8, 697, 191, '1عام', '20.10520000', '31.89361944', 0, '2014-11-02 14:23:47', '2014-11-03 13:08:50', 1),
(1448, 34059, 'شهداء جندوبة', 15, 3, 8, 698, 191, '1عام', '20.07405000', '32.09881389', 0, '2014-11-02 14:23:47', '2014-11-03 13:08:50', 1),
(1449, 34060, 'مناهل العلم', 15, 3, 8, 698, 191, '1عام', '20.06849722', '32.08423889', 0, '2014-11-02 14:23:47', '2014-11-03 13:08:50', 1),
(1450, 34061, 'القيروان', 15, 3, 8, 698, 191, '1عام', '', '', 0, '2014-11-02 14:23:47', '2014-11-03 13:08:50', 1),
(1451, 34062, 'صلاح الدين', 15, 3, 8, 698, 191, '1عام', '20.07636389', '32.08331389', 0, '2014-11-02 14:23:47', '2014-11-03 13:08:50', 1),
(1452, 34063, 'عثمان بن عفان', 15, 3, 8, 698, 191, '1عام', '20.07588333', '32.08098333', 0, '2014-11-02 14:23:47', '2014-11-03 13:08:50', 1),
(1453, 34064, 'غرناطة', 15, 3, 8, 698, 191, '1عام', '20.07812222', '32.08321111', 0, '2014-11-02 14:23:47', '2014-11-03 13:08:50', 1),
(1454, 34065, 'ابي بكر الرازي', 15, 3, 8, 698, 191, '1عام', '20.07812222', '32.08321111', 0, '2014-11-02 14:23:47', '2014-11-03 13:08:50', 1),
(1455, 34066, 'نور الحرية', 15, 3, 8, 698, 191, '1عام', '20.07266111', '32.08182222', 0, '2014-11-02 14:23:47', '2014-11-03 13:08:50', 1),
(1456, 34067, 'أبوبكر الصديق', 15, 3, 8, 698, 191, '1عام', '20.07248889', '32.09083333', 0, '2014-11-02 14:23:47', '2014-11-03 13:08:50', 1),
(1457, 34068, 'الصديقة', 15, 3, 8, 690, 191, '1عام', '20.13013889', '32.09385278', 0, '2014-11-02 14:23:47', '2014-11-03 13:08:50', 1),
(1458, 34069, 'شباب الحرية', 15, 3, 8, 690, 191, '1عام', '20.11053889', '32.07515000', 0, '2014-11-02 14:23:47', '2014-11-03 13:08:50', 1),
(1459, 34070, 'احرار ليبيا', 15, 3, 8, 694, 191, '1عام', '', '', 0, '2014-11-02 14:23:47', '2014-11-03 13:08:50', 1),
(1460, 34071, 'شهداء الهواري', 15, 3, 8, 690, 191, '1عام', '20.14130278', '32.01651667', 0, '2014-11-02 14:23:47', '2014-11-03 13:08:50', 1),
(1461, 34072, 'مصعب بن عمير', 15, 3, 8, 690, 191, '1عام', '20.12347778', '32.07368333', 0, '2014-11-02 14:23:47', '2014-11-03 13:08:50', 1),
(1462, 34073, '24ديسمبر', 15, 3, 8, 690, 191, '1عام', '20.13020278', '32.07961667', 0, '2014-11-02 14:23:47', '2014-11-03 13:08:50', 1),
(1463, 34074, 'طيبة المنورة', 15, 3, 8, 690, 191, '1عام', '20.11350556', '32.07970278', 0, '2014-11-02 14:23:47', '2014-11-03 13:08:50', 1),
(1464, 34075, 'الأنصار', 15, 3, 8, 690, 191, '1عام', '20.13557500', '32.09309722', 0, '2014-11-02 14:23:47', '2014-11-03 13:08:50', 1),
(1465, 34077, 'العباس بن عبد المطلب', 15, 3, 8, 694, 191, '1عام', '20.12222778', '32.08917500', 0, '2014-11-02 14:23:47', '2014-11-03 13:08:50', 1),
(1466, 34078, 'طليطلة', 15, 3, 8, 694, 191, '1عام', '20.11924444', '32.08213611', 0, '2014-11-02 14:23:47', '2014-11-03 13:08:50', 1),
(1467, 34079, 'أحمد رفيق', 15, 3, 8, 694, 191, '1عام', '20.12797500', '32.10458889', 0, '2014-11-02 14:23:47', '2014-11-03 13:08:50', 1),
(1468, 34080, 'المهاجرين', 15, 3, 8, 694, 191, '1عام', '20.12450833', '32.10673333', 0, '2014-11-02 14:23:47', '2014-11-03 13:08:50', 1),
(1469, 34081, 'بو فاخرة', 15, 3, 8, 699, 191, '1عام', '19.97583333', '31.94508333', 0, '2014-11-02 14:23:47', '2014-11-03 13:08:50', 1),
(1470, 34082, 'التربة', 15, 3, 8, 699, 191, '1عام', '19.94996944', '31.87248333', 0, '2014-11-02 14:23:47', '2014-11-03 13:08:50', 1),
(1471, 34083, 'تيكة', 15, 3, 8, 699, 191, '1عام', '20.02501000', '31.94228100', 0, '2014-11-02 14:23:47', '2014-11-03 13:08:50', 1),
(1472, 34084, 'قنفودة', 15, 3, 8, 699, 191, '1عام', '20.02049000', '32.03330400', 0, '2014-11-02 14:23:47', '2014-11-03 13:08:50', 1),
(1473, 34085, 'قاريونس', 15, 3, 8, 700, 191, '1عام', '20.03979167', '32.05403056', 0, '2014-11-02 14:23:47', '2014-11-03 13:08:50', 1),
(1474, 34086, 'ابن خلدون', 15, 3, 8, 700, 191, '1عام', '20.05731944', '32.07820000', 0, '2014-11-02 14:23:47', '2014-11-03 13:08:50', 1),
(1475, 34087, 'جيل الوعد', 15, 3, 8, 700, 191, '1عام', '20.03655556', '32.05425000', 0, '2014-11-02 14:23:47', '2014-11-03 13:08:50', 1),
(1476, 34088, 'أمنة بنت وهب', 15, 3, 8, 701, 19, '1عام', '20.10151389', '32.13541111', 0, '2014-11-02 14:23:47', '2014-11-03 13:08:50', 1),
(1477, 34089, 'شهداء الواجب', 15, 3, 8, 701, 19, '1عام', '20.10127300', '32.12855200', 0, '2014-11-02 14:23:47', '2014-11-03 13:08:50', 1),
(1478, 34090, 'علي بن ابي طالب', 15, 3, 8, 701, 19, '1عام', '20.09066667', '32.12272778', 0, '2014-11-02 14:23:47', '2014-11-03 13:08:50', 1),
(1479, 34091, 'اليرموك', 15, 3, 8, 701, 19, '1عام', '20.09625600', '32.12451500', 0, '2014-11-02 14:23:47', '2014-11-03 13:08:50', 1),
(1480, 34092, 'فتاة الثورة', 15, 3, 8, 701, 19, '1عام', '20.09561667', '32.11775278', 0, '2014-11-02 14:23:47', '2014-11-03 13:08:50', 1),
(1481, 34093, 'الحسن بن علي', 15, 3, 8, 702, 19, '1عام', '', '', 0, '2014-11-02 14:23:47', '2014-11-03 13:08:50', 1),
(1482, 34094, 'عمر بن عبد العزيز', 15, 3, 8, 702, 19, '1عام', '', '', 0, '2014-11-02 14:23:47', '2014-11-03 13:08:50', 1),
(1483, 34095, 'نور المعرفة', 15, 3, 8, 702, 19, '1عام', '20.13330278', '32.12795278', 0, '2014-11-02 14:23:47', '2014-11-03 13:08:50', 1),
(1484, 34096, 'الاحرار', 15, 3, 8, 702, 19, '1عام', '20.11640278', '32.12047778', 0, '2014-11-02 14:23:47', '2014-11-03 13:08:50', 1),
(1485, 34097, 'اسامة بن زيد', 15, 3, 8, 702, 19, '1عام', '20.12525833', '32.11732222', 0, '2014-11-02 14:23:47', '2014-11-03 13:08:50', 1),
(1486, 34098, 'النصر', 15, 3, 8, 702, 19, '1عام', '20.11620833', '32.11255833', 0, '2014-11-02 14:23:47', '2014-11-03 13:08:50', 1),
(1487, 34099, 'شهداء بنغازي', 15, 3, 8, 702, 19, '1عام', '20.11331111', '32.12905833', 0, '2014-11-02 14:23:47', '2014-11-03 13:08:50', 1),
(1488, 34100, 'السيدة هاجر', 15, 3, 8, 35, 19, '1عام', '20.12257500', '32.14767222', 0, '2014-11-02 14:23:47', '2014-11-03 13:08:50', 1),
(1489, 34101, 'هواري بومدين', 15, 3, 8, 35, 19, '1عام', '20.10478611', '32.14249722', 0, '2014-11-02 14:23:47', '2014-11-03 13:08:50', 1),
(1490, 34102, 'أم القرى', 15, 3, 8, 35, 19, '1عام', '20.11367778', '32.14262500', 0, '2014-11-02 14:23:47', '2014-11-03 13:08:50', 1),
(1491, 34103, 'سعد بن أبي وقاص', 15, 3, 8, 35, 19, '1عام', '20.11718333', '32.13722500', 0, '2014-11-02 14:23:47', '2014-11-03 13:08:50', 1),
(1492, 34104, 'شهداء الوطن', 15, 3, 8, 35, 19, '1عام', '20.10972222', '32.14806667', 0, '2014-11-02 14:23:47', '2014-11-03 13:08:50', 1),
(1493, 34105, 'شباب الثورة', 15, 3, 8, 35, 19, '1عام', '20.09904722', '32.12412500', 0, '2014-11-02 14:23:47', '2014-11-03 13:08:50', 1),
(1494, 34106, 'امجاور الرابحي', 15, 3, 8, 35, 19, '1عام', '20.12236389', '32.13977500', 0, '2014-11-02 14:23:47', '2014-11-03 13:08:50', 1),
(1495, 34107, 'بشائر النصر', 15, 3, 8, 36, 3, '1عام', '20.17059167', '32.20165278', 0, '2014-11-02 14:23:47', '2014-11-03 13:08:50', 1),
(1496, 34108, 'أبي ذر الغفاري', 15, 3, 8, 37, 19, '1عام', '20.11237222', '32.13762222', 0, '2014-11-02 14:23:47', '2014-11-03 13:08:50', 1),
(1497, 34109, 'شهداء السلاوي', 15, 3, 8, 36, 3, '1عام', '20.13406944', '32.17225556', 0, '2014-11-02 14:23:47', '2014-11-03 13:08:50', 1),
(1498, 34110, 'عمر بن الخطاب', 15, 3, 8, 35, 19, '1عام', '20.11369722', '32.14678611', 0, '2014-11-02 14:23:47', '2014-11-03 13:08:50', 1),
(1499, 34111, 'راية الاستقلال', 15, 3, 8, 35, 19, '1عام', '20.11720556', '32.15306389', 0, '2014-11-02 14:23:47', '2014-11-03 13:08:50', 1),
(1500, 34112, 'فتاة العروبة', 15, 3, 8, 703, 19, '1عام', '20.11385833', '32.13808333', 0, '2014-11-02 14:23:47', '2014-11-03 13:08:50', 1),
(1501, 34113, 'طلائع النصر', 15, 3, 8, 3, 3, '1عام', '', '', 0, '2014-11-02 14:23:47', '2014-11-03 13:08:50', 1),
(1502, 34114, 'ابراهيم الفيل', 15, 3, 8, 3, 3, '1عام', '', '', 0, '2014-11-02 14:23:47', '2014-11-03 13:08:50', 1),
(1503, 34115, 'المنارة', 15, 3, 8, 3, 3, '1عام', '20.19986111', '32.24158889', 0, '2014-11-02 14:23:47', '2014-11-03 13:08:50', 1),
(1504, 34116, 'القاهرة', 15, 3, 8, 679, 19, '1عام', '20.11986667', '32.13143056', 0, '2014-11-02 14:23:47', '2014-11-03 13:08:50', 1),
(1505, 34117, 'الفضيل بو عمر', 15, 3, 8, 679, 19, '1عام', '20.12908611', '32.13429444', 0, '2014-11-02 14:23:47', '2014-11-03 13:08:50', 1),
(1506, 34118, 'نهر الحياة', 15, 3, 8, 679, 19, '1عام', '20.11186111', '32.12934444', 0, '2014-11-02 14:23:47', '2014-11-03 13:08:50', 1),
(1507, 34119, 'شهداء بنينا', 15, 3, 8, 106, 40, '1عام', '', '', 0, '2014-11-02 14:23:47', '2014-11-03 13:08:50', 1),
(1508, 34120, 'النمودجية بنينا', 15, 3, 8, 106, 40, '1عام', '', '', 0, '2014-11-02 14:23:47', '2014-11-03 13:08:50', 1),
(1509, 34121, 'ثورة العلم', 15, 3, 8, 680, 19, '1عام', '20.15050833', '32.12052500', 0, '2014-11-02 14:23:47', '2014-11-03 13:08:50', 1),
(1510, 34122, 'بوعطني الإبتدائية', 15, 3, 8, 680, 19, '1عام', '20.15480000', '32.10300833', 0, '2014-11-02 14:23:47', '2014-11-03 13:08:50', 1),
(1511, 34123, 'الأمل بوعطني', 15, 3, 8, 680, 19, '1عام', '20.18299722', '32.09659167', 0, '2014-11-02 14:23:47', '2014-11-03 13:08:50', 1),
(1512, 34124, 'الانتصار', 15, 3, 8, 680, 19, '1عام', '20.14753611', '32.10763889', 0, '2014-11-02 14:23:47', '2014-11-03 13:08:50', 1),
(1513, 34125, 'عصر الحرية', 15, 3, 8, 680, 19, '1عام', '20.14850278', '32.10764167', 0, '2014-11-02 14:23:47', '2014-11-03 13:08:50', 1),
(1514, 34126, 'التقدم', 15, 3, 8, 680, 19, '1عام', '20.14945000', '32.12081111', 0, '2014-11-02 14:23:47', '2014-11-03 13:08:50', 1),
(1515, 34127, 'موسى بن نصير', 15, 3, 8, 681, 19, '1عام', '20.10383611', '32.12387222', 0, '2014-11-02 14:23:47', '2014-11-03 13:08:50', 1),
(1516, 34128, 'شهيرات الإسلام', 15, 3, 8, 681, 19, '1عام', '20.10607778', '32.11308889', 0, '2014-11-02 14:23:47', '2014-11-03 13:08:50', 1),
(1517, 34129, 'السيدة عائشة', 15, 3, 8, 681, 19, '1عام', '20.11001200', '32.12178800', 0, '2014-11-02 14:23:47', '2014-11-03 13:08:50', 1),
(1518, 34130, 'صقر قريش', 15, 3, 8, 681, 19, '1عام', '20.10915000', '32.12774444', 0, '2014-11-02 14:23:47', '2014-11-03 13:08:50', 1),
(1519, 34131, 'الشعله', 15, 3, 8, 681, 19, '1عام', '20.11285000', '32.11102400', 0, '2014-11-02 14:23:47', '2014-11-03 13:08:50', 1),
(1520, 34132, 'مركز اعادة تأهيل المعاقين', 15, 3, 8, 682, 19, '1عام', '20.11240556', '32.11913889', 0, '2014-11-02 14:23:47', '2014-11-03 13:08:50', 1),
(1521, 34133, 'إمحمد الباعور', 15, 3, 9, 683, 190, '1عام', '20.58342300', '32.53505500', 0, '2014-11-02 14:23:47', '2014-11-03 13:08:50', 1),
(1522, 34134, 'الشهيد سليمان سعيد العرفي', 15, 3, 9, 683, 190, '1عام', '20.49273300', '32.36342000', 0, '2014-11-02 14:23:47', '2014-11-03 13:08:50', 1),
(1523, 34135, 'عبد الفتاح كركار', 15, 3, 9, 683, 190, '1عام', '20.23437700', '31.28321500', 0, '2014-11-02 14:23:47', '2014-11-03 13:08:50', 1),
(1524, 34136, 'سعيد الكوسة', 15, 3, 9, 683, 190, '1عام', '20.58197100', '32.53255200', 0, '2014-11-02 14:23:47', '2014-11-03 13:08:50', 1),
(1525, 34137, 'عبدالمنعم رياض', 15, 3, 9, 38, 20, '1عام', '20.27282300', '32.30921400', 0, '2014-11-02 14:23:47', '2014-11-03 13:08:50', 1),
(1526, 34138, 'المرحوم فرج عبدالحميد', 15, 3, 9, 38, 20, '1عام', '20.49273300', '32.36342000', 0, '2014-11-02 14:23:47', '2014-11-03 13:08:50', 1),
(1527, 34139, 'المجاهد حمد الترت', 15, 3, 9, 717, 190, '1عام', '20.58197100', '32.53255200', 0, '2014-11-02 14:23:47', '2014-11-03 13:08:50', 1),
(1528, 34140, 'المرحوم خليل ادريس', 15, 3, 9, 718, 190, '1عام', '20.17407200', '31.23256500', 0, '2014-11-02 14:23:47', '2014-11-03 13:08:50', 1),
(1529, 34141, 'الجبل', 15, 3, 9, 719, 20, '1عام', '20.49273333', '32.36341944', 0, '2014-11-02 14:23:47', '2014-11-03 13:08:50', 1),
(1530, 34142, 'المرحوم موسى محمد ابراهيم', 15, 3, 9, 719, 20, '1عام', '20.27282300', '32.30921400', 0, '2014-11-02 14:23:47', '2014-11-03 13:08:50', 1),
(1531, 34143, 'المجاهد الباين سعد الباين', 15, 3, 9, 720, 20, '1عام', '20.58342300', '32.53505500', 0, '2014-11-02 14:23:47', '2014-11-03 13:08:50', 1),
(1532, 34144, 'شط البدين', 15, 3, 11, 721, 195, '1عام', '20.17407200', '31.23256500', 0, '2014-11-02 14:23:47', '2014-11-03 13:08:50', 1),
(1533, 34145, 'كركورة المشتركة', 15, 3, 11, 721, 195, '1عام', '20.02931389', '31.42533056', 0, '2014-11-02 14:23:47', '2014-11-03 13:08:50', 1),
(1534, 34146, 'سيدي عبدالعاطي', 15, 3, 11, 722, 195, '1عام', '20.23437700', '31.28321500', 0, '2014-11-02 14:23:47', '2014-11-03 13:08:50', 1),
(1535, 34147, 'فاطمة الزهراء', 15, 3, 10, 723, 196, '1عام', '20.59158333', '32.20016667', 0, '2014-11-02 14:23:47', '2014-11-03 13:08:50', 1),
(1536, 34148, 'الانتفاضة', 15, 3, 10, 723, 196, '1عام', '20.67209722', '32.36186111', 0, '2014-11-02 14:23:47', '2014-11-03 13:08:50', 1),
(1537, 34149, 'عمر بن الخطاب', 15, 3, 10, 723, 196, '1عام', '20.16755833', '31.92531667', 0, '2014-11-02 14:23:47', '2014-11-03 13:08:50', 1),
(1538, 34150, 'الشهيد حسن قليوان', 15, 3, 10, 760, 206, '1عام', '20.58878611', '32.17718056', 0, '2014-11-02 14:23:47', '2014-11-03 13:08:50', 1),
(1539, 34151, 'عقبة بن نافع', 15, 3, 10, 760, 206, '1عام', '20.59258333', '32.18663333', 0, '2014-11-02 14:23:47', '2014-11-03 13:08:50', 1),
(1540, 34152, 'الشهيد حميد فضل الله', 15, 3, 10, 761, 196, '1عام', '21.00999167', '31.57924167', 0, '2014-11-02 14:23:47', '2014-11-03 13:08:50', 1),
(1541, 34153, '24ديسمبر', 15, 3, 10, 762, 196, '1عام', '20.65027222', '32.27278333', 0, '2014-11-02 14:23:47', '2014-11-03 13:08:50', 1),
(1542, 34154, 'عقيلة مفتاح', 15, 3, 10, 762, 196, '1عام', '20.59158333', '32.20016667', 0, '2014-11-02 14:23:47', '2014-11-03 13:08:50', 1),
(1543, 34155, 'ابو مريم', 15, 3, 10, 763, 196, '1عام', '20.67209722', '32.36186111', 0, '2014-11-02 14:23:47', '2014-11-03 13:08:50', 1),
(1544, 34156, 'الشهيد عطية النايض', 15, 3, 10, 764, 196, '1عام', '20.16755833', '31.92531667', 0, '2014-11-02 14:23:47', '2014-11-03 13:08:50', 1),
(1545, 34157, 'جيرة', 15, 3, 10, 765, 196, '1عام', '21.00999167', '31.57924167', 0, '2014-11-02 14:23:47', '2014-11-03 13:08:50', 1),
(1546, 34158, 'عبد الحميد العبار', 15, 3, 10, 766, 196, '1عام', '20.73710000', '32.24638611', 0, '2014-11-02 14:23:47', '2014-11-03 13:08:50', 1),
(1547, 34159, 'جمال عبدالناصر', 15, 3, 11, 724, 197, '1عام', '20.01347222', '31.65629167', 0, '2014-11-02 14:23:47', '2014-11-03 13:08:50', 1),
(1548, 34160, 'الشهيد فرج البدري', 15, 3, 11, 724, 197, '1عام', '20.01432778', '31.66059722', 0, '2014-11-02 14:23:47', '2014-11-03 13:08:50', 1),
(1549, 34161, 'كلية التربية', 15, 3, 11, 724, 197, '1عام', '20.02042222', '31.65863333', 0, '2014-11-02 14:23:47', '2014-11-03 13:08:50', 1),
(1550, 34162, 'احفاد بو رحيل', 15, 3, 8, 1, 1, '1عام', '19.98595000', '31.85745278', 0, '2014-11-02 14:23:47', '2014-11-03 13:08:50', 1),
(1551, 34163, 'جروثة', 15, 3, 11, 2, 2, '1عام', '19.97962500', '31.81566600', 0, '2014-11-02 14:23:47', '2014-11-03 13:08:50', 1),
(1552, 34164, 'حسان بن ثابت', 15, 3, 11, 725, 195, '1عام', '20.02042222', '31.56863333', 0, '2014-11-02 14:23:47', '2014-11-03 13:08:50', 1),
(1553, 34165, 'الرقطة المشتركة', 15, 3, 11, 726, 195, '1عام', '20.15256667', '31.27262778', 0, '2014-11-02 14:23:47', '2014-11-03 13:08:50', 1),
(1554, 34166, 'شهداء الزاوية', 15, 3, 12, 727, 198, '1عام', '20.25757600', '31.67005700', 0, '2014-11-02 14:23:47', '2014-11-03 13:08:50', 1),
(1555, 34167, 'شعاع الحرية', 15, 3, 12, 727, 198, '1عام', '20.24874444', '31.66441111', 0, '2014-11-02 14:23:47', '2014-11-03 13:08:50', 1),
(1556, 34168, 'الشهيد عوض العبار', 15, 3, 12, 727, 198, '1عام', '20.24155833', '31.66236944', 0, '2014-11-02 14:23:47', '2014-11-03 13:08:50', 1),
(1557, 34169, 'المرحوم إبراهيم الحراري', 15, 3, 12, 727, 198, '1عام', '20.25863333', '31.66457222', 0, '2014-11-02 14:23:47', '2014-11-03 13:08:50', 1),
(1558, 34170, 'نور الرحمن', 15, 3, 12, 727, 198, '1عام', '20.51987500', '31.50461111', 0, '2014-11-02 14:23:47', '2014-11-03 13:08:50', 1),
(1559, 34171, 'شهداء الطيلمون', 15, 3, 12, 727, 198, '1عام', '20.17430833', '31.58690000', 0, '2014-11-02 14:23:47', '2014-11-03 13:08:50', 1),
(1560, 34172, 'الانتفاضة', 15, 3, 12, 727, 198, '1عام', '20.67209722', '32.36186111', 0, '2014-11-02 14:23:47', '2014-11-03 13:08:50', 1),
(1561, 34173, 'مدرسة المقزحة المشتركة', 15, 3, 8, 728, 199, '1عام', '20.34209444', '31.95217222', 0, '2014-11-02 14:23:47', '2014-11-03 13:08:50', 1),
(1562, 34174, 'النواقية بنات', 15, 3, 8, 729, 199, '1عام', '20.59158333', '32.20016667', 0, '2014-11-02 14:23:47', '2014-11-03 13:08:50', 1),
(1563, 34175, 'المرحوم علي الشرع', 15, 3, 12, 730, 198, '1عام', '20.59158333', '32.20016667', 0, '2014-11-02 14:23:47', '2014-11-03 13:08:50', 1),
(1564, 34176, 'مدرسة قصر الشريف', 15, 3, 10, 731, 196, '1عام', '', '', 0, '2014-11-02 14:23:47', '2014-11-03 13:08:50', 1),
(1565, 34177, 'فلسطين', 15, 3, 8, 684, 116, '1عام', '', '', 0, '2014-11-02 14:23:47', '2014-11-03 13:08:50', 1),
(1566, 34178, 'اشبيليا', 15, 3, 8, 732, 200, '1عام', '', '', 0, '2014-11-02 14:23:47', '2014-11-03 13:08:50', 1),
(1567, 34179, 'مدرسة الحرية', 15, 3, 10, 723, 196, '1عام', '', '', 0, '2014-11-02 14:23:47', '2014-11-03 13:08:50', 1),
(1568, 34180, 'مدرسة وادي الباب ', 15, 3, 12, 733, 201, '1عام', '', '', 0, '2014-11-02 14:23:47', '2014-11-03 13:08:50', 1),
(1569, 34400, 'مخيم نازحين, الحليس, بنغازي', 15, 9, 46, NULL, NULL, '2نازحين', '19.98609400', '31.91585800', 0, '2014-11-02 14:23:47', '2014-11-03 13:08:50', 1),
(1570, 34500, 'مخيم نازحين, قاريونس, بنغازي', 15, 9, 46, NULL, NULL, '2نازحين', '20.04110300', '32.05488300', 0, '2014-11-02 14:23:47', '2014-11-03 13:08:50', 1),
(1571, 34600, 'مخيم المدينة الرياضية 1&2', 15, 9, 46, NULL, NULL, '2نازحين', '20.11569000', '32.11019900', 0, '2014-11-02 14:23:47', '2014-11-03 13:08:50', 1),
(1572, 34801, 'مركز إعادة تأهيل المعاقين - بنغازي(ايواء)', 15, 0, 0, NULL, NULL, '4مركز تأهيل وايواء', '20.11240556', '32.11913889', 0, '2014-11-02 14:23:47', '2014-11-03 13:08:50', 1),
(1573, 35001, 'عمر المختار', 16, 4, 13, 734, 202, '1عام', '20.23002100', '30.76751300', 0, '2014-11-02 14:23:47', '2014-11-03 13:08:50', 1),
(1574, 35002, 'الإستقلال', 16, 4, 13, 734, 202, '1عام', '21.00999167', '31.57924167', 0, '2014-11-02 14:23:47', '2014-11-03 13:08:50', 1),
(1575, 35003, 'الوحدة إجدابيا', 16, 4, 13, 734, 202, '1عام', '20.22378500', '30.75918800', 0, '2014-11-02 14:23:47', '2014-11-03 13:08:50', 1),
(1576, 35004, 'فاطمة الزهراء', 16, 4, 13, 734, 202, '1عام', '20.22679400', '30.75524700', 0, '2014-11-02 14:23:47', '2014-11-03 13:08:50', 1),
(1577, 35005, 'الطليعة', 16, 4, 13, 734, 202, '1عام', '20.23250000', '30.76060000', 0, '2014-11-02 14:23:47', '2014-11-03 13:08:50', 1),
(1578, 35006, 'عائشة أم المؤمنين', 16, 4, 13, 734, 202, '1عام', '20.23992000', '30.75851400', 0, '2014-11-02 14:23:47', '2014-11-03 13:08:50', 1),
(1579, 35007, 'التقدم', 16, 4, 13, 734, 202, '1عام', '20.23883000', '30.76449000', 0, '2014-11-02 14:23:47', '2014-11-03 13:08:50', 1),
(1580, 35008, 'شهداء الدامور', 16, 4, 13, 735, 202, '1عام', '20.67209722', '32.36186111', 0, '2014-11-02 14:23:47', '2014-11-03 13:08:50', 1),
(1581, 35009, 'بئر بلال', 16, 4, 13, 735, 202, '1عام', '20.16755833', '31.92531667', 0, '2014-11-02 14:23:47', '2014-11-03 13:08:50', 1),
(1582, 35010, 'امصادف الرقعي', 16, 4, 13, 735, 202, '1عام', '20.13428000', '30.67974000', 0, '2014-11-02 14:23:47', '2014-11-03 13:08:50', 1),
(1583, 35011, 'إدريس عبدالنبي', 16, 4, 13, 735, 202, '1عام', '20.21589000', '30.75909000', 0, '2014-11-02 14:23:47', '2014-11-03 13:08:50', 1),
(1584, 35012, 'القادسية', 16, 4, 13, 735, 202, '1عام', '20.20320100', '30.74578400', 0, '2014-11-02 14:23:47', '2014-11-03 13:08:50', 1),
(1585, 35013, '17قبراير', 16, 4, 13, 736, 202, '1عام', '20.21906600', '30.76028700', 0, '2014-11-02 14:23:47', '2014-11-03 13:08:50', 1),
(1586, 35014, 'عطية الكاسح', 16, 4, 13, 736, 202, '1عام', '20.21503400', '30.74597100', 0, '2014-11-02 14:23:47', '2014-11-03 13:08:50', 1),
(1587, 35015, 'النهضة', 16, 4, 13, 736, 202, '1عام', '20.21471000', '30.74032000', 0, '2014-11-02 14:23:47', '2014-11-03 13:08:50', 1),
(1588, 35016, 'الحرية', 16, 4, 13, 736, 202, '1عام', '20.22424400', '30.74412500', 0, '2014-11-02 14:23:47', '2014-11-03 13:08:50', 1),
(1589, 35017, 'حسن البراني', 16, 4, 13, 736, 202, '1عام', '20.22196000', '30.74912000', 0, '2014-11-02 14:23:47', '2014-11-03 13:08:50', 1),
(1590, 35018, 'طارق بن زياد', 16, 4, 13, 736, 202, '1عام', '20.22829000', '30.75195000', 0, '2014-11-02 14:23:47', '2014-11-03 13:08:50', 1),
(1591, 35019, 'خالد بن الوليد', 16, 4, 14, 39, 21, '1عام', '19.73180000', '30.47898000', 0, '2014-11-02 14:23:47', '2014-11-03 13:08:50', 1),
(1592, 35020, 'المجد', 16, 4, 14, 39, 21, '1عام', '19.72256000', '30.48647000', 0, '2014-11-02 14:23:47', '2014-11-03 13:08:50', 1),
(1593, 35021, 'البيضان', 16, 4, 13, 737, 202, '1عام', '20.51180900', '30.83771600', 0, '2014-11-02 14:23:47', '2014-11-03 13:08:50', 1),
(1594, 35022, 'عمر بن الخطاب', 16, 4, 13, 738, 202, '1عام', '20.12100700', '30.95307300', 0, '2014-11-02 14:23:47', '2014-11-03 13:08:50', 1),
(1595, 35023, 'حيشان اجبيل', 16, 4, 13, 738, 202, '1عام', '20.13508800', '30.94734000', 0, '2014-11-02 14:23:47', '2014-11-03 13:08:50', 1),
(1596, 35024, 'العرقوب', 16, 4, 14, 739, 21, '1عام', '19.66661400', '30.32474700', 0, '2014-11-02 14:23:47', '2014-11-03 13:08:50', 1),
(1597, 35025, 'عبدالنبي بشير', 16, 4, 14, 767, 21, '1عام', '19.20413100', '30.25739600', 0, '2014-11-02 14:23:47', '2014-11-03 13:08:50', 1),
(1598, 35026, 'الإمام سحنون', 16, 4, 13, 740, 202, '1عام', '20.32983000', '30.65662000', 0, '2014-11-02 14:23:47', '2014-11-03 13:08:50', 1),
(1599, 35027, 'شهداء البريقة الثانوية', 16, 4, 14, 741, 21, '1عام', '19.57032000', '30.40850000', 0, '2014-11-02 14:23:47', '2014-11-03 13:08:50', 1),
(1600, 35028, 'الوحدة العربية', 16, 4, 14, 741, 21, '1عام', '19.62781200', '30.39159400', 0, '2014-11-02 14:23:47', '2014-11-03 13:08:50', 1),
(1601, 35029, 'آدم النويحف', 16, 4, 13, 742, 202, '1عام', '19.93128800', '30.62244100', 0, '2014-11-02 14:23:47', '2014-11-03 13:08:50', 1),
(1602, 35030, 'الشموخ', 16, 4, 13, 743, 202, '1عام', '20.58141800', '30.85971700', 0, '2014-11-02 14:23:47', '2014-11-03 13:08:50', 1),
(1603, 35031, 'موسى عريش', 16, 4, 14, 744, 21, '1عام', '19.43957000', '30.29783000', 0, '2014-11-02 14:23:47', '2014-11-03 13:08:50', 1),
(1604, 35032, 'أبوالقاسم الزهراوي', 16, 4, 14, 745, 21, '1عام', '19.87835000', '30.33861000', 0, '2014-11-02 14:23:47', '2014-11-03 13:08:50', 1),
(1605, 35033, 'حسين العريبي', 16, 4, 13, 746, 202, '1عام', '20.22560300', '31.09591100', 0, '2014-11-02 14:23:47', '2014-11-03 13:08:50', 1),
(1606, 35034, 'مدرسة شهوان', 16, 4, 13, 746, 202, '1عام', '20.20779700', '31.05924600', 0, '2014-11-02 14:23:47', '2014-11-03 13:08:50', 1),
(1607, 35035, 'الجليداية', 16, 4, 13, 746, 202, '1عام', '20.25141000', '31.15963000', 0, '2014-11-02 14:23:47', '2014-11-03 13:08:50', 1),
(1608, 35036, 'أبوجعفر المنصور', 16, 4, 13, 747, 203, '1عام', '19.20569400', '29.22449600', 0, '2014-11-02 14:23:47', '2014-11-03 13:08:50', 1),
(1609, 35037, 'عطية الكاسح', 16, 4, 16, 748, 204, '1عام', '21.65657000', '29.30235300', 0, '2014-11-02 14:23:47', '2014-11-03 13:08:50', 1),
(1610, 35038, 'نسيبه بنت كعب', 16, 4, 16, 748, 204, '1عام', '21.65871500', '29.30700500', 0, '2014-11-02 14:23:47', '2014-11-03 13:08:50', 1),
(1611, 35039, 'عثمان بن عفان', 16, 4, 15, 704, 192, '1عام', '21.29833700', '29.16324800', 0, '2014-11-02 14:23:47', '2014-11-03 13:08:50', 1);
INSERT INTO `centers` (`idcenter`, `center_id`, `name`, `office_idoffice`, `constituency_idconstituency`, `subconstituency_idsubconstituency`, `mahalla_idmahalla`, `village_idvillage`, `center_type`, `center_lat`, `center_log`, `center_id_2012`, `creation_date`, `modify_date`, `status`) VALUES
(1612, 35040, 'خالد بن الوليد', 16, 4, 15, 704, 192, '1عام', '21.29204200', '29.13264500', 0, '2014-11-02 14:23:47', '2014-11-03 13:08:50', 1),
(1613, 35041, 'علي بن أبي طالب', 16, 4, 16, 705, 193, '1عام', '21.48472800', '29.06431800', 0, '2014-11-02 14:23:47', '2014-11-03 13:08:50', 1),
(1614, 35042, 'صلاح الدين', 16, 4, 16, 706, 193, '1عام', '21.54959500', '29.03297200', 0, '2014-11-02 14:23:47', '2014-11-03 13:08:50', 1),
(1615, 35043, 'السيدة حفصه', 16, 4, 16, 706, 193, '1عام', '21.55094000', '29.03637900', 0, '2014-11-02 14:23:47', '2014-11-03 13:08:50', 1),
(1616, 35044, 'عمر المختار', 16, 4, 16, 706, 193, '1عام', '21.52971400', '29.04544000', 0, '2014-11-02 14:23:47', '2014-11-03 13:08:50', 1),
(1617, 35045, 'حليمة السعدية', 16, 4, 16, 707, 193, '1عام', '21.56196800', '29.02445400', 0, '2014-11-02 14:23:47', '2014-11-03 13:08:50', 1),
(1618, 35046, 'سعد بن أبي وقاص', 16, 4, 16, 707, 193, '1عام', '21.56028900', '29.02656000', 0, '2014-11-02 14:23:47', '2014-11-03 13:08:50', 1),
(1619, 35047, 'مدرسة 17 فبراير', 16, 4, 16, 708, 193, '1عام', '21.34157000', '29.09495000', 0, '2014-11-02 14:23:47', '2014-11-03 13:08:50', 1),
(1620, 35048, 'أبن البيطار', 16, 4, 16, 709, 193, '1عام', '21.49590300', '29.02343000', 0, '2014-11-02 14:23:47', '2014-11-03 13:08:50', 1),
(1621, 35049, 'محمد يوسف بوعوينه', 16, 4, 16, 709, 193, '1عام', '21.50992000', '29.00519800', 0, '2014-11-02 14:23:47', '2014-11-03 13:08:50', 1),
(1622, 35050, 'مدرسة عبد الله بن أبي السرح', 16, 4, 15, 710, 192, '1عام', '21.28395000', '29.10883300', 0, '2014-11-02 14:23:47', '2014-11-03 13:08:50', 1),
(1623, 35400, 'مخيم اجدابيا مستوصف قنان على الطريق الواصل بين اجدابيا و جالو 15 كم شرق اجدابيا', 16, 9, 46, NULL, NULL, '2نازحين', '', '', 0, '2014-11-02 14:23:47', '2014-11-03 13:08:50', 1),
(1624, 35701, 'ميناء البريقة النفطي', 16, 0, 0, NULL, NULL, '3حقل نفط', '', '', 0, '2014-11-02 14:23:47', '2014-11-03 13:08:50', 1),
(1625, 35702, 'الزويتينة', 16, 0, 0, NULL, NULL, '3حقل نفط', '', '', 0, '2014-11-02 14:23:47', '2014-11-03 13:08:50', 1),
(1626, 35703, 'حقل البيضاء النفطى', 16, 0, 0, NULL, NULL, '3حقل نفط', '', '', 0, '2014-11-02 14:23:47', '2014-11-03 13:08:50', 1),
(1627, 35704, 'حقل ناصر', 16, 0, 0, NULL, NULL, '3حقل نفط', '', '', 0, '2014-11-02 14:23:47', '2014-11-03 13:08:50', 1),
(1628, 35705, 'حقل الواحة', 16, 0, 0, NULL, NULL, '3حقل نفط', '19.92649444', '28.29899167', 0, '2014-11-02 14:23:47', '2014-11-03 13:08:50', 1),
(1629, 35706, 'حقل الإنتصار', 16, 0, 0, NULL, NULL, '3حقل نفط', '20.78055556', '29.04722222', 0, '2014-11-02 14:23:47', '2014-11-03 13:08:50', 1),
(1630, 35707, 'حقل السرير النفطى', 16, 0, 0, NULL, NULL, '3حقل نفط', '', '', 0, '2014-11-02 14:23:47', '2014-11-03 13:08:50', 1),
(1631, 35708, 'حقل أبو الطفل', 16, 0, 0, NULL, NULL, '3حقل نفط', '', '', 0, '2014-11-02 14:23:47', '2014-11-03 13:08:50', 1),
(1632, 35709, 'حقل امال', 16, 0, 0, NULL, NULL, '3حقل نفط', '21.11014444', '29.48549444', 0, '2014-11-02 14:23:47', '2014-11-03 13:08:50', 1),
(1633, 36001, 'أسامة بن زيد', 17, 4, 18, 711, 194, '1عام', '23.29952200', '24.20131400', 0, '2014-11-02 14:23:47', '2014-11-03 13:08:50', 1),
(1634, 36002, '5مايو', 17, 4, 18, 711, 194, '1عام', '23.28737200', '24.20540800', 0, '2014-11-02 14:23:47', '2014-11-03 13:08:50', 1),
(1635, 36003, 'علي بن أبي طالب', 17, 4, 18, 711, 194, '1عام', '23.29317200', '24.17288600', 0, '2014-11-02 14:23:47', '2014-11-03 13:08:50', 1),
(1636, 36004, 'المنارة', 17, 4, 18, 711, 194, '1عام', '23.29141700', '24.19182500', 0, '2014-11-02 14:23:47', '2014-11-03 13:08:50', 1),
(1637, 36005, 'شهداء 17 فبراير', 17, 4, 18, 711, 194, '1عام', '23.28350000', '24.19708600', 0, '2014-11-02 14:23:47', '2014-11-03 13:08:50', 1),
(1638, 36006, 'شهداء الأجهر', 17, 4, 18, 711, 194, '1عام', '23.25153900', '24.18107200', 0, '2014-11-02 14:23:47', '2014-11-03 13:08:50', 1),
(1639, 36007, 'طارق بن زياد', 17, 4, 18, 711, 194, '1عام', '23.29366700', '24.18107200', 0, '2014-11-02 14:23:47', '2014-11-03 13:08:50', 1),
(1640, 36008, 'اليرموك', 17, 4, 18, 712, 194, '1عام', '23.12737800', '24.18107200', 0, '2014-11-02 14:23:47', '2014-11-03 13:08:50', 1),
(1641, 36009, 'حسان بن ثابت', 17, 4, 18, 713, 194, '1عام', '23.16226900', '24.18107200', 0, '2014-11-02 14:23:47', '2014-11-03 13:08:50', 1),
(1642, 36010, 'زيد بن حارثة', 17, 4, 18, 714, 194, '1عام', '23.23523300', '24.18107200', 0, '2014-11-02 14:23:47', '2014-11-03 13:08:50', 1),
(1643, 36011, 'المنارة ب', 17, 4, 18, 715, 194, '1عام', '23.15538500', '24.18107200', 0, '2014-11-02 14:23:47', '2014-11-03 13:08:50', 1),
(1644, 36012, 'حطين', 17, 4, 18, 749, 194, '1عام', '21.96975300', '24.18107200', 0, '2014-11-02 14:23:47', '2014-11-03 13:08:50', 1),
(1645, 36013, 'عمر بن الخطاب', 17, 4, 18, 750, 194, '1عام', '23.24014400', '24.18107200', 0, '2014-11-02 14:23:47', '2014-11-03 13:08:50', 1),
(1646, 36014, 'النصر', 17, 4, 17, 751, 205, '1عام', '21.10653000', '24.18107200', 0, '2014-11-02 14:23:47', '2014-11-03 13:08:50', 1),
(1647, 36015, 'الأحرار', 17, 4, 17, 751, 205, '1عام', '21.06853400', '24.18107200', 0, '2014-11-02 14:23:47', '2014-11-03 13:08:50', 1);

-- --------------------------------------------------------

--
-- Table structure for table `constituency`
--

CREATE TABLE IF NOT EXISTS `constituency` (
`idconstituency` int(11) NOT NULL,
  `constituency_id` int(11) NOT NULL,
  `constituency_name` varchar(300) COLLATE utf8_unicode_ci NOT NULL,
  `constituency_name_ar` varchar(300) COLLATE utf8_unicode_ci DEFAULT NULL,
  `creation_date` timestamp NOT NULL DEFAULT CURRENT_TIMESTAMP,
  `modify_date` datetime DEFAULT NULL ON UPDATE CURRENT_TIMESTAMP,
  `status` tinyint(4) NOT NULL DEFAULT '1'
) ENGINE=InnoDB  DEFAULT CHARSET=utf8 COLLATE=utf8_unicode_ci AUTO_INCREMENT=14 ;

--
-- Dumping data for table `constituency`
--

INSERT INTO `constituency` (`idconstituency`, `constituency_id`, `constituency_name`, `constituency_name_ar`, `creation_date`, `modify_date`, `status`) VALUES
(1, 1, 'first', NULL, '2014-10-30 13:20:08', '2014-11-03 13:07:58', 1),
(2, 2, 'second', NULL, '2014-10-30 13:20:08', '2014-11-03 13:07:58', 1),
(3, 3, 'third', NULL, '2014-10-30 13:20:08', '2014-11-03 13:07:58', 1),
(4, 4, 'fourth', NULL, '2014-10-30 13:20:08', '2014-11-03 13:07:58', 1),
(5, 5, 'fifth', NULL, '2014-10-30 13:20:08', '2014-11-03 13:07:58', 1),
(6, 6, 'sixth', NULL, '2014-10-30 13:20:08', '2014-11-03 13:07:58', 1),
(7, 7, 'seventh', NULL, '2014-10-30 13:20:08', '2014-11-03 13:07:58', 1),
(8, 8, 'eighth', NULL, '2014-10-30 13:20:08', '2014-11-03 13:07:58', 1),
(9, 9, 'ninth', NULL, '2014-10-30 13:20:08', '2014-11-03 13:07:58', 1),
(10, 10, 'tenth', NULL, '2014-10-30 13:20:08', '2014-11-03 13:07:58', 1),
(11, 11, 'eleventh', NULL, '2014-10-30 13:20:08', '2014-11-03 13:07:58', 1),
(12, 12, 'twelfth', NULL, '2014-10-30 13:20:08', '2014-11-03 13:07:58', 1),
(13, 13, 'thirteenth', NULL, '2014-10-30 13:20:08', '2014-11-03 13:07:58', 1);

-- --------------------------------------------------------

--
-- Table structure for table `employee`
--

CREATE TABLE IF NOT EXISTS `employee` (
`idemployee` int(11) NOT NULL,
  `employee_name` varchar(300) COLLATE utf8_unicode_ci NOT NULL,
  `email` varchar(300) COLLATE utf8_unicode_ci DEFAULT NULL,
  `type` tinyint(4) NOT NULL,
  `center_idcenter` int(11) NOT NULL,
  `creation_date` timestamp NOT NULL DEFAULT CURRENT_TIMESTAMP,
  `modify_date` datetime DEFAULT NULL ON UPDATE CURRENT_TIMESTAMP
) ENGINE=InnoDB DEFAULT CHARSET=utf8 COLLATE=utf8_unicode_ci AUTO_INCREMENT=1 ;

-- --------------------------------------------------------

--
-- Table structure for table `log`
--

CREATE TABLE IF NOT EXISTS `log` (
`idlog` bigint(20) NOT NULL,
  `user_iduser` int(11) NOT NULL,
  `type` enum('add','edit','delete','') NOT NULL,
  `table` varchar(150) NOT NULL,
  `desc` text,
  `creation_date` timestamp NOT NULL DEFAULT CURRENT_TIMESTAMP,
  `table_idtable` bigint(20) NOT NULL
) ENGINE=InnoDB DEFAULT CHARSET=utf8 AUTO_INCREMENT=1 ;

-- --------------------------------------------------------

--
-- Table structure for table `mahalla`
--

CREATE TABLE IF NOT EXISTS `mahalla` (
`idmahalla` int(11) NOT NULL,
  `mahalla_name` varchar(500) COLLATE utf8_unicode_ci NOT NULL,
  `village_idvillage` int(11) DEFAULT NULL,
  `creation_date` timestamp NOT NULL DEFAULT CURRENT_TIMESTAMP,
  `modify_date` datetime NOT NULL ON UPDATE CURRENT_TIMESTAMP,
  `status` int(11) NOT NULL DEFAULT '1'
) ENGINE=InnoDB  DEFAULT CHARSET=utf8 COLLATE=utf8_unicode_ci AUTO_INCREMENT=800 ;

--
-- Dumping data for table `mahalla`
--

INSERT INTO `mahalla` (`idmahalla`, `mahalla_name`, `village_idvillage`, `creation_date`, `modify_date`, `status`) VALUES
(1, 'قمينس', 1, '2014-11-02 13:36:44', '2014-11-03 13:08:34', 1),
(2, 'قمينس', 2, '2014-11-02 13:36:44', '2014-11-03 13:08:34', 1),
(3, 'سيدي خليفة', 3, '2014-11-02 13:36:44', '2014-11-03 13:08:34', 1),
(4, 'الصوان', 4, '2014-11-02 13:36:44', '2014-11-03 13:08:34', 1),
(5, 'هون الشمالية', 5, '2014-11-02 13:36:44', '2014-11-03 13:08:34', 1),
(6, 'رأس أجدير', 6, '2014-11-02 13:36:44', '2014-11-03 13:08:34', 1),
(7, 'النوفلية', 7, '2014-11-02 13:36:44', '2014-11-03 13:08:34', 1),
(8, 'المطاردة', 8, '2014-11-02 13:36:44', '2014-11-03 13:08:34', 1),
(9, 'المقاصبة', 8, '2014-11-02 13:36:44', '2014-11-03 13:08:34', 1),
(10, 'المقاوبة', 8, '2014-11-02 13:36:44', '2014-11-03 13:08:34', 1),
(11, 'أبوشعيرة', 8, '2014-11-02 13:36:44', '2014-11-03 13:08:34', 1),
(12, 'رأس عمار', 8, '2014-11-02 13:36:44', '2014-11-03 13:08:34', 1),
(13, 'زاوية المحجوب', 8, '2014-11-02 13:36:44', '2014-11-03 13:08:34', 1),
(14, 'طريق الثقيل', 8, '2014-11-02 13:36:44', '2014-11-03 13:08:34', 1),
(15, 'طمينة', 8, '2014-11-02 13:36:44', '2014-11-03 13:08:34', 1),
(16, 'عباد', 8, '2014-11-02 13:36:44', '2014-11-03 13:08:34', 1),
(17, 'قصر أحمد', 8, '2014-11-02 13:36:44', '2014-11-03 13:08:34', 1),
(18, 'كرزاز', 8, '2014-11-02 13:36:44', '2014-11-03 13:08:34', 1),
(19, 'يدر', 8, '2014-11-02 13:36:44', '2014-11-03 13:08:34', 1),
(20, 'الجديدة', 9, '2014-11-02 13:36:44', '2014-11-03 13:08:34', 1),
(21, 'الشمالية', 10, '2014-11-02 13:36:44', '2014-11-03 13:08:34', 1),
(22, 'مرغرين', 11, '2014-11-02 13:36:44', '2014-11-03 13:08:34', 1),
(23, 'المطار', 12, '2014-11-02 13:36:44', '2014-11-03 13:08:34', 1),
(24, 'الولاني', 13, '2014-11-02 13:36:44', '2014-11-03 13:08:34', 1),
(25, 'امداكم', 13, '2014-11-02 13:36:44', '2014-11-03 13:08:34', 1),
(26, 'أبو السباع', 13, '2014-11-02 13:36:44', '2014-11-03 13:08:34', 1),
(27, 'أبو غلاشة', 13, '2014-11-02 13:36:44', '2014-11-03 13:08:34', 1),
(28, 'أبو الريش', 14, '2014-11-02 13:36:44', '2014-11-03 13:08:34', 1),
(29, 'أبو الهلال', 14, '2014-11-02 13:36:44', '2014-11-03 13:08:34', 1),
(30, 'بادرتن', 15, '2014-11-02 13:36:44', '2014-11-03 13:08:34', 1),
(31, 'أبوغيلان', 15, '2014-11-02 13:36:44', '2014-11-03 13:08:34', 1),
(32, 'الشمالية', 16, '2014-11-02 13:36:44', '2014-11-03 13:08:34', 1),
(33, 'الجنوبية', 17, '2014-11-02 13:36:44', '2014-11-03 13:08:34', 1),
(34, 'غات', 18, '2014-11-02 13:36:44', '2014-11-03 13:08:34', 1),
(35, 'حي السلام', 19, '2014-11-02 13:36:44', '2014-11-03 13:08:34', 1),
(36, 'الكويفية', 3, '2014-11-02 13:36:44', '2014-11-03 13:08:34', 1),
(37, 'الكيش', 19, '2014-11-02 13:36:44', '2014-11-03 13:08:34', 1),
(38, 'دريانه', 20, '2014-11-02 13:36:44', '2014-11-03 13:08:34', 1),
(39, 'البريقة الجديدة', 21, '2014-11-02 13:36:44', '2014-11-03 13:08:34', 1),
(40, 'الظهرة -تنيناي الوادي', 22, '2014-11-02 13:36:44', '2014-11-03 13:08:34', 1),
(41, 'اشميخ', 23, '2014-11-02 13:36:44', '2014-11-03 13:08:34', 1),
(42, 'الظهرة', 24, '2014-11-02 13:36:44', '2014-11-03 13:08:34', 1),
(43, 'التنية البيضاء', 24, '2014-11-02 13:36:44', '2014-11-03 13:08:34', 1),
(44, 'البلدية', 24, '2014-11-02 13:36:44', '2014-11-03 13:08:34', 1),
(45, 'سوف الجين', 24, '2014-11-02 13:36:44', '2014-11-03 13:08:34', 1),
(46, 'أبو راس', 24, '2014-11-02 13:36:44', '2014-11-03 13:08:34', 1),
(47, 'أبو نجرة', 24, '2014-11-02 13:36:44', '2014-11-03 13:08:34', 1),
(48, 'المربوعة', 24, '2014-11-02 13:36:44', '2014-11-03 13:08:34', 1),
(49, 'أبوراوي', 24, '2014-11-02 13:36:44', '2014-11-03 13:08:34', 1),
(50, 'الوحدة العربية', 24, '2014-11-02 13:36:44', '2014-11-03 13:08:34', 1),
(51, 'أبو عمود', 24, '2014-11-02 13:36:44', '2014-11-03 13:08:34', 1),
(52, 'السند', 24, '2014-11-02 13:36:44', '2014-11-03 13:08:34', 1),
(53, 'ميمون', 24, '2014-11-02 13:36:44', '2014-11-03 13:08:34', 1),
(54, 'الخرماني', 24, '2014-11-02 13:36:44', '2014-11-03 13:08:34', 1),
(55, 'أبو قرين', 25, '2014-11-02 13:36:44', '2014-11-03 13:08:34', 1),
(56, 'الوشكة', 26, '2014-11-02 13:36:44', '2014-11-03 13:08:34', 1),
(57, 'أبونجيم', 27, '2014-11-02 13:36:44', '2014-11-03 13:08:34', 1),
(58, 'قرزه', 28, '2014-11-02 13:36:44', '2014-11-03 13:08:34', 1),
(59, 'زمزم', 29, '2014-11-02 13:36:44', '2014-11-03 13:08:34', 1),
(60, 'القداحية', 29, '2014-11-02 13:36:44', '2014-11-03 13:08:34', 1),
(61, 'سوكنة', 30, '2014-11-02 13:36:44', '2014-11-03 13:08:34', 1),
(62, 'الفقهاء', 31, '2014-11-02 13:36:44', '2014-11-03 13:08:34', 1),
(63, 'الشمالية', 4, '2014-11-02 13:36:44', '2014-11-03 13:08:34', 1),
(64, 'الجنوبية', 4, '2014-11-02 13:36:44', '2014-11-03 13:08:34', 1),
(65, 'هون الجنوبية', 5, '2014-11-02 13:36:44', '2014-11-03 13:08:34', 1),
(66, 'زلة المركز', 32, '2014-11-02 13:36:44', '2014-11-03 13:08:34', 1),
(67, 'رأس الانوف', 33, '2014-11-02 13:36:44', '2014-11-03 13:08:34', 1),
(68, 'الوادي الاحمر', 34, '2014-11-02 13:36:44', '2014-11-03 13:08:34', 1),
(69, 'ابوسعدة', 35, '2014-11-02 13:36:44', '2014-11-03 13:08:34', 1),
(70, 'بن جواد', 36, '2014-11-02 13:36:44', '2014-11-03 13:08:34', 1),
(71, 'هراوة', 37, '2014-11-02 13:36:44', '2014-11-03 13:08:34', 1),
(72, 'ابو زاهية', 38, '2014-11-02 13:36:44', '2014-11-03 13:08:34', 1),
(73, 'ابو زاهية', 39, '2014-11-02 13:36:44', '2014-11-03 13:08:34', 1),
(74, 'القرضابية', 39, '2014-11-02 13:36:44', '2014-11-03 13:08:34', 1),
(75, 'سلطان', 39, '2014-11-02 13:36:44', '2014-11-03 13:08:34', 1),
(76, 'سرت المركز', 39, '2014-11-02 13:36:44', '2014-11-03 13:08:34', 1),
(77, 'الزعفران', 39, '2014-11-02 13:36:44', '2014-11-03 13:08:34', 1),
(78, 'الرباط الامامي', 39, '2014-11-02 13:36:44', '2014-11-03 13:08:34', 1),
(79, 'الجيزه العسكرية', 39, '2014-11-02 13:36:44', '2014-11-03 13:08:34', 1),
(80, 'الرباط', 39, '2014-11-02 13:36:44', '2014-11-03 13:08:34', 1),
(81, 'الغريبات', 39, '2014-11-02 13:36:44', '2014-11-03 13:08:34', 1),
(82, 'الحنيوه', 39, '2014-11-02 13:36:44', '2014-11-03 13:08:34', 1),
(83, 'جارف', 39, '2014-11-02 13:36:44', '2014-11-03 13:08:34', 1),
(84, 'الثلاثين', 39, '2014-11-02 13:36:44', '2014-11-03 13:08:34', 1),
(85, 'الحي رقم 2', 39, '2014-11-02 13:36:44', '2014-11-03 13:08:34', 1),
(86, 'الحي رقم 3', 39, '2014-11-02 13:36:44', '2014-11-03 13:08:34', 1),
(87, 'ابوهادي', 39, '2014-11-02 13:36:44', '2014-11-03 13:08:34', 1),
(88, 'ازريق', 8, '2014-11-02 13:36:44', '2014-11-03 13:08:34', 1),
(89, 'اقزير', 8, '2014-11-02 13:36:44', '2014-11-03 13:08:34', 1),
(90, 'الأسواك', 8, '2014-11-02 13:36:44', '2014-11-03 13:08:34', 1),
(91, 'البيرة', 8, '2014-11-02 13:36:44', '2014-11-03 13:08:34', 1),
(92, 'الجزيرة', 8, '2014-11-02 13:36:44', '2014-11-03 13:08:34', 1),
(93, 'الجهانات', 8, '2014-11-02 13:36:44', '2014-11-03 13:08:34', 1),
(94, 'الدافنية', 8, '2014-11-02 13:36:44', '2014-11-03 13:08:34', 1),
(95, 'الرملة', 8, '2014-11-02 13:36:44', '2014-11-03 13:08:34', 1),
(96, 'الرويسات', 8, '2014-11-02 13:36:44', '2014-11-03 13:08:34', 1),
(97, 'الزروق', 8, '2014-11-02 13:36:44', '2014-11-03 13:08:34', 1),
(98, 'الزوابي', 8, '2014-11-02 13:36:44', '2014-11-03 13:08:34', 1),
(99, 'السكيرات', 8, '2014-11-02 13:36:44', '2014-11-03 13:08:34', 1),
(100, 'الشراكسة', 8, '2014-11-02 13:36:44', '2014-11-03 13:08:34', 1),
(101, 'الشواهدة', 8, '2014-11-02 13:36:44', '2014-11-03 13:08:34', 1),
(102, 'الصوالح', 8, '2014-11-02 13:36:44', '2014-11-03 13:08:34', 1),
(103, 'الطريق الساحلي', 8, '2014-11-02 13:36:44', '2014-11-03 13:08:34', 1),
(104, 'الغيران', 8, '2014-11-02 13:36:44', '2014-11-03 13:08:34', 1),
(105, 'القوشي', 8, '2014-11-02 13:36:44', '2014-11-03 13:08:34', 1),
(106, 'بنينا', 40, '2014-11-02 13:36:44', '2014-11-03 13:08:34', 1),
(107, 'العامرة', 41, '2014-11-02 13:36:44', '2014-11-03 13:08:34', 1),
(108, 'ام القنديل', 42, '2014-11-02 13:36:44', '2014-11-03 13:08:34', 1),
(109, 'المعزول', 26, '2014-11-02 13:36:44', '2014-11-03 13:08:34', 1),
(110, 'الظهير', 39, '2014-11-02 13:36:44', '2014-11-03 13:08:34', 1),
(111, 'شرق سرت', 39, '2014-11-02 13:36:44', '2014-11-03 13:08:34', 1),
(112, 'الفرجان', 30, '2014-11-02 13:36:44', '2014-11-03 13:08:34', 1),
(113, 'تاقرفت', 43, '2014-11-02 13:36:44', '2014-11-03 13:08:34', 1),
(114, 'القصير', 5, '2014-11-02 13:36:44', '2014-11-03 13:08:34', 1),
(115, 'ودان', 4, '2014-11-02 13:36:44', '2014-11-03 13:08:34', 1),
(116, 'السكانية الثالثة', 39, '2014-11-02 13:36:44', '2014-11-03 13:08:34', 1),
(117, 'ابو رقية', 11, '2014-11-02 13:36:44', '2014-11-03 13:08:34', 1),
(118, 'ادواو', 11, '2014-11-02 13:36:44', '2014-11-03 13:08:34', 1),
(119, 'ازدو الجنوبية', 11, '2014-11-02 13:36:44', '2014-11-03 13:08:34', 1),
(120, 'ازدو الشمالية', 11, '2014-11-02 13:36:44', '2014-11-03 13:08:34', 1),
(121, 'البازة', 11, '2014-11-02 13:36:44', '2014-11-03 13:08:34', 1),
(122, 'السبعة', 11, '2014-11-02 13:36:44', '2014-11-03 13:08:34', 1),
(123, 'الشيخ', 11, '2014-11-02 13:36:44', '2014-11-03 13:08:34', 1),
(124, 'الغويلات', 11, '2014-11-02 13:36:44', '2014-11-03 13:08:34', 1),
(125, 'القزاحية', 11, '2014-11-02 13:36:44', '2014-11-03 13:08:34', 1),
(126, 'القصبة', 11, '2014-11-02 13:36:44', '2014-11-03 13:08:34', 1),
(127, 'كادوش', 11, '2014-11-02 13:36:44', '2014-11-03 13:08:34', 1),
(128, 'كعام', 11, '2014-11-02 13:36:44', '2014-11-03 13:08:34', 1),
(129, 'ماجر', 11, '2014-11-02 13:36:44', '2014-11-03 13:08:34', 1),
(130, 'زوارة الشمالية', 6, '2014-11-02 13:36:44', '2014-11-03 13:08:34', 1),
(131, 'غنيمة', 44, '2014-11-02 13:36:44', '2014-11-03 13:08:34', 1),
(132, 'سيلين', 44, '2014-11-02 13:36:44', '2014-11-03 13:08:34', 1),
(133, 'الجحاوات', 44, '2014-11-02 13:36:44', '2014-11-03 13:08:34', 1),
(134, 'بن جحا', 44, '2014-11-02 13:36:44', '2014-11-03 13:08:34', 1),
(135, 'البلدية', 44, '2014-11-02 13:36:44', '2014-11-03 13:08:34', 1),
(136, 'شهداء المرقب', 44, '2014-11-02 13:36:44', '2014-11-03 13:08:34', 1),
(137, 'لبدة', 44, '2014-11-02 13:36:44', '2014-11-03 13:08:34', 1),
(138, 'رأس الحمام', 45, '2014-11-02 13:36:44', '2014-11-03 13:08:34', 1),
(139, 'كعام', 45, '2014-11-02 13:36:44', '2014-11-03 13:08:34', 1),
(140, 'المعقولة', 45, '2014-11-02 13:36:44', '2014-11-03 13:08:34', 1),
(141, 'المعقولة الوادي', 45, '2014-11-02 13:36:44', '2014-11-03 13:08:34', 1),
(142, 'قوقاس', 45, '2014-11-02 13:36:44', '2014-11-03 13:08:34', 1),
(143, 'سيدي خليفة', 45, '2014-11-02 13:36:44', '2014-11-03 13:08:34', 1),
(144, 'الساحل', 45, '2014-11-02 13:36:44', '2014-11-03 13:08:34', 1),
(145, 'العلوص', 46, '2014-11-02 13:36:44', '2014-11-03 13:08:34', 1),
(146, 'قصر الأخيار المركز', 46, '2014-11-02 13:36:44', '2014-11-03 13:08:34', 1),
(147, 'قصر الأخيار الغربية', 46, '2014-11-02 13:36:44', '2014-11-03 13:08:34', 1),
(148, 'سيدي عمير', 46, '2014-11-02 13:36:44', '2014-11-03 13:08:34', 1),
(149, 'الجوابر', 46, '2014-11-02 13:36:44', '2014-11-03 13:08:34', 1),
(150, 'الكراوة', 46, '2014-11-02 13:36:44', '2014-11-03 13:08:34', 1),
(151, 'السوق', 47, '2014-11-02 13:36:44', '2014-11-03 13:08:34', 1),
(152, 'القلعة', 47, '2014-11-02 13:36:44', '2014-11-03 13:08:34', 1),
(153, 'الأشراف', 47, '2014-11-02 13:36:44', '2014-11-03 13:08:34', 1),
(154, 'وادي وعيني', 47, '2014-11-02 13:36:44', '2014-11-03 13:08:34', 1),
(155, 'الدوكالي', 47, '2014-11-02 13:36:44', '2014-11-03 13:08:34', 1),
(156, 'المسيد', 47, '2014-11-02 13:36:44', '2014-11-03 13:08:34', 1),
(157, 'الفاسي', 47, '2014-11-02 13:36:44', '2014-11-03 13:08:34', 1),
(158, 'قصر الجديد', 47, '2014-11-02 13:36:44', '2014-11-03 13:08:34', 1),
(159, 'بن ناصر', 47, '2014-11-02 13:36:44', '2014-11-03 13:08:34', 1),
(160, 'سم الديس', 47, '2014-11-02 13:36:44', '2014-11-03 13:08:34', 1),
(161, 'الخشش', 47, '2014-11-02 13:36:44', '2014-11-03 13:08:34', 1),
(162, 'القطارة', 47, '2014-11-02 13:36:44', '2014-11-03 13:08:34', 1),
(163, 'المعطن', 47, '2014-11-02 13:36:44', '2014-11-03 13:08:34', 1),
(164, 'محلة الوادي', 47, '2014-11-02 13:36:44', '2014-11-03 13:08:34', 1),
(165, 'الأكوام', 48, '2014-11-02 13:36:44', '2014-11-03 13:08:34', 1),
(166, 'سيدي احميد', 48, '2014-11-02 13:36:44', '2014-11-03 13:08:34', 1),
(167, 'الشرشارة', 48, '2014-11-02 13:36:44', '2014-11-03 13:08:34', 1),
(168, 'البلدية', 48, '2014-11-02 13:36:44', '2014-11-03 13:08:34', 1),
(169, 'الشقيقة', 48, '2014-11-02 13:36:44', '2014-11-03 13:08:34', 1),
(170, 'دوغة', 48, '2014-11-02 13:36:44', '2014-11-03 13:08:34', 1),
(171, 'الأبيار', 48, '2014-11-02 13:36:44', '2014-11-03 13:08:34', 1),
(172, 'ترغلات', 48, '2014-11-02 13:36:44', '2014-11-03 13:08:34', 1),
(173, 'الخضراء', 48, '2014-11-02 13:36:44', '2014-11-03 13:08:34', 1),
(174, 'سوق الجمعة', 48, '2014-11-02 13:36:44', '2014-11-03 13:08:34', 1),
(175, 'ترغت', 48, '2014-11-02 13:36:44', '2014-11-03 13:08:34', 1),
(176, 'القصيعة', 48, '2014-11-02 13:36:44', '2014-11-03 13:08:34', 1),
(177, 'سيدي امعمر', 48, '2014-11-02 13:36:44', '2014-11-03 13:08:34', 1),
(178, 'الفرجان', 48, '2014-11-02 13:36:44', '2014-11-03 13:08:34', 1),
(179, 'أولاد علي', 48, '2014-11-02 13:36:44', '2014-11-03 13:08:34', 1),
(180, 'الشمالية', 48, '2014-11-02 13:36:44', '2014-11-03 13:08:34', 1),
(181, 'الجنوبية', 48, '2014-11-02 13:36:44', '2014-11-03 13:08:34', 1),
(182, 'الشويرف', 48, '2014-11-02 13:36:44', '2014-11-03 13:08:34', 1),
(183, 'جبل معروف', 48, '2014-11-02 13:36:44', '2014-11-03 13:08:34', 1),
(184, 'بئر معتوق', 48, '2014-11-02 13:36:44', '2014-11-03 13:08:34', 1),
(185, 'سوق الأحد', 48, '2014-11-02 13:36:44', '2014-11-03 13:08:34', 1),
(186, 'الوادي الشرقي', 49, '2014-11-02 13:36:44', '2014-11-03 13:08:34', 1),
(187, 'بئر الأسطي ميلاد', 49, '2014-11-02 13:36:44', '2014-11-03 13:08:34', 1),
(188, 'بئر العالم', 49, '2014-11-02 13:36:44', '2014-11-03 13:08:34', 1),
(189, 'عين زاره', 50, '2014-11-02 13:36:44', '2014-11-03 13:08:34', 1),
(190, 'باب السلام (عكارة)', 51, '2014-11-02 13:36:44', '2014-11-03 13:08:34', 1),
(191, 'سيدى حميد', 48, '2014-11-02 13:36:44', '2014-11-03 13:08:34', 1),
(192, 'الكراوة', 52, '2014-11-02 13:36:44', '2014-11-03 13:08:34', 1),
(193, 'الشرقية و القربوللي', 52, '2014-11-02 13:36:44', '2014-11-03 13:08:34', 1),
(194, 'الرواجح', 52, '2014-11-02 13:36:44', '2014-11-03 13:08:34', 1),
(195, 'العطايا', 52, '2014-11-02 13:36:44', '2014-11-03 13:08:34', 1),
(196, 'القويعة', 52, '2014-11-02 13:36:44', '2014-11-03 13:08:34', 1),
(197, 'الخوالق', 52, '2014-11-02 13:36:44', '2014-11-03 13:08:34', 1),
(198, 'عمر بن العاص', 53, '2014-11-02 13:36:44', '2014-11-03 13:08:34', 1),
(199, 'شهداء الهاني', 53, '2014-11-02 13:36:44', '2014-11-03 13:08:34', 1),
(200, 'الحارت', 53, '2014-11-02 13:36:44', '2014-11-03 13:08:34', 1),
(201, 'عرادة', 53, '2014-11-02 13:36:44', '2014-11-03 13:08:34', 1),
(202, 'الفتح', 53, '2014-11-02 13:36:44', '2014-11-03 13:08:34', 1),
(203, 'الجلاء', 53, '2014-11-02 13:36:44', '2014-11-03 13:08:34', 1),
(204, 'عقبة بن نافع', 53, '2014-11-02 13:36:44', '2014-11-03 13:08:34', 1),
(205, 'النصر', 53, '2014-11-02 13:36:44', '2014-11-03 13:08:34', 1),
(206, 'الساحل', 53, '2014-11-02 13:36:44', '2014-11-03 13:08:34', 1),
(207, 'الجهاد', 53, '2014-11-02 13:36:44', '2014-11-03 13:08:34', 1),
(208, 'قوز زناتة', 53, '2014-11-02 13:36:44', '2014-11-03 13:08:34', 1),
(209, 'الحشان', 53, '2014-11-02 13:36:44', '2014-11-03 13:08:34', 1),
(210, 'سيدي ابو غرارة', 53, '2014-11-02 13:36:44', '2014-11-03 13:08:34', 1),
(211, 'المجد', 53, '2014-11-02 13:36:44', '2014-11-03 13:08:34', 1),
(212, 'سوق الجمعة', 53, '2014-11-02 13:36:44', '2014-11-03 13:08:34', 1),
(213, 'الحميدية', 49, '2014-11-02 13:36:44', '2014-11-03 13:08:34', 1),
(214, 'المشاي', 49, '2014-11-02 13:36:44', '2014-11-03 13:08:34', 1),
(215, 'الحرية', 49, '2014-11-02 13:36:44', '2014-11-03 13:08:34', 1),
(216, 'البرهانية', 49, '2014-11-02 13:36:44', '2014-11-03 13:08:34', 1),
(217, 'أبي الأشهر', 49, '2014-11-02 13:36:44', '2014-11-03 13:08:34', 1),
(218, 'الوادي الغربي', 49, '2014-11-02 13:36:44', '2014-11-03 13:08:34', 1),
(219, 'ابو سليم الجنوبي', 51, '2014-11-02 13:36:44', '2014-11-03 13:08:34', 1),
(220, 'المدينة القديمة', 54, '2014-11-02 13:36:44', '2014-11-03 13:08:34', 1),
(221, 'المسيرة الكبرى', 54, '2014-11-02 13:36:44', '2014-11-03 13:08:34', 1),
(222, 'شهداء الشط', 54, '2014-11-02 13:36:44', '2014-11-03 13:08:34', 1),
(223, 'فشلوم', 54, '2014-11-02 13:36:44', '2014-11-03 13:08:34', 1),
(224, 'المنشية', 54, '2014-11-02 13:36:44', '2014-11-03 13:08:34', 1),
(225, 'المنصورة', 54, '2014-11-02 13:36:44', '2014-11-03 13:08:34', 1),
(226, 'الحي الصناعي', 54, '2014-11-02 13:36:44', '2014-11-03 13:08:34', 1),
(227, 'ميدان الشهداء', 54, '2014-11-02 13:36:44', '2014-11-03 13:08:34', 1),
(228, 'شارع الزاوية', 54, '2014-11-02 13:36:44', '2014-11-03 13:08:34', 1),
(229, 'شهداء بو مليانة', 54, '2014-11-02 13:36:44', '2014-11-03 13:08:34', 1),
(230, 'قرقارش', 55, '2014-11-02 13:36:44', '2014-11-03 13:08:34', 1),
(231, 'حي 12 مارس', 51, '2014-11-02 13:36:44', '2014-11-03 13:08:34', 1),
(232, 'شارع الزاوية', 51, '2014-11-02 13:36:44', '2014-11-03 13:08:34', 1),
(233, 'باب بن غشير', 56, '2014-11-02 13:36:44', '2014-11-03 13:08:34', 1),
(234, 'باب بن غشير', 57, '2014-11-02 13:36:44', '2014-11-03 13:08:34', 1),
(235, 'الظهرة', 54, '2014-11-02 13:36:44', '2014-11-03 13:08:34', 1),
(236, 'غوط الشعال', 55, '2014-11-02 13:36:44', '2014-11-03 13:08:34', 1),
(237, 'الحي الصناعي', 55, '2014-11-02 13:36:44', '2014-11-03 13:08:34', 1),
(238, 'جنزور السوق', 58, '2014-11-02 13:36:44', '2014-11-03 13:08:34', 1),
(239, 'الشارع الغربي', 55, '2014-11-02 13:36:44', '2014-11-03 13:08:34', 1),
(240, 'الطينة', 59, '2014-11-02 13:36:44', '2014-11-03 13:08:34', 1),
(241, 'الماية', 59, '2014-11-02 13:36:44', '2014-11-03 13:08:34', 1),
(242, 'قرقوزة', 59, '2014-11-02 13:36:44', '2014-11-03 13:08:34', 1),
(243, 'المعمورة', 60, '2014-11-02 13:36:44', '2014-11-03 13:08:34', 1),
(244, 'الزهراء الشرقية', 60, '2014-11-02 13:36:44', '2014-11-03 13:08:34', 1),
(245, 'قرقوزة', 60, '2014-11-02 13:36:44', '2014-11-03 13:08:34', 1),
(246, 'الزهراء', 61, '2014-11-02 13:36:44', '2014-11-03 13:08:34', 1),
(247, 'الجليدة', 61, '2014-11-02 13:36:44', '2014-11-03 13:08:34', 1),
(248, 'الناصرية', 61, '2014-11-02 13:36:44', '2014-11-03 13:08:34', 1),
(249, 'بئر بن سالم', 61, '2014-11-02 13:36:44', '2014-11-03 13:08:34', 1),
(250, 'الناصرية الشرقية', 61, '2014-11-02 13:36:44', '2014-11-03 13:08:34', 1),
(251, 'الزهراء', 62, '2014-11-02 13:36:44', '2014-11-03 13:08:34', 1),
(252, 'الزهراء الغربية', 62, '2014-11-02 13:36:44', '2014-11-03 13:08:34', 1),
(253, 'الفليجات', 62, '2014-11-02 13:36:44', '2014-11-03 13:08:34', 1),
(254, 'جنزور الشرقية', 58, '2014-11-02 13:36:44', '2014-11-03 13:08:34', 1),
(255, 'الحشان', 58, '2014-11-02 13:36:44', '2014-11-03 13:08:34', 1),
(256, 'صياد', 58, '2014-11-02 13:36:44', '2014-11-03 13:08:34', 1),
(257, 'سيدي عبد اللطيف', 58, '2014-11-02 13:36:44', '2014-11-03 13:08:34', 1),
(258, 'جنزور الوسط', 58, '2014-11-02 13:36:44', '2014-11-03 13:08:34', 1),
(259, 'النجيلة', 58, '2014-11-02 13:36:44', '2014-11-03 13:08:34', 1),
(260, 'السراج', 58, '2014-11-02 13:36:44', '2014-11-03 13:08:34', 1),
(261, 'الفرناج', 63, '2014-11-02 13:36:44', '2014-11-03 13:08:34', 1),
(262, 'العزيزية', 64, '2014-11-02 13:36:44', '2014-11-03 13:08:34', 1),
(263, 'الشرقية', 65, '2014-11-02 13:36:44', '2014-11-03 13:08:34', 1),
(264, 'الشرقية', 64, '2014-11-02 13:36:44', '2014-11-03 13:08:34', 1),
(265, 'الغربية', 64, '2014-11-02 13:36:44', '2014-11-03 13:08:34', 1),
(266, 'بئر الجديد', 64, '2014-11-02 13:36:44', '2014-11-03 13:08:34', 1),
(267, 'الساعدية', 64, '2014-11-02 13:36:44', '2014-11-03 13:08:34', 1),
(268, 'العامرية', 64, '2014-11-02 13:36:44', '2014-11-03 13:08:34', 1),
(269, 'العامرية', 66, '2014-11-02 13:36:44', '2014-11-03 13:08:34', 1),
(270, 'الرفافية', 66, '2014-11-02 13:36:44', '2014-11-03 13:08:34', 1),
(271, 'السواني', 67, '2014-11-02 13:36:44', '2014-11-03 13:08:34', 1),
(272, 'النجيلة', 67, '2014-11-02 13:36:44', '2014-11-03 13:08:34', 1),
(273, 'الكريمية', 67, '2014-11-02 13:36:44', '2014-11-03 13:08:34', 1),
(274, 'غواط ابو ساق', 67, '2014-11-02 13:36:44', '2014-11-03 13:08:34', 1),
(275, 'جامع التوغار', 67, '2014-11-02 13:36:44', '2014-11-03 13:08:34', 1),
(276, 'الطويبة', 59, '2014-11-02 13:36:44', '2014-11-03 13:08:34', 1),
(277, 'أبوعائشة', 68, '2014-11-02 13:36:44', '2014-11-03 13:08:34', 1),
(278, 'وادي الربيع', 68, '2014-11-02 13:36:44', '2014-11-03 13:08:34', 1),
(279, 'بئر دياب', 68, '2014-11-02 13:36:44', '2014-11-03 13:08:34', 1),
(280, 'بئر الطوبة', 68, '2014-11-02 13:36:44', '2014-11-03 13:08:34', 1),
(281, 'السوق', 68, '2014-11-02 13:36:44', '2014-11-03 13:08:34', 1),
(282, 'الغلالبة', 68, '2014-11-02 13:36:44', '2014-11-03 13:08:34', 1),
(283, 'مسيحل', 69, '2014-11-02 13:36:44', '2014-11-03 13:08:34', 1),
(284, 'اولاد زائد', 69, '2014-11-02 13:36:44', '2014-11-03 13:08:34', 1),
(285, 'بريش', 69, '2014-11-02 13:36:44', '2014-11-03 13:08:34', 1),
(286, 'سيدي جابر', 69, '2014-11-02 13:36:44', '2014-11-03 13:08:34', 1),
(287, 'سيدي الجيلاني', 69, '2014-11-02 13:36:44', '2014-11-03 13:08:34', 1),
(288, 'العواتة', 69, '2014-11-02 13:36:44', '2014-11-03 13:08:34', 1),
(289, 'أولاد أبوعائشة', 70, '2014-11-02 13:36:44', '2014-11-03 13:08:34', 1),
(290, 'بن عطية', 70, '2014-11-02 13:36:44', '2014-11-03 13:08:34', 1),
(291, 'أبوعرقوب', 70, '2014-11-02 13:36:44', '2014-11-03 13:08:34', 1),
(292, 'اولاد مرغم', 70, '2014-11-02 13:36:44', '2014-11-03 13:08:34', 1),
(293, 'الحاج عبيد', 13, '2014-11-02 13:36:44', '2014-11-03 13:08:34', 1),
(294, 'الحرشة', 13, '2014-11-02 13:36:44', '2014-11-03 13:08:34', 1),
(295, 'الحي القديم', 13, '2014-11-02 13:36:44', '2014-11-03 13:08:34', 1),
(296, 'الخضراء', 13, '2014-11-02 13:36:44', '2014-11-03 13:08:34', 1),
(297, 'الزهراء الشرقية', 62, '2014-11-02 13:36:44', '2014-11-03 13:08:34', 1),
(298, 'ردود الزاوية', 12, '2014-11-02 13:36:44', '2014-11-03 13:08:34', 1),
(299, 'العوانين', 12, '2014-11-02 13:36:44', '2014-11-03 13:08:34', 1),
(300, 'سوق السبت', 12, '2014-11-02 13:36:44', '2014-11-03 13:08:34', 1),
(301, 'بئر التوتة', 12, '2014-11-02 13:36:44', '2014-11-03 13:08:34', 1),
(302, 'الصابرية', 13, '2014-11-02 13:36:44', '2014-11-03 13:08:34', 1),
(303, 'الصابرية الشرقية', 13, '2014-11-02 13:36:44', '2014-11-03 13:08:34', 1),
(304, 'الصابرية الغربية', 13, '2014-11-02 13:36:44', '2014-11-03 13:08:34', 1),
(305, 'الطيانية', 13, '2014-11-02 13:36:44', '2014-11-03 13:08:34', 1),
(306, 'العموري', 13, '2014-11-02 13:36:44', '2014-11-03 13:08:34', 1),
(307, 'الفاسي', 13, '2014-11-02 13:36:44', '2014-11-03 13:08:34', 1),
(308, 'المطرد الغربية', 13, '2014-11-02 13:36:44', '2014-11-03 13:08:34', 1),
(309, 'المطردالشرقية', 13, '2014-11-02 13:36:44', '2014-11-03 13:08:34', 1),
(310, 'المقطع', 13, '2014-11-02 13:36:44', '2014-11-03 13:08:34', 1),
(311, 'الرابطة', 13, '2014-11-02 13:36:44', '2014-11-03 13:08:34', 1),
(312, 'الراقوبة', 13, '2014-11-02 13:36:44', '2014-11-03 13:08:34', 1),
(313, 'الزاوية الجديدة', 13, '2014-11-02 13:36:44', '2014-11-03 13:08:34', 1),
(314, 'الزاوية الجنوبية', 13, '2014-11-02 13:36:44', '2014-11-03 13:08:34', 1),
(315, 'الزاوية القديمة', 13, '2014-11-02 13:36:44', '2014-11-03 13:08:34', 1),
(316, 'السوق ابو عيسى', 13, '2014-11-02 13:36:44', '2014-11-03 13:08:34', 1),
(317, 'بئر الغنم المركز', 13, '2014-11-02 13:36:44', '2014-11-03 13:08:34', 1),
(318, 'جامع الحاجة', 13, '2014-11-02 13:36:44', '2014-11-03 13:08:34', 1),
(319, 'جامع القمودي', 13, '2014-11-02 13:36:44', '2014-11-03 13:08:34', 1),
(320, 'جود دائم', 13, '2014-11-02 13:36:44', '2014-11-03 13:08:34', 1),
(321, 'سيدي عيسى', 13, '2014-11-02 13:36:44', '2014-11-03 13:08:34', 1),
(322, 'سيدي نصر', 13, '2014-11-02 13:36:44', '2014-11-03 13:08:34', 1),
(323, 'شهداء الزاوية', 13, '2014-11-02 13:36:44', '2014-11-03 13:08:34', 1),
(324, 'ضي الهلال', 13, '2014-11-02 13:36:44', '2014-11-03 13:08:34', 1),
(325, 'ناصر', 13, '2014-11-02 13:36:44', '2014-11-03 13:08:34', 1),
(326, 'السوق / صبراتة', 71, '2014-11-02 13:36:44', '2014-11-03 13:08:34', 1),
(327, 'الشاطئ', 14, '2014-11-02 13:36:44', '2014-11-03 13:08:34', 1),
(328, 'الطويلة', 71, '2014-11-02 13:36:44', '2014-11-03 13:08:34', 1),
(329, 'العين', 14, '2014-11-02 13:36:44', '2014-11-03 13:08:34', 1),
(330, 'الغوط', 71, '2014-11-02 13:36:44', '2014-11-03 13:08:34', 1),
(331, 'النهضة', 71, '2014-11-02 13:36:44', '2014-11-03 13:08:34', 1),
(332, 'الوادي', 71, '2014-11-02 13:36:44', '2014-11-03 13:08:34', 1),
(333, 'أبوصرة', 13, '2014-11-02 13:36:44', '2014-11-03 13:08:34', 1),
(334, 'بحر السماح', 13, '2014-11-02 13:36:44', '2014-11-03 13:08:34', 1),
(335, 'بن سباع', 13, '2014-11-02 13:36:44', '2014-11-03 13:08:34', 1),
(336, 'بن شعيب', 13, '2014-11-02 13:36:44', '2014-11-03 13:08:34', 1),
(337, 'بئر الغنم الشرقية', 13, '2014-11-02 13:36:44', '2014-11-03 13:08:34', 1),
(338, 'عطاف', 14, '2014-11-02 13:36:44', '2014-11-03 13:08:34', 1),
(339, 'قاليل', 71, '2014-11-02 13:36:44', '2014-11-03 13:08:34', 1),
(340, 'محلة الساحل', 14, '2014-11-02 13:36:44', '2014-11-03 13:08:34', 1),
(341, 'محلة العلالقة', 71, '2014-11-02 13:36:44', '2014-11-03 13:08:34', 1),
(342, 'محلة رأس الديوان', 71, '2014-11-02 13:36:44', '2014-11-03 13:08:34', 1),
(343, 'مخلوف', 14, '2014-11-02 13:36:44', '2014-11-03 13:08:34', 1),
(344, 'النصر', 72, '2014-11-02 13:36:44', '2014-11-03 13:08:34', 1),
(345, 'الهنشير', 72, '2014-11-02 13:36:44', '2014-11-03 13:08:34', 1),
(346, 'أبو قرعة', 73, '2014-11-02 13:36:44', '2014-11-03 13:08:34', 1),
(347, 'المنشية', 73, '2014-11-02 13:36:44', '2014-11-03 13:08:34', 1),
(348, 'الميدان', 73, '2014-11-02 13:36:44', '2014-11-03 13:08:34', 1),
(349, 'زوارة الغربية', 6, '2014-11-02 13:36:44', '2014-11-03 13:08:34', 1),
(350, 'فروة', 6, '2014-11-02 13:36:44', '2014-11-03 13:08:34', 1),
(351, 'زوارة الجنوبية', 6, '2014-11-02 13:36:44', '2014-11-03 13:08:34', 1),
(352, 'تليل', 71, '2014-11-02 13:36:44', '2014-11-03 13:08:34', 1),
(353, 'دحمان الشرقية', 71, '2014-11-02 13:36:44', '2014-11-03 13:08:34', 1),
(354, 'دحمان الوسط', 71, '2014-11-02 13:36:44', '2014-11-03 13:08:34', 1),
(355, 'راس الدايون', 71, '2014-11-02 13:36:44', '2014-11-03 13:08:34', 1),
(356, 'زكري', 14, '2014-11-02 13:36:44', '2014-11-03 13:08:34', 1),
(357, 'سيدي معروف', 71, '2014-11-02 13:36:44', '2014-11-03 13:08:34', 1),
(358, 'بئر الحلو', 73, '2014-11-02 13:36:44', '2014-11-03 13:08:34', 1),
(359, 'جنان عطية', 72, '2014-11-02 13:36:44', '2014-11-03 13:08:34', 1),
(360, 'الجديدة', 72, '2014-11-02 13:36:44', '2014-11-03 13:08:34', 1),
(361, 'الجنانات', 72, '2014-11-02 13:36:44', '2014-11-03 13:08:34', 1),
(362, 'السدرة', 72, '2014-11-02 13:36:44', '2014-11-03 13:08:34', 1),
(363, 'الغربية', 17, '2014-11-02 13:36:44', '2014-11-03 13:08:34', 1),
(364, 'المركز', 17, '2014-11-02 13:36:44', '2014-11-03 13:08:34', 1),
(365, 'المرحان', 17, '2014-11-02 13:36:44', '2014-11-03 13:08:34', 1),
(366, 'الشرقية', 74, '2014-11-02 13:36:44', '2014-11-03 13:08:34', 1),
(367, 'الغربية', 74, '2014-11-02 13:36:44', '2014-11-03 13:08:34', 1),
(368, 'الوسط', 74, '2014-11-02 13:36:44', '2014-11-03 13:08:34', 1),
(369, 'قصر الحاج', 74, '2014-11-02 13:36:44', '2014-11-03 13:08:34', 1),
(370, 'الزميلة', 75, '2014-11-02 13:36:44', '2014-11-03 13:08:34', 1),
(371, 'الشمالية', 75, '2014-11-02 13:36:44', '2014-11-03 13:08:34', 1),
(372, 'الوسط', 75, '2014-11-02 13:36:44', '2014-11-03 13:08:34', 1),
(373, 'تمزدة', 10, '2014-11-02 13:36:44', '2014-11-03 13:08:34', 1),
(374, 'شكشوك', 10, '2014-11-02 13:36:44', '2014-11-03 13:08:34', 1),
(375, 'الغربية', 10, '2014-11-02 13:36:44', '2014-11-03 13:08:34', 1),
(376, 'أم عزيز', 73, '2014-11-02 13:36:44', '2014-11-03 13:08:34', 1),
(377, 'بن شعيب', 73, '2014-11-02 13:36:44', '2014-11-03 13:08:34', 1),
(378, 'جنان بن نصيب', 73, '2014-11-02 13:36:44', '2014-11-03 13:08:34', 1),
(379, 'حمدة', 73, '2014-11-02 13:36:44', '2014-11-03 13:08:34', 1),
(380, 'سيدي احمد', 72, '2014-11-02 13:36:44', '2014-11-03 13:08:34', 1),
(381, 'غوط الروضة', 72, '2014-11-02 13:36:44', '2014-11-03 13:08:34', 1),
(382, 'كبيرة الاخباء', 73, '2014-11-02 13:36:44', '2014-11-03 13:08:34', 1),
(383, 'تغسات', 15, '2014-11-02 13:36:44', '2014-11-03 13:08:34', 1),
(384, 'أولاد بن يعقوب', 15, '2014-11-02 13:36:44', '2014-11-03 13:08:34', 1),
(385, 'تغرنة', 15, '2014-11-02 13:36:44', '2014-11-03 13:08:34', 1),
(386, 'بني يحي', 15, '2014-11-02 13:36:44', '2014-11-03 13:08:34', 1),
(387, 'أنطاطات', 15, '2014-11-02 13:36:44', '2014-11-03 13:08:34', 1),
(388, 'القحاصات', 15, '2014-11-02 13:36:44', '2014-11-03 13:08:34', 1),
(389, 'غوط الريح', 15, '2014-11-02 13:36:44', '2014-11-03 13:08:34', 1),
(390, 'أوسادن', 15, '2014-11-02 13:36:44', '2014-11-03 13:08:34', 1),
(391, 'أبوزيان', 15, '2014-11-02 13:36:44', '2014-11-03 13:08:34', 1),
(392, 'المغاربة', 15, '2014-11-02 13:36:44', '2014-11-03 13:08:34', 1),
(393, 'الكليبة', 15, '2014-11-02 13:36:44', '2014-11-03 13:08:34', 1),
(394, 'أبوعياد', 15, '2014-11-02 13:36:44', '2014-11-03 13:08:34', 1),
(395, 'الرابطة', 15, '2014-11-02 13:36:44', '2014-11-03 13:08:34', 1),
(396, 'قطيس', 15, '2014-11-02 13:36:44', '2014-11-03 13:08:34', 1),
(397, 'وادي الحي', 15, '2014-11-02 13:36:44', '2014-11-03 13:08:34', 1),
(398, 'القواسم', 15, '2014-11-02 13:36:44', '2014-11-03 13:08:34', 1),
(399, 'قيزان', 15, '2014-11-02 13:36:44', '2014-11-03 13:08:34', 1),
(400, 'وادي القواسم', 15, '2014-11-02 13:36:44', '2014-11-03 13:08:34', 1),
(401, 'الشيخ', 15, '2014-11-02 13:36:44', '2014-11-03 13:08:34', 1),
(402, 'الوسط القواسم', 15, '2014-11-02 13:36:44', '2014-11-03 13:08:34', 1),
(403, 'البيضاء العربان', 15, '2014-11-02 13:36:44', '2014-11-03 13:08:34', 1),
(404, 'القصبة العربان', 15, '2014-11-02 13:36:44', '2014-11-03 13:08:34', 1),
(405, 'أبو جعفر العربان', 15, '2014-11-02 13:36:44', '2014-11-03 13:08:34', 1),
(406, 'مزدة المركز', 76, '2014-11-02 13:36:44', '2014-11-03 13:08:34', 1),
(407, 'الشقيقة', 76, '2014-11-02 13:36:44', '2014-11-03 13:08:34', 1),
(408, 'عطاءالله الشقيقة', 76, '2014-11-02 13:36:44', '2014-11-03 13:08:34', 1),
(409, 'فسانو', 76, '2014-11-02 13:36:44', '2014-11-03 13:08:34', 1),
(410, 'قصر وامس', 76, '2014-11-02 13:36:44', '2014-11-03 13:08:34', 1),
(411, 'نسمة المركز', 76, '2014-11-02 13:36:44', '2014-11-03 13:08:34', 1),
(412, 'المكمورة', 76, '2014-11-02 13:36:44', '2014-11-03 13:08:34', 1),
(413, 'رأس الطبل', 76, '2014-11-02 13:36:44', '2014-11-03 13:08:34', 1),
(414, 'أبو الغرب', 76, '2014-11-02 13:36:44', '2014-11-03 13:08:34', 1),
(415, 'قصر وامس', 77, '2014-11-02 13:36:44', '2014-11-03 13:08:34', 1),
(416, 'الشرف', 78, '2014-11-02 13:36:44', '2014-11-03 13:08:34', 1),
(417, 'الظاهر', 78, '2014-11-02 13:36:44', '2014-11-03 13:08:34', 1),
(418, 'الهنشير', 78, '2014-11-02 13:36:44', '2014-11-03 13:08:34', 1),
(419, 'الوسط', 78, '2014-11-02 13:36:44', '2014-11-03 13:08:34', 1),
(420, 'بئر غني', 78, '2014-11-02 13:36:44', '2014-11-03 13:08:34', 1),
(421, 'جندوبة', 78, '2014-11-02 13:36:44', '2014-11-03 13:08:34', 1),
(422, 'مسكة (اسنان)', 78, '2014-11-02 13:36:44', '2014-11-03 13:08:34', 1),
(423, 'السوادنة', 79, '2014-11-02 13:36:44', '2014-11-03 13:08:34', 1),
(424, 'الشمالية', 79, '2014-11-02 13:36:44', '2014-11-03 13:08:34', 1),
(425, 'الغربية', 79, '2014-11-02 13:36:44', '2014-11-03 13:08:34', 1),
(426, 'الوسط', 79, '2014-11-02 13:36:44', '2014-11-03 13:08:34', 1),
(427, 'أبو ماضي', 79, '2014-11-02 13:36:44', '2014-11-03 13:08:34', 1),
(428, 'تكبال', 79, '2014-11-02 13:36:44', '2014-11-03 13:08:34', 1),
(429, 'الخلايفة', 80, '2014-11-02 13:36:44', '2014-11-03 13:08:34', 1),
(430, 'ام الجرسان', 9, '2014-11-02 13:36:44', '2014-11-03 13:08:34', 1),
(431, 'يفرن الظاهر', 9, '2014-11-02 13:36:44', '2014-11-03 13:08:34', 1),
(432, 'الشرقية', 81, '2014-11-02 13:36:44', '2014-11-03 13:08:34', 1),
(433, 'العين', 81, '2014-11-02 13:36:44', '2014-11-03 13:08:34', 1),
(434, 'الغربية', 81, '2014-11-02 13:36:44', '2014-11-03 13:08:34', 1),
(435, 'الوسط', 81, '2014-11-02 13:36:44', '2014-11-03 13:08:34', 1),
(436, 'أبو لجام', 81, '2014-11-02 13:36:44', '2014-11-03 13:08:34', 1),
(437, 'الخشيشة', 17, '2014-11-02 13:36:44', '2014-11-03 13:08:34', 1),
(438, 'الوادي', 82, '2014-11-02 13:36:44', '2014-11-03 13:08:34', 1),
(439, 'الشمالية', 9, '2014-11-02 13:36:44', '2014-11-03 13:08:34', 1),
(440, 'الشرقية', 17, '2014-11-02 13:36:44', '2014-11-03 13:08:34', 1),
(441, 'الشمالية', 17, '2014-11-02 13:36:44', '2014-11-03 13:08:34', 1),
(442, 'وازن', 83, '2014-11-02 13:36:44', '2014-11-03 13:08:34', 1),
(443, 'البدارنة الشرقية', 16, '2014-11-02 13:36:44', '2014-11-03 13:08:34', 1),
(444, 'البدارنة الغربية', 16, '2014-11-02 13:36:44', '2014-11-03 13:08:34', 1),
(445, 'الجوش الشرقية', 16, '2014-11-02 13:36:44', '2014-11-03 13:08:34', 1),
(446, 'الشرقية الحرابة', 16, '2014-11-02 13:36:44', '2014-11-03 13:08:34', 1),
(447, 'المجابرة', 16, '2014-11-02 13:36:44', '2014-11-03 13:08:34', 1),
(448, 'الوسط الحرابة', 16, '2014-11-02 13:36:44', '2014-11-03 13:08:34', 1),
(449, 'طمزين', 16, '2014-11-02 13:36:44', '2014-11-03 13:08:34', 1),
(450, 'تيجي', 84, '2014-11-02 13:36:44', '2014-11-03 13:08:34', 1),
(451, 'الهبيلية', 84, '2014-11-02 13:36:44', '2014-11-03 13:08:34', 1),
(452, 'الهمايلة', 84, '2014-11-02 13:36:44', '2014-11-03 13:08:34', 1),
(453, 'أولاد أحمد', 84, '2014-11-02 13:36:44', '2014-11-03 13:08:34', 1),
(454, 'أولاد سلام', 84, '2014-11-02 13:36:44', '2014-11-03 13:08:34', 1),
(455, 'أولاد شداد', 84, '2014-11-02 13:36:44', '2014-11-03 13:08:34', 1),
(456, 'أولاد طالب', 84, '2014-11-02 13:36:44', '2014-11-03 13:08:34', 1),
(457, 'بدر', 84, '2014-11-02 13:36:44', '2014-11-03 13:08:34', 1),
(458, 'ظهرة الماجن', 84, '2014-11-02 13:36:44', '2014-11-03 13:08:34', 1),
(459, 'الزنتان المركز', 85, '2014-11-02 13:36:44', '2014-11-03 13:08:34', 1),
(460, 'غدوة', 86, '2014-11-02 13:36:44', '2014-11-03 13:08:34', 1),
(461, 'الزيغن', 86, '2014-11-02 13:36:44', '2014-11-03 13:08:34', 1),
(462, 'القرضة', 86, '2014-11-02 13:36:44', '2014-11-03 13:08:34', 1),
(463, 'الثانوية', 86, '2014-11-02 13:36:44', '2014-11-03 13:08:34', 1),
(464, 'المنشية', 86, '2014-11-02 13:36:44', '2014-11-03 13:08:34', 1),
(465, 'وسط المدينة', 86, '2014-11-02 13:36:44', '2014-11-03 13:08:34', 1),
(466, 'الجديد', 86, '2014-11-02 13:36:44', '2014-11-03 13:08:34', 1),
(467, 'الجنوبية', 16, '2014-11-02 13:36:44', '2014-11-03 13:08:34', 1),
(468, 'أمسين', 75, '2014-11-02 13:36:44', '2014-11-03 13:08:34', 1),
(469, 'الشويرف الشرقية', 76, '2014-11-02 13:36:44', '2014-11-03 13:08:34', 1),
(470, 'الشويرف الغربية', 76, '2014-11-02 13:36:44', '2014-11-03 13:08:34', 1),
(471, 'القرية الشرقية', 76, '2014-11-02 13:36:44', '2014-11-03 13:08:34', 1),
(472, 'القرية لغربية', 76, '2014-11-02 13:36:44', '2014-11-03 13:08:34', 1),
(473, 'المركز', 76, '2014-11-02 13:36:44', '2014-11-03 13:08:34', 1),
(474, 'طبقة', 76, '2014-11-02 13:36:44', '2014-11-03 13:08:34', 1),
(475, 'الحوامد', 83, '2014-11-02 13:36:44', '2014-11-03 13:08:34', 1),
(476, 'القصر', 83, '2014-11-02 13:36:44', '2014-11-03 13:08:34', 1),
(477, 'أولاد محمود', 83, '2014-11-02 13:36:44', '2014-11-03 13:08:34', 1),
(478, 'تكوت', 83, '2014-11-02 13:36:44', '2014-11-03 13:08:34', 1),
(479, 'سيدي خليفة', 83, '2014-11-02 13:36:44', '2014-11-03 13:08:34', 1),
(480, 'شداد', 83, '2014-11-02 13:36:44', '2014-11-03 13:08:34', 1),
(481, 'اشكدة', 87, '2014-11-02 13:36:44', '2014-11-03 13:08:34', 1),
(482, 'زلواز', 87, '2014-11-02 13:36:44', '2014-11-03 13:08:34', 1),
(483, 'الزوية', 87, '2014-11-02 13:36:44', '2014-11-03 13:08:34', 1),
(484, 'القصر / براك', 87, '2014-11-02 13:36:44', '2014-11-03 13:08:34', 1),
(485, 'المصلى / براك', 87, '2014-11-02 13:36:44', '2014-11-03 13:08:34', 1),
(486, 'الزاوية / براك', 87, '2014-11-02 13:36:44', '2014-11-03 13:08:34', 1),
(487, 'العافية / براك', 87, '2014-11-02 13:36:44', '2014-11-03 13:08:34', 1),
(488, 'تامزاوة', 87, '2014-11-02 13:36:44', '2014-11-03 13:08:34', 1),
(489, 'القرضة', 87, '2014-11-02 13:36:44', '2014-11-03 13:08:34', 1),
(490, 'الديسة', 87, '2014-11-02 13:36:44', '2014-11-03 13:08:34', 1),
(491, 'تاروت', 87, '2014-11-02 13:36:44', '2014-11-03 13:08:34', 1),
(492, 'محروقة', 87, '2014-11-02 13:36:44', '2014-11-03 13:08:34', 1),
(493, 'العيون', 87, '2014-11-02 13:36:44', '2014-11-03 13:08:34', 1),
(494, 'حي المشاشية', 87, '2014-11-02 13:36:44', '2014-11-03 13:08:34', 1),
(495, 'حي القارة', 87, '2014-11-02 13:36:44', '2014-11-03 13:08:34', 1),
(496, 'برقن', 87, '2014-11-02 13:36:44', '2014-11-03 13:08:34', 1),
(497, 'ابوقدقود', 87, '2014-11-02 13:36:44', '2014-11-03 13:08:34', 1),
(498, 'الزهراء', 87, '2014-11-02 13:36:44', '2014-11-03 13:08:34', 1),
(499, 'قطة', 87, '2014-11-02 13:36:44', '2014-11-03 13:08:34', 1),
(500, 'عين المشاشية / قطة', 87, '2014-11-02 13:36:44', '2014-11-03 13:08:34', 1),
(501, 'القلة', 87, '2014-11-02 13:36:44', '2014-11-03 13:08:34', 1),
(502, 'ادري', 87, '2014-11-02 13:36:44', '2014-11-03 13:08:34', 1),
(503, 'المنصورة', 87, '2014-11-02 13:36:44', '2014-11-03 13:08:34', 1),
(504, 'تمسان', 87, '2014-11-02 13:36:44', '2014-11-03 13:08:34', 1),
(505, 'ونزريك', 87, '2014-11-02 13:36:44', '2014-11-03 13:08:34', 1),
(506, 'الحطية / ونزريك', 87, '2014-11-02 13:36:44', '2014-11-03 13:08:34', 1),
(507, 'اوباري', 88, '2014-11-02 13:36:44', '2014-11-03 13:08:34', 1),
(508, 'اوباري', 89, '2014-11-02 13:36:44', '2014-11-03 13:08:34', 1),
(509, 'سكرة', 86, '2014-11-02 13:36:44', '2014-11-03 13:08:34', 1),
(510, 'المهدية', 86, '2014-11-02 13:36:44', '2014-11-03 13:08:34', 1),
(511, 'قيرة', 87, '2014-11-02 13:36:44', '2014-11-03 13:08:34', 1),
(512, 'بئر الأشهب', 90, '2014-11-02 13:36:44', '2014-11-03 13:08:34', 1),
(513, 'عين مارة', 91, '2014-11-02 13:36:44', '2014-11-03 13:08:34', 1),
(514, 'باسس', 92, '2014-11-02 13:36:44', '2014-11-03 13:08:34', 1),
(515, 'ماسه الشمالية', 93, '2014-11-02 13:36:44', '2014-11-03 13:08:34', 1),
(516, 'المرج الشرقية', 94, '2014-11-02 13:36:44', '2014-11-03 13:08:34', 1),
(517, 'المرج الشرقية', 95, '2014-11-02 13:36:44', '2014-11-03 13:08:34', 1),
(518, 'المرج الغربية', 94, '2014-11-02 13:36:44', '2014-11-03 13:08:34', 1),
(519, 'تاكنس الشرقية', 94, '2014-11-02 13:36:44', '2014-11-03 13:08:34', 1),
(520, 'تاكنس الغربية', 96, '2014-11-02 13:36:44', '2014-11-03 13:08:34', 1),
(521, 'جردس الجنوبية', 97, '2014-11-02 13:36:44', '2014-11-03 13:08:34', 1),
(522, 'جردس الشمالية', 97, '2014-11-02 13:36:44', '2014-11-03 13:08:34', 1),
(523, 'سيدي جبريل', 94, '2014-11-02 13:36:44', '2014-11-03 13:08:34', 1),
(524, 'فرزوغه', 98, '2014-11-02 13:36:44', '2014-11-03 13:08:34', 1),
(525, 'اقفنطه', 99, '2014-11-02 13:36:44', '2014-11-03 13:08:34', 1),
(526, 'البياضة الشرقية', 100, '2014-11-02 13:36:44', '2014-11-03 13:08:34', 1),
(527, 'البياضه الغربية', 101, '2014-11-02 13:36:44', '2014-11-03 13:08:34', 1),
(528, 'الحمامة', 102, '2014-11-02 13:36:44', '2014-11-03 13:08:34', 1),
(529, 'الحنية', 103, '2014-11-02 13:36:44', '2014-11-03 13:08:34', 1),
(530, 'الساحل', 104, '2014-11-02 13:36:44', '2014-11-03 13:08:34', 1),
(531, 'بالحديد', 105, '2014-11-02 13:36:44', '2014-11-03 13:08:34', 1),
(532, 'بطة', 106, '2014-11-02 13:36:44', '2014-11-03 13:08:34', 1),
(533, 'بوترابة', 107, '2014-11-02 13:36:44', '2014-11-03 13:08:34', 1),
(534, 'زاوية العرقوب', 108, '2014-11-02 13:36:44', '2014-11-03 13:08:34', 1),
(535, 'طلميثة', 109, '2014-11-02 13:36:44', '2014-11-03 13:08:34', 1),
(536, 'قصر ليبيا', 110, '2014-11-02 13:36:44', '2014-11-03 13:08:34', 1),
(537, 'راس التراب', 111, '2014-11-02 13:36:44', '2014-11-03 13:08:34', 1),
(538, 'طرغونية', 112, '2014-11-02 13:36:44', '2014-11-03 13:08:34', 1),
(539, 'ساس', 113, '2014-11-02 13:36:44', '2014-11-03 13:08:34', 1),
(540, 'الخروبة', 114, '2014-11-02 13:36:44', '2014-11-03 13:08:34', 1),
(541, 'الغريب', 115, '2014-11-02 13:36:44', '2014-11-03 13:08:34', 1),
(542, 'بنغازي المدينة', 116, '2014-11-02 13:36:44', '2014-11-03 13:08:34', 1),
(543, 'الديسة', 117, '2014-11-02 13:36:44', '2014-11-03 13:08:34', 1),
(544, 'الحطية', 118, '2014-11-02 13:36:44', '2014-11-03 13:08:34', 1),
(545, 'القعيرات', 119, '2014-11-02 13:36:44', '2014-11-03 13:08:34', 1),
(546, 'الغريفة', 120, '2014-11-02 13:36:44', '2014-11-03 13:08:34', 1),
(547, 'جرمة', 121, '2014-11-02 13:36:44', '2014-11-03 13:08:34', 1),
(548, 'توش', 122, '2014-11-02 13:36:44', '2014-11-03 13:08:34', 1),
(549, 'ابريك', 123, '2014-11-02 13:36:44', '2014-11-03 13:08:34', 1),
(550, 'الخرائق', 124, '2014-11-02 13:36:44', '2014-11-03 13:08:34', 1),
(551, 'تويوة', 125, '2014-11-02 13:36:44', '2014-11-03 13:08:34', 1),
(552, 'قراقرة', 126, '2014-11-02 13:36:44', '2014-11-03 13:08:34', 1),
(553, 'تكركيبة', 127, '2014-11-02 13:36:44', '2014-11-03 13:08:34', 1),
(554, 'الفجيج', 128, '2014-11-02 13:36:44', '2014-11-03 13:08:34', 1),
(555, 'لاركو', 129, '2014-11-02 13:36:44', '2014-11-03 13:08:34', 1),
(556, 'القراية', 130, '2014-11-02 13:36:44', '2014-11-03 13:08:34', 1),
(557, 'قبر عون', 131, '2014-11-02 13:36:44', '2014-11-03 13:08:34', 1),
(558, 'الرقيبة', 132, '2014-11-02 13:36:44', '2014-11-03 13:08:34', 1),
(559, 'التناحمة', 133, '2014-11-02 13:36:44', '2014-11-03 13:08:34', 1),
(560, 'بنت بيه', 134, '2014-11-02 13:36:44', '2014-11-03 13:08:34', 1),
(561, 'اخليف', 135, '2014-11-02 13:36:44', '2014-11-03 13:08:34', 1),
(562, 'بن حارث', 136, '2014-11-02 13:36:44', '2014-11-03 13:08:34', 1),
(563, 'الأبيض', 137, '2014-11-02 13:36:44', '2014-11-03 13:08:34', 1),
(564, 'مرزق', 138, '2014-11-02 13:36:44', '2014-11-03 13:08:34', 1),
(565, 'حج حجيل', 139, '2014-11-02 13:36:44', '2014-11-03 13:08:34', 1),
(566, 'جيزاو', 140, '2014-11-02 13:36:44', '2014-11-03 13:08:34', 1),
(567, 'ادليم', 141, '2014-11-02 13:36:44', '2014-11-03 13:08:34', 1),
(568, 'تساوة', 142, '2014-11-02 13:36:44', '2014-11-03 13:08:34', 1),
(569, 'اقار', 143, '2014-11-02 13:36:44', '2014-11-03 13:08:34', 1),
(570, 'السبيطات', 144, '2014-11-02 13:36:44', '2014-11-03 13:08:34', 1),
(571, 'مرحبا', 145, '2014-11-02 13:36:44', '2014-11-03 13:08:34', 1),
(572, 'مكنوسة', 146, '2014-11-02 13:36:44', '2014-11-03 13:08:34', 1),
(573, 'أم الأرانب', 147, '2014-11-02 13:36:44', '2014-11-03 13:08:34', 1),
(574, 'الحميرة', 148, '2014-11-02 13:36:44', '2014-11-03 13:08:34', 1),
(575, 'تمسة', 149, '2014-11-02 13:36:44', '2014-11-03 13:08:34', 1),
(576, 'مجدول', 150, '2014-11-02 13:36:44', '2014-11-03 13:08:34', 1),
(577, 'تربو', 151, '2014-11-02 13:36:44', '2014-11-03 13:08:34', 1),
(578, 'قصر مسعود', 152, '2014-11-02 13:36:44', '2014-11-03 13:08:34', 1),
(579, 'القطرون', 153, '2014-11-02 13:36:44', '2014-11-03 13:08:34', 1),
(580, 'البخي', 154, '2014-11-02 13:36:44', '2014-11-03 13:08:34', 1),
(581, 'مدروسة', 155, '2014-11-02 13:36:44', '2014-11-03 13:08:34', 1),
(582, 'تجرهي', 156, '2014-11-02 13:36:44', '2014-11-03 13:08:34', 1),
(583, 'العوينات', 157, '2014-11-02 13:36:44', '2014-11-03 13:08:34', 1),
(584, 'تهالا', 158, '2014-11-02 13:36:44', '2014-11-03 13:08:34', 1),
(585, 'الفيوت', 159, '2014-11-02 13:36:44', '2014-11-03 13:08:34', 1),
(586, 'البركت', 160, '2014-11-02 13:36:44', '2014-11-03 13:08:34', 1),
(587, 'الفخفاخة', 161, '2014-11-02 13:36:44', '2014-11-03 13:08:34', 1),
(588, 'الحمراء', 162, '2014-11-02 13:36:44', '2014-11-03 13:08:34', 1),
(589, 'القلعة الزوية', 163, '2014-11-02 13:36:44', '2014-11-03 13:08:34', 1),
(590, 'نقر كنمة', 164, '2014-11-02 13:36:44', '2014-11-03 13:08:34', 1),
(591, 'سيناون', 165, '2014-11-02 13:36:44', '2014-11-03 13:08:34', 1),
(592, 'الشعواء', 165, '2014-11-02 13:36:44', '2014-11-03 13:08:34', 1),
(593, 'تفلفلت', 165, '2014-11-02 13:36:44', '2014-11-03 13:08:34', 1),
(594, 'درج', 165, '2014-11-02 13:36:44', '2014-11-03 13:08:34', 1),
(595, 'منغساتن', 165, '2014-11-02 13:36:44', '2014-11-03 13:08:34', 1),
(596, 'وليد', 165, '2014-11-02 13:36:44', '2014-11-03 13:08:34', 1),
(597, 'وازيت', 165, '2014-11-02 13:36:44', '2014-11-03 13:08:34', 1),
(598, 'عين الغزالة', 90, '2014-11-02 13:36:44', '2014-11-03 13:08:34', 1),
(599, 'القرضبة', 90, '2014-11-02 13:36:44', '2014-11-03 13:08:34', 1),
(600, 'بالخاثر', 90, '2014-11-02 13:36:44', '2014-11-03 13:08:34', 1),
(601, 'المرصص', 90, '2014-11-02 13:36:44', '2014-11-03 13:08:34', 1),
(602, 'المدينة', 90, '2014-11-02 13:36:44', '2014-11-03 13:08:34', 1),
(603, 'الجهاد', 90, '2014-11-02 13:36:44', '2014-11-03 13:08:34', 1),
(604, 'باب الزيتون', 90, '2014-11-02 13:36:44', '2014-11-03 13:08:34', 1),
(605, 'عمر المختار', 90, '2014-11-02 13:36:44', '2014-11-03 13:08:34', 1),
(606, 'القعرة', 90, '2014-11-02 13:36:44', '2014-11-03 13:08:34', 1),
(607, 'كمبوت', 90, '2014-11-02 13:36:44', '2014-11-03 13:08:34', 1),
(608, 'جنزور', 90, '2014-11-02 13:36:44', '2014-11-03 13:08:34', 1),
(609, 'مرسي لك', 90, '2014-11-02 13:36:44', '2014-11-03 13:08:34', 1),
(610, 'البردى', 90, '2014-11-02 13:36:44', '2014-11-03 13:08:34', 1),
(611, 'قصر الجدي', 90, '2014-11-02 13:36:44', '2014-11-03 13:08:34', 1),
(612, 'أم ركبة', 90, '2014-11-02 13:36:44', '2014-11-03 13:08:34', 1),
(613, 'الساحل', 90, '2014-11-02 13:36:44', '2014-11-03 13:08:34', 1),
(614, 'رأس عزاز', 90, '2014-11-02 13:36:44', '2014-11-03 13:08:34', 1),
(615, 'شماس', 90, '2014-11-02 13:36:44', '2014-11-03 13:08:34', 1),
(616, 'امساعد', 90, '2014-11-02 13:36:44', '2014-11-03 13:08:34', 1),
(617, 'الشعبة', 90, '2014-11-02 13:36:44', '2014-11-03 13:08:34', 1),
(618, 'الجغبوب', 90, '2014-11-02 13:36:44', '2014-11-03 13:08:34', 1),
(619, 'القبة', 91, '2014-11-02 13:36:44', '2014-11-03 13:08:34', 1),
(620, 'بيت ثامر', 91, '2014-11-02 13:36:44', '2014-11-03 13:08:34', 1),
(621, 'لملودة', 91, '2014-11-02 13:36:44', '2014-11-03 13:08:34', 1),
(622, 'الدبوسية', 91, '2014-11-02 13:36:44', '2014-11-03 13:08:34', 1),
(623, 'الأبرق', 91, '2014-11-02 13:36:44', '2014-11-03 13:08:34', 1),
(624, 'القيقب', 91, '2014-11-02 13:36:44', '2014-11-03 13:08:34', 1),
(625, 'ترت', 91, '2014-11-02 13:36:44', '2014-11-03 13:08:34', 1),
(626, 'خولان', 91, '2014-11-02 13:36:44', '2014-11-03 13:08:34', 1),
(627, 'رأس الهلال', 91, '2014-11-02 13:36:44', '2014-11-03 13:08:34', 1),
(628, 'سيدي خالد', 91, '2014-11-02 13:36:44', '2014-11-03 13:08:34', 1),
(629, 'لالى', 91, '2014-11-02 13:36:44', '2014-11-03 13:08:34', 1),
(630, 'المخيلى', 91, '2014-11-02 13:36:44', '2014-11-03 13:08:34', 1),
(631, 'البلاد', 92, '2014-11-02 13:36:44', '2014-11-03 13:08:34', 1),
(632, 'الجبيلة', 92, '2014-11-02 13:36:44', '2014-11-03 13:08:34', 1),
(633, 'المغار', 92, '2014-11-02 13:36:44', '2014-11-03 13:08:34', 1),
(634, 'بومنصور', 92, '2014-11-02 13:36:44', '2014-11-03 13:08:34', 1),
(635, 'الساحل الشرقى', 92, '2014-11-02 13:36:44', '2014-11-03 13:08:34', 1),
(636, 'كرسة', 92, '2014-11-02 13:36:44', '2014-11-03 13:08:34', 1),
(637, 'مرتوبة', 92, '2014-11-02 13:36:44', '2014-11-03 13:08:34', 1),
(638, 'الأثرون', 92, '2014-11-02 13:36:44', '2014-11-03 13:08:34', 1),
(639, 'أم الرزم', 92, '2014-11-02 13:36:44', '2014-11-03 13:08:34', 1),
(640, 'أبو الفرائس', 92, '2014-11-02 13:36:44', '2014-11-03 13:08:34', 1),
(641, 'البمبه', 92, '2014-11-02 13:36:44', '2014-11-03 13:08:34', 1);
INSERT INTO `mahalla` (`idmahalla`, `mahalla_name`, `village_idvillage`, `creation_date`, `modify_date`, `status`) VALUES
(642, 'التميمى', 92, '2014-11-02 13:36:44', '2014-11-03 13:08:34', 1),
(643, 'العزيات', 92, '2014-11-02 13:36:44', '2014-11-03 13:08:34', 1),
(644, 'بشارة ', 91, '2014-11-02 13:36:44', '2014-11-03 13:08:34', 1),
(645, 'سوسه', 167, '2014-11-02 13:36:44', '2014-11-03 13:08:34', 1),
(646, 'المنصورة', 168, '2014-11-02 13:36:44', '2014-11-03 13:08:34', 1),
(647, 'شحات القديمة', 169, '2014-11-02 13:36:44', '2014-11-03 13:08:34', 1),
(648, 'شحات الجديدة', 169, '2014-11-02 13:36:44', '2014-11-03 13:08:34', 1),
(649, 'الصفصاف', 170, '2014-11-02 13:36:44', '2014-11-03 13:08:34', 1),
(650, 'قرنادة', 171, '2014-11-02 13:36:44', '2014-11-03 13:08:34', 1),
(651, 'الفائدية الشمالية', 172, '2014-11-02 13:36:44', '2014-11-03 13:08:34', 1),
(652, 'بلقس', 173, '2014-11-02 13:36:44', '2014-11-03 13:08:34', 1),
(653, 'أشنيشن', 174, '2014-11-02 13:36:44', '2014-11-03 13:08:34', 1),
(654, 'اسلنطه', 175, '2014-11-02 13:36:44', '2014-11-03 13:08:34', 1),
(655, 'البيضاء', 176, '2014-11-02 13:36:44', '2014-11-03 13:08:34', 1),
(656, 'البيضاء الشرقية', 176, '2014-11-02 13:36:44', '2014-11-03 13:08:34', 1),
(657, 'البيضاء الغربية', 176, '2014-11-02 13:36:44', '2014-11-03 13:08:34', 1),
(658, 'البيضاء الغربية', 177, '2014-11-02 13:36:44', '2014-11-03 13:08:34', 1),
(659, 'الجهاد', 178, '2014-11-02 13:36:44', '2014-11-03 13:08:34', 1),
(660, 'الخويمات', 179, '2014-11-02 13:36:44', '2014-11-03 13:08:34', 1),
(661, 'الزاوية القديمة', 176, '2014-11-02 13:36:44', '2014-11-03 13:08:34', 1),
(662, 'السوق القديم', 176, '2014-11-02 13:36:44', '2014-11-03 13:08:34', 1),
(663, 'الغريقة', 176, '2014-11-02 13:36:44', '2014-11-03 13:08:34', 1),
(664, 'الوسيطه', 180, '2014-11-02 13:36:44', '2014-11-03 13:08:34', 1),
(665, 'جردس الجراري', 181, '2014-11-02 13:36:44', '2014-11-03 13:08:34', 1),
(666, 'عمر المختار', 182, '2014-11-02 13:36:44', '2014-11-03 13:08:34', 1),
(667, 'قصر المقدم', 183, '2014-11-02 13:36:44', '2014-11-03 13:08:34', 1),
(668, 'قندولة', 184, '2014-11-02 13:36:44', '2014-11-03 13:08:34', 1),
(669, 'ماسه', 185, '2014-11-02 13:36:44', '2014-11-03 13:08:34', 1),
(670, 'ماسه الجنوبية', 93, '2014-11-02 13:36:44', '2014-11-03 13:08:34', 1),
(671, 'مراوة', 186, '2014-11-02 13:36:44', '2014-11-03 13:08:34', 1),
(672, 'وردامه', 187, '2014-11-02 13:36:44', '2014-11-03 13:08:34', 1),
(673, 'البنية', 188, '2014-11-02 13:36:44', '2014-11-03 13:08:34', 1),
(674, 'العويلية الشرقية', 95, '2014-11-02 13:36:44', '2014-11-03 13:08:34', 1),
(675, 'العويلية الغربية', 94, '2014-11-02 13:36:44', '2014-11-03 13:08:34', 1),
(676, 'العويلية الغربية', 95, '2014-11-02 13:36:44', '2014-11-03 13:08:34', 1),
(677, 'المرج', 94, '2014-11-02 13:36:44', '2014-11-03 13:08:34', 1),
(678, 'المرج', 189, '2014-11-02 13:36:44', '2014-11-03 13:08:34', 1),
(679, 'المختار', 19, '2014-11-02 13:36:44', '2014-11-03 13:08:34', 1),
(680, 'بوعطني', 19, '2014-11-02 13:36:44', '2014-11-03 13:08:34', 1),
(681, 'شهداء السلاوي', 19, '2014-11-02 13:36:44', '2014-11-03 13:08:34', 1),
(682, 'السلاوي', 19, '2014-11-02 13:36:44', '2014-11-03 13:08:34', 1),
(683, 'توكره', 190, '2014-11-02 13:36:44', '2014-11-03 13:08:34', 1),
(684, 'الصابري', 116, '2014-11-02 13:36:44', '2014-11-03 13:08:34', 1),
(685, 'راس اعبيدة', 116, '2014-11-02 13:36:44', '2014-11-03 13:08:34', 1),
(686, 'سيدي اعبيد', 116, '2014-11-02 13:36:44', '2014-11-03 13:08:34', 1),
(687, 'سيدي حسين', 116, '2014-11-02 13:36:44', '2014-11-03 13:08:34', 1),
(688, 'شهداء السلماني', 116, '2014-11-02 13:36:44', '2014-11-03 13:08:34', 1),
(689, 'البركة', 191, '2014-11-02 13:36:44', '2014-11-03 13:08:34', 1),
(690, 'الهواري', 191, '2014-11-02 13:36:44', '2014-11-03 13:08:34', 1),
(691, 'الحدائق', 191, '2014-11-02 13:36:44', '2014-11-03 13:08:34', 1),
(692, 'شهداء الزاوية', 191, '2014-11-02 13:36:44', '2014-11-03 13:08:34', 1),
(693, 'منطقة الحدائق', 191, '2014-11-02 13:36:44', '2014-11-03 13:08:34', 1),
(694, 'بنغازي الجديدة', 191, '2014-11-02 13:36:44', '2014-11-03 13:08:34', 1),
(695, 'لملوم', 191, '2014-11-02 13:36:44', '2014-11-03 13:08:34', 1),
(696, 'الفويهات', 191, '2014-11-02 13:36:44', '2014-11-03 13:08:34', 1),
(697, 'القوارشة', 191, '2014-11-02 13:36:44', '2014-11-03 13:08:34', 1),
(698, 'الكيش', 191, '2014-11-02 13:36:44', '2014-11-03 13:08:34', 1),
(699, 'بوفاخرة', 191, '2014-11-02 13:36:44', '2014-11-03 13:08:34', 1),
(700, 'قاريونس', 191, '2014-11-02 13:36:44', '2014-11-03 13:08:34', 1),
(701, 'السلماني الشرقي', 19, '2014-11-02 13:36:44', '2014-11-03 13:08:34', 1),
(702, 'العروبة', 19, '2014-11-02 13:36:44', '2014-11-03 13:08:34', 1),
(703, 'المحيشي', 19, '2014-11-02 13:36:44', '2014-11-03 13:08:34', 1),
(704, 'السوانى - اوجلة', 192, '2014-11-02 13:36:44', '2014-11-03 13:08:34', 1),
(705, 'الشرف - جالو', 193, '2014-11-02 13:36:44', '2014-11-03 13:08:34', 1),
(706, 'العرق - جالو', 193, '2014-11-02 13:36:44', '2014-11-03 13:08:34', 1),
(707, 'اللبة - جالو', 193, '2014-11-02 13:36:44', '2014-11-03 13:08:34', 1),
(708, 'المشروع - جالو', 193, '2014-11-02 13:36:44', '2014-11-03 13:08:34', 1),
(709, 'راشدة - جالو', 193, '2014-11-02 13:36:44', '2014-11-03 13:08:34', 1),
(710, 'عبد الله بن أبي السرح - اوجلة', 192, '2014-11-02 13:36:44', '2014-11-03 13:08:34', 1),
(711, 'الجوف', 194, '2014-11-02 13:36:44', '2014-11-03 13:08:34', 1),
(712, 'الطلاب', 194, '2014-11-02 13:36:44', '2014-11-03 13:08:34', 1),
(713, 'الهوارى', 194, '2014-11-02 13:36:44', '2014-11-03 13:08:34', 1),
(714, 'الهويويرى', 194, '2014-11-02 13:36:44', '2014-11-03 13:08:34', 1),
(715, 'قدرفي', 194, '2014-11-02 13:36:44', '2014-11-03 13:08:34', 1),
(716, 'الحرابة الغربية', 16, '2014-11-02 13:36:44', '2014-11-03 13:08:34', 1),
(717, 'الحمدة', 190, '2014-11-02 13:36:44', '2014-11-03 13:08:34', 1),
(718, 'برسس', 190, '2014-11-02 13:36:44', '2014-11-03 13:08:34', 1),
(719, 'المبني', 20, '2014-11-02 13:36:44', '2014-11-03 13:08:34', 1),
(720, 'الصيرة الحمراء', 20, '2014-11-02 13:36:44', '2014-11-03 13:08:34', 1),
(721, 'كركورة', 195, '2014-11-02 13:36:44', '2014-11-03 13:08:34', 1),
(722, 'سيدي عبدالعاطي', 195, '2014-11-02 13:36:44', '2014-11-03 13:08:34', 1),
(723, 'الابيار', 196, '2014-11-02 13:36:44', '2014-11-03 13:08:34', 1),
(724, 'قمينس', 197, '2014-11-02 13:36:44', '2014-11-03 13:08:34', 1),
(725, 'المقرون', 195, '2014-11-02 13:36:44', '2014-11-03 13:08:34', 1),
(726, 'الساحل الغربي', 195, '2014-11-02 13:36:44', '2014-11-03 13:08:34', 1),
(727, 'سلوق', 198, '2014-11-02 13:36:44', '2014-11-03 13:08:34', 1),
(728, 'المقزحة', 199, '2014-11-02 13:36:44', '2014-11-03 13:08:34', 1),
(729, 'النواقية', 199, '2014-11-02 13:36:44', '2014-11-03 13:08:34', 1),
(730, 'مسوس', 198, '2014-11-02 13:36:44', '2014-11-03 13:08:34', 1),
(731, 'قصر الشريف', 196, '2014-11-02 13:36:44', '2014-11-03 13:08:34', 1),
(732, 'الكيش', 200, '2014-11-02 13:36:44', '2014-11-03 13:08:34', 1),
(733, 'وادي الباب ', 201, '2014-11-02 13:36:44', '2014-11-03 13:08:34', 1),
(734, 'اجدابيا الشرقية', 202, '2014-11-02 13:36:44', '2014-11-03 13:08:34', 1),
(735, 'اجدابيا الشمالية', 202, '2014-11-02 13:36:44', '2014-11-03 13:08:34', 1),
(736, 'اجدابيا الغربية', 202, '2014-11-02 13:36:44', '2014-11-03 13:08:34', 1),
(737, 'البيضان', 202, '2014-11-02 13:36:44', '2014-11-03 13:08:34', 1),
(738, 'الزويتنة', 202, '2014-11-02 13:36:44', '2014-11-03 13:08:34', 1),
(739, 'العرقوب', 21, '2014-11-02 13:36:44', '2014-11-03 13:08:34', 1),
(740, 'القنان', 202, '2014-11-02 13:36:44', '2014-11-03 13:08:34', 1),
(741, 'المرسى', 21, '2014-11-02 13:36:44', '2014-11-03 13:08:34', 1),
(742, 'امرير قابس', 202, '2014-11-02 13:36:44', '2014-11-03 13:08:34', 1),
(743, 'انتلات', 202, '2014-11-02 13:36:44', '2014-11-03 13:08:34', 1),
(744, 'بشر', 21, '2014-11-02 13:36:44', '2014-11-03 13:08:34', 1),
(745, 'خور اوقيدة', 21, '2014-11-02 13:36:44', '2014-11-03 13:08:34', 1),
(746, 'سلطان', 202, '2014-11-02 13:36:44', '2014-11-03 13:08:34', 1),
(747, 'مرادة', 203, '2014-11-02 13:36:44', '2014-11-03 13:08:34', 1),
(748, 'اجخرة', 204, '2014-11-02 13:36:44', '2014-11-03 13:08:34', 1),
(749, 'ربيانة', 194, '2014-11-02 13:36:44', '2014-11-03 13:08:34', 1),
(750, 'بزيمة', 194, '2014-11-02 13:36:44', '2014-11-03 13:08:34', 1),
(751, 'تازربو', 205, '2014-11-02 13:36:44', '2014-11-03 13:08:34', 1),
(752, 'سيدي احميد', 48, '2014-11-02 13:36:44', '2014-11-03 13:08:34', 1),
(753, 'زوارة الشرقية', 6, '2014-11-02 13:36:44', '2014-11-03 13:08:34', 1),
(754, 'القصر', 9, '2014-11-02 13:36:44', '2014-11-03 13:08:34', 1),
(755, 'المركز', 10, '2014-11-02 13:36:44', '2014-11-03 13:08:34', 1),
(756, 'الوسط', 10, '2014-11-02 13:36:44', '2014-11-03 13:08:34', 1),
(757, 'العليا', 82, '2014-11-02 13:36:44', '2014-11-03 13:08:34', 1),
(758, 'القصبة', 10, '2014-11-02 13:36:44', '2014-11-03 13:08:34', 1),
(759, 'تملوشايت', 16, '2014-11-02 13:36:44', '2014-11-03 13:08:34', 1),
(760, 'الأبيار', 206, '2014-11-02 13:36:44', '2014-11-03 13:08:34', 1),
(761, 'الرجمة', 196, '2014-11-02 13:36:44', '2014-11-03 13:08:34', 1),
(762, 'المليطانية', 196, '2014-11-02 13:36:44', '2014-11-03 13:08:34', 1),
(763, 'بومريم', 196, '2014-11-02 13:36:44', '2014-11-03 13:08:34', 1),
(764, 'جنوب الابيار', 196, '2014-11-02 13:36:44', '2014-11-03 13:08:34', 1),
(765, 'جيرة', 196, '2014-11-02 13:36:44', '2014-11-03 13:08:34', 1),
(766, 'سيدي امهيوس', 196, '2014-11-02 13:36:44', '2014-11-03 13:08:34', 1),
(767, 'العقيلة', 21, '2014-11-02 13:36:44', '2014-11-03 13:08:34', 1),
(768, 'وادي بي', 207, '2014-11-02 13:36:44', '2014-11-03 13:08:34', 1),
(769, 'تمنهنت', 86, '2014-11-02 13:36:44', '2014-11-03 13:08:34', 1),
(770, 'سمنو', 86, '2014-11-02 13:36:44', '2014-11-03 13:08:34', 1),
(771, 'القاهرة', 86, '2014-11-02 13:36:44', '2014-11-03 13:08:34', 1),
(772, 'حجارة', 86, '2014-11-02 13:36:44', '2014-11-03 13:08:34', 1),
(773, 'اقار', 87, '2014-11-02 13:36:44', '2014-11-03 13:08:34', 1),
(774, 'فنقل', 208, '2014-11-02 13:36:44', '2014-11-03 13:08:34', 1),
(775, 'الجبار', 209, '2014-11-02 13:36:44', '2014-11-03 13:08:34', 1),
(776, 'تراغن', 210, '2014-11-02 13:36:44', '2014-11-03 13:08:34', 1),
(777, 'الزيتونة', 211, '2014-11-02 13:36:44', '2014-11-03 13:08:34', 1),
(778, 'زويلة', 212, '2014-11-02 13:36:44', '2014-11-03 13:08:34', 1),
(779, 'الغزايا', 83, '2014-11-02 13:36:44', '2014-11-03 13:08:34', 1),
(780, 'التقطة', 165, '2014-11-02 13:36:44', '2014-11-03 13:08:34', 1),
(781, 'أفوغاس', 165, '2014-11-02 13:36:44', '2014-11-03 13:08:34', 1),
(782, 'ماترس', 165, '2014-11-02 13:36:44', '2014-11-03 13:08:34', 1),
(783, 'الفراطسة', 8, '2014-11-02 13:36:44', '2014-11-03 13:08:34', 1),
(784, 'النجم الساطع', 8, '2014-11-02 13:36:44', '2014-11-03 13:08:34', 1),
(785, 'أبوروية', 8, '2014-11-02 13:36:44', '2014-11-03 13:08:34', 1),
(786, 'السواوة', 8, '2014-11-02 13:36:44', '2014-11-03 13:08:34', 1),
(787, 'ابو جريدة', 11, '2014-11-02 13:36:44', '2014-11-03 13:08:34', 1),
(788, 'الجهاد', 11, '2014-11-02 13:36:44', '2014-11-03 13:08:34', 1),
(789, 'الدافنية', 11, '2014-11-02 13:36:44', '2014-11-03 13:08:34', 1),
(790, 'القاعة', 11, '2014-11-02 13:36:44', '2014-11-03 13:08:34', 1),
(791, 'الظهيرة', 11, '2014-11-02 13:36:44', '2014-11-03 13:08:34', 1),
(792, 'المنطرحة', 11, '2014-11-02 13:36:44', '2014-11-03 13:08:34', 1),
(793, 'الطويلة', 213, '2014-11-02 13:36:44', '2014-11-03 13:08:34', 1),
(794, 'العسة / رقدالين', 214, '2014-11-02 13:36:44', '2014-11-03 13:08:34', 1),
(795, 'الوسط رقدالين', 214, '2014-11-02 13:36:44', '2014-11-03 13:08:34', 1),
(796, 'حمدون', 214, '2014-11-02 13:36:44', '2014-11-03 13:08:34', 1),
(797, 'حمدون / رقدالين', 214, '2014-11-02 13:36:44', '2014-11-03 13:08:34', 1),
(798, 'رقدالين', 214, '2014-11-02 13:36:44', '2014-11-03 13:08:34', 1),
(799, 'زلطن', 213, '2014-11-02 13:36:44', '2014-11-03 13:08:34', 1);

-- --------------------------------------------------------

--
-- Table structure for table `office`
--

CREATE TABLE IF NOT EXISTS `office` (
`idoffice` int(11) NOT NULL,
  `office_id` int(11) NOT NULL,
  `office_name` text COLLATE utf8_unicode_ci NOT NULL,
  `office_name_ar` varchar(300) COLLATE utf8_unicode_ci DEFAULT NULL,
  `region_name` enum('East','West','South','') COLLATE utf8_unicode_ci NOT NULL,
  `creation_date` timestamp NOT NULL DEFAULT CURRENT_TIMESTAMP,
  `modify_date` datetime DEFAULT NULL ON UPDATE CURRENT_TIMESTAMP,
  `status` tinyint(4) DEFAULT '1'
) ENGINE=InnoDB  DEFAULT CHARSET=utf8 COLLATE=utf8_unicode_ci AUTO_INCREMENT=18 ;

--
-- Dumping data for table `office`
--

INSERT INTO `office` (`idoffice`, `office_id`, `office_name`, `office_name_ar`, `region_name`, `creation_date`, `modify_date`, `status`) VALUES
(1, 1, 'Sirt', NULL, 'West', '2014-10-30 11:06:35', '2014-11-03 13:07:42', 1),
(2, 2, 'Musrata', NULL, 'West', '2014-10-30 11:06:35', '2014-11-03 13:07:42', 1),
(3, 3, 'Al Khoms', NULL, 'West', '2014-10-30 11:06:35', '2014-11-03 13:07:42', 1),
(4, 4, 'Tripoli', NULL, 'West', '2014-10-30 11:06:35', '2014-11-03 13:07:42', 1),
(5, 5, 'Al Azizya', NULL, 'West', '2014-10-30 11:06:35', '2014-11-03 13:07:42', 1),
(6, 6, 'Al Zawyia', NULL, 'West', '2014-10-30 11:06:35', '2014-11-03 13:07:42', 1),
(7, 7, 'Al Jabal 1', NULL, 'West', '2014-10-30 11:06:35', '2014-11-03 13:07:42', 1),
(8, 8, 'Al Jabal 2', NULL, 'West', '2014-10-30 11:06:35', '2014-11-03 13:07:42', 1),
(9, 9, 'Sabha', NULL, 'South', '2014-10-30 11:06:35', '2014-11-03 13:07:42', 1),
(10, 10, 'Aubari', NULL, 'South', '2014-10-30 11:06:35', '2014-11-03 13:07:42', 1),
(11, 11, 'Ghadames', NULL, 'South', '2014-10-30 11:06:35', '2014-11-03 13:07:42', 1),
(12, 12, 'Tubruq', NULL, 'East', '2014-10-30 11:06:35', '2014-11-03 13:07:42', 1),
(13, 13, 'Derna', NULL, 'East', '2014-10-30 11:06:35', '2014-11-03 13:07:42', 1),
(14, 14, 'Al Baida', NULL, 'East', '2014-10-30 11:06:35', '2014-11-03 13:07:42', 1),
(15, 15, 'Benghazi', NULL, 'East', '2014-10-30 11:06:35', '2014-11-03 13:07:42', 1),
(16, 16, 'Ajdabia', NULL, 'East', '2014-10-30 11:06:35', '2014-11-03 13:07:42', 1),
(17, 17, 'Al Kufra', NULL, 'East', '2014-10-30 11:06:35', '2014-11-03 13:07:42', 1);

-- --------------------------------------------------------

--
-- Table structure for table `phone`
--

CREATE TABLE IF NOT EXISTS `phone` (
`idphone` int(11) NOT NULL,
  `phone_number` varchar(250) COLLATE utf8_unicode_ci NOT NULL,
  `type` enum('المدار','ليبيانا','ثريا') COLLATE utf8_unicode_ci NOT NULL,
  `user_iduser` int(11) NOT NULL,
  `creation_date` timestamp NOT NULL DEFAULT CURRENT_TIMESTAMP,
  `modify_date` datetime DEFAULT NULL ON UPDATE CURRENT_TIMESTAMP,
  `status` tinyint(4) NOT NULL DEFAULT '1'
) ENGINE=InnoDB DEFAULT CHARSET=utf8 COLLATE=utf8_unicode_ci AUTO_INCREMENT=1 ;

-- --------------------------------------------------------

--
-- Table structure for table `subconstituency`
--

CREATE TABLE IF NOT EXISTS `subconstituency` (
`idsubconstituency` int(11) NOT NULL,
  `subconstituency_id` int(11) NOT NULL,
  `subconstituency_name` varchar(500) COLLATE utf8_unicode_ci NOT NULL,
  `subconstituency_name_ar` varchar(500) COLLATE utf8_unicode_ci NOT NULL,
  `office_idoffice` int(11) DEFAULT NULL,
  `creation_date` timestamp NOT NULL DEFAULT CURRENT_TIMESTAMP,
  `modify_date` datetime DEFAULT NULL ON UPDATE CURRENT_TIMESTAMP,
  `status` tinyint(4) NOT NULL DEFAULT '1'
) ENGINE=InnoDB  DEFAULT CHARSET=utf8 COLLATE=utf8_unicode_ci AUTO_INCREMENT=86 ;

--
-- Dumping data for table `subconstituency`
--

INSERT INTO `subconstituency` (`idsubconstituency`, `subconstituency_id`, `subconstituency_name`, `subconstituency_name_ar`, `office_idoffice`, `creation_date`, `modify_date`, `status`) VALUES
(1, 1, 'Tobruk', '', 12, '2014-11-02 12:37:46', '2014-11-03 13:08:09', 1),
(2, 2, 'Algubba', '', 13, '2014-11-02 12:37:46', '2014-11-03 13:08:09', 1),
(3, 3, 'Derna', '', 13, '2014-11-02 12:37:46', '2014-11-03 13:08:09', 1),
(4, 4, 'Shahhat', '', 14, '2014-11-02 12:37:46', '2014-11-03 13:08:09', 1),
(5, 5, 'Al-Bayda', '', 14, '2014-11-02 12:37:46', '2014-11-03 13:08:09', 1),
(6, 6, 'Al-Marj', '', 14, '2014-11-02 12:37:46', '2014-11-03 13:08:09', 1),
(7, 7, 'Gasr Libya', '', 14, '2014-11-02 12:37:46', '2014-11-03 13:08:09', 1),
(8, 8, 'Benghazi', '', 15, '2014-11-02 12:37:46', '2014-11-03 13:08:09', 1),
(9, 9, 'Tokra', '', 15, '2014-11-02 12:37:46', '2014-11-03 13:08:09', 1),
(10, 10, 'Alabyar', '', 15, '2014-11-02 12:37:46', '2014-11-03 13:08:09', 1),
(11, 11, 'Gmeinis', '', 15, '2014-11-02 12:37:46', '2014-11-03 13:08:09', 1),
(12, 12, 'Sloog', '', 15, '2014-11-02 12:37:46', '2014-11-03 13:08:09', 1),
(13, 13, 'Ajdabya', '', 16, '2014-11-02 12:37:46', '2014-11-03 13:08:09', 1),
(14, 14, 'Albreiga', '', 16, '2014-11-02 12:37:46', '2014-11-03 13:08:09', 1),
(15, 15, 'Ojala', '', 16, '2014-11-02 12:37:46', '2014-11-03 13:08:09', 1),
(16, 16, 'Jalo and Jakhra', '', 16, '2014-11-02 12:37:46', '2014-11-03 13:08:09', 1),
(17, 17, 'Tazerbu', '', 17, '2014-11-02 12:37:46', '2014-11-03 13:08:09', 1),
(18, 18, 'Alkofra', '', 17, '2014-11-02 12:37:46', '2014-11-03 13:08:09', 1),
(19, 19, 'Assidra', '', 1, '2014-11-02 12:37:46', '2014-11-03 13:08:09', 1),
(20, 20, 'Sirt', '', 1, '2014-11-02 12:37:46', '2014-11-03 13:08:09', 1),
(21, 21, 'Aljufra', '', 1, '2014-11-02 12:37:46', '2014-11-03 13:08:09', 1),
(22, 22, 'Sebha', '', 9, '2014-11-02 12:37:46', '2014-11-03 13:08:09', 1),
(23, 23, 'Wadi Ashatei', '', 9, '2014-11-02 12:37:46', '2014-11-03 13:08:09', 1),
(24, 24, 'Obari', '', 10, '2014-11-02 12:37:46', '2014-11-03 13:08:09', 1),
(25, 25, 'Ghat', '', 10, '2014-11-02 12:37:46', '2014-11-03 13:08:09', 1),
(26, 26, 'Wadi Ataba', '', 10, '2014-11-02 12:37:46', '2014-11-03 13:08:09', 1),
(27, 27, 'Murzug - Gezaw – Murzug centre', '', 10, '2014-11-02 12:37:46', '2014-11-03 13:08:09', 1),
(28, 28, 'Fungle - Traghen - Meghwa', '', 10, '2014-11-02 12:37:46', '2014-11-03 13:08:09', 1),
(29, 29, 'Om Alaraneb - Toyoy - Hmera - Lebdeer - Mesgween', '', 10, '2014-11-02 12:37:46', '2014-11-03 13:08:09', 1),
(30, 30, 'Zwela - Temsa - Mgedwel - Om Zwair - Terbo', '', 10, '2014-11-02 12:37:46', '2014-11-03 13:08:09', 1),
(31, 31, 'AlGatroun - Tgerhi - Gaser Masoud - Albakhi - Madrousa - Nager Ketma', '', 10, '2014-11-02 12:37:46', '2014-11-03 13:08:09', 1),
(32, 32, 'Gharyan', '', 7, '2014-11-02 12:37:46', '2014-11-03 13:08:09', 1),
(33, 33, 'Alasabaa', '', 8, '2014-11-02 12:37:46', '2014-11-03 13:08:09', 1),
(34, 34, 'Kekla + Algalaa', '', 8, '2014-11-02 12:37:46', '2014-11-03 13:08:09', 1),
(35, 35, 'Yefren', '', 8, '2014-11-02 12:37:46', '2014-11-03 13:08:09', 1),
(36, 35, 'Yefren', '', 7, '2014-11-02 12:37:46', '2014-11-03 13:08:09', 1),
(37, 36, 'Arrayaniya', '', 8, '2014-11-02 12:37:46', '2014-11-03 13:08:09', 1),
(38, 37, 'Arriheibat', '', 8, '2014-11-02 12:37:46', '2014-11-03 13:08:09', 1),
(39, 38, 'Arrajban', '', 8, '2014-11-02 12:37:46', '2014-11-03 13:08:09', 1),
(40, 39, 'Jado', '', 8, '2014-11-02 12:37:46', '2014-11-03 13:08:09', 1),
(41, 40, 'Azzintan', '', 8, '2014-11-02 12:37:46', '2014-11-03 13:08:09', 1),
(42, 41, 'Mezda', '', 7, '2014-11-02 12:37:46', '2014-11-03 13:08:09', 1),
(43, 41, 'Mezda', '', 8, '2014-11-02 12:37:46', '2014-11-03 13:08:09', 1),
(44, 42, 'Nalut', '', 8, '2014-11-02 12:37:46', '2014-11-03 13:08:09', 1),
(45, 43, 'Baten Aljabal', '', 8, '2014-11-02 12:37:46', '2014-11-03 13:08:09', 1),
(46, 44, 'Kabaw', '', 8, '2014-11-02 12:37:46', '2014-11-03 13:08:09', 1),
(47, 45, 'Ghdames', '', 11, '2014-11-02 12:37:46', '2014-11-03 13:08:09', 1),
(48, 46, 'Tawerga', '', 12, '2014-11-02 12:37:46', '2014-11-03 13:08:09', 1),
(49, 46, 'Tawerga', '', 3, '2014-11-02 12:37:46', '2014-11-03 13:08:09', 1),
(50, 46, 'Tawerga', '', 14, '2014-11-02 12:37:46', '2014-11-03 13:08:09', 1),
(51, 46, 'Tawerga', '', 15, '2014-11-02 12:37:46', '2014-11-03 13:08:09', 1),
(52, 46, 'Tawerga', '', 16, '2014-11-02 12:37:46', '2014-11-03 13:08:09', 1),
(53, 46, 'Tawerga', '', 4, '2014-11-02 12:37:46', '2014-11-03 13:08:09', 1),
(54, 46, 'Tawerga', '', 1, '2014-11-02 12:37:46', '2014-11-03 13:08:09', 1),
(55, 46, 'Tawerga', '', 9, '2014-11-02 12:37:46', '2014-11-03 13:08:09', 1),
(56, 46, 'Tawerga', '', 10, '2014-11-02 12:37:46', '2014-11-03 13:08:09', 1),
(57, 47, 'Misrata', '', 2, '2014-11-02 12:37:46', '2014-11-03 13:08:09', 1),
(58, 48, 'Beni Walid', '', 2, '2014-11-02 12:37:46', '2014-11-03 13:08:09', 1),
(59, 49, 'Zlitin', '', 2, '2014-11-02 12:37:46', '2014-11-03 13:08:09', 1),
(60, 50, 'Terhouna', '', 3, '2014-11-02 12:37:46', '2014-11-03 13:08:09', 1),
(61, 51, 'Meslata', '', 3, '2014-11-02 12:37:46', '2014-11-03 13:08:09', 1),
(62, 52, 'Alkhoms Assahel', '', 3, '2014-11-02 12:37:46', '2014-11-03 13:08:09', 1),
(63, 53, 'Alkhoms Almadina', '', 3, '2014-11-02 12:37:46', '2014-11-03 13:08:09', 1),
(64, 54, 'Gasr Al-Akhyar', '', 3, '2014-11-02 12:37:46', '2014-11-03 13:08:09', 1),
(65, 55, 'Algarabulali', '', 4, '2014-11-02 12:37:46', '2014-11-03 13:08:09', 1),
(66, 56, 'Tajoura', '', 4, '2014-11-02 12:37:46', '2014-11-03 13:08:09', 1),
(67, 57, 'Soug Aljumaa', '', 4, '2014-11-02 12:37:46', '2014-11-03 13:08:09', 1),
(68, 58, 'Tripoli Central', '', 4, '2014-11-02 12:37:46', '2014-11-03 13:08:09', 1),
(69, 59, 'Hay Al-Andalus', '', 4, '2014-11-02 12:37:46', '2014-11-03 13:08:09', 1),
(70, 60, 'Janzour', '', 4, '2014-11-02 12:37:46', '2014-11-03 13:08:09', 1),
(71, 61, 'Bousleem', '', 4, '2014-11-02 12:37:46', '2014-11-03 13:08:09', 1),
(72, 62, 'Ain Zara', '', 4, '2014-11-02 12:37:46', '2014-11-03 13:08:09', 1),
(73, 63, 'Al-Maya', '', 5, '2014-11-02 12:37:46', '2014-11-03 13:08:09', 1),
(74, 64, 'Annasiriya', '', 5, '2014-11-02 12:37:46', '2014-11-03 13:08:09', 1),
(75, 65, 'Al-Aziziya', '', 5, '2014-11-02 12:37:46', '2014-11-03 13:08:09', 1),
(76, 66, 'Swani Beni Yaddam', '', 5, '2014-11-02 12:37:46', '2014-11-03 13:08:09', 1),
(77, 67, 'Gasr Bin Ghasheer (Akkara)', '', 5, '2014-11-02 12:37:46', '2014-11-03 13:08:09', 1),
(78, 68, 'Emseihel + Assayeh + Esbeia', '', 5, '2014-11-02 12:37:46', '2014-11-03 13:08:09', 1),
(79, 69, 'Azzawiya', '', 6, '2014-11-02 12:37:46', '2014-11-03 13:08:09', 1),
(80, 70, 'Sabratha', '', 6, '2014-11-02 12:37:46', '2014-11-03 13:08:09', 1),
(81, 71, 'Alajailat', '', 6, '2014-11-02 12:37:46', '2014-11-03 13:08:09', 1),
(82, 72, 'Saraman', '', 6, '2014-11-02 12:37:46', '2014-11-03 13:08:09', 1),
(83, 73, 'Zuwara', '', 6, '2014-11-02 12:37:46', '2014-11-03 13:08:09', 1),
(84, 74, 'Aljamail', '', 6, '2014-11-02 12:37:46', '2014-11-03 13:08:09', 1),
(85, 75, 'Ragdalein- Zultin', '', 6, '2014-11-02 12:37:46', '2014-11-03 13:08:09', 1);

-- --------------------------------------------------------

--
-- Table structure for table `user`
--

CREATE TABLE IF NOT EXISTS `user` (
`iduser` bigint(20) NOT NULL,
  `name` varchar(300) COLLATE utf8_unicode_ci NOT NULL,
  `email` varchar(250) COLLATE utf8_unicode_ci NOT NULL,
  `password` varchar(500) COLLATE utf8_unicode_ci NOT NULL DEFAULT 'inactive',
  `level` tinyint(4) NOT NULL COMMENT '0:root,1:admin,2:manager',
  `office_idoffice` int(11) DEFAULT NULL,
  `creation_date` timestamp NOT NULL DEFAULT CURRENT_TIMESTAMP,
  `modify_date` datetime DEFAULT NULL ON UPDATE CURRENT_TIMESTAMP,
  `salt` varchar(500) COLLATE utf8_unicode_ci DEFAULT 'inactive',
  `status` tinyint(4) NOT NULL DEFAULT '1' COMMENT '1:active,0:deleted'
) ENGINE=InnoDB  DEFAULT CHARSET=utf8 COLLATE=utf8_unicode_ci AUTO_INCREMENT=21 ;

--
-- Dumping data for table `user`
--

INSERT INTO `user` (`iduser`, `name`, `email`, `password`, `level`, `office_idoffice`, `creation_date`, `modify_date`, `salt`, `status`) VALUES
(10, 'Ahmed Fituri', 'ahmed.elfituri@gmail.com', 'ChMuLQv7EeVRKs0qCqWDEsxNVGtGcQjXDTvvuZLrmTiM2iaOaNHgSAEZoD+CifASE9uj+zY2BTiSv7/3x4LkXKFoRXrwGxKEfjjgS5r9izExpepumlIsQmgR6vKX7wRN6oq7TKNPq9M96o1gYVPhbAESZB4jpYt75Vf+2zMZzEwod2QArgtEbJQ8mBtKBPIC4n701xxTnuKWoYKKoC4uPTK8/kq5GWoU/lL3pfT17zWIrMnanZga0vNPqNNz788ep6u4jsKbcwOz611HpgUy2xHJuYZFfvCkLaR2wVlX3FQ80mlf2famh+S7GdPOX0M0lf90V9IDGNRjqbZ9Q4JzBw==', 0, NULL, '2014-10-24 14:26:57', '2014-11-03 13:07:33', '200.SoXJGAwSIZQZIBlRQ414l0TH+QaR9Of4SYyH/2KZ+4k=', 1),
(11, 'Ahmed Fituri', 'ahmed.elfituri@gmail.com', '1/JhUR5bY4+ry97yXGbPY9uO3m0PBo6zbUOZmr7diXYsJxDW6BUekW+jSC4SL3VMECFOffbesTtMsxV3m5w4sWVrnkgMftGl7J2SWTGaBj0U9hD1cFKB8lARaU3q78TYzSRpDAuo3seijv0uWDhipU0pNJiGBe8CNWWMcFMe5sw8c5vpZfsgVBnHbRhkjQXLFaH3IkOZwycgtLNXL7k3wgkDeb87XZaAqn0WHt9GcPrHHuy4aVVb4n/58RjXnJPNtsjo3yn+vljiOhgIH7esLO+4289veOW56VghH66uVVmDzIr5G1Zod0Fmkl3TQrwjRaVL7zEDEne/c5ZB4mevbg==', 0, NULL, '2014-10-24 16:24:05', '2014-11-03 13:07:33', '200.bGV8POVndJAqkMX8JMDAu8bV6OkEQYqNgIuQF4hFSG4=', 1),
(12, 'Ahmed Fituri', 'ahmed.elfituri@gmail.com', 'h28oyzksxS3VZZrhX2ikM8vc47g9ZwzLU7V9PCZOU6Bswlz+GEjuoEIQYfdNDT0ofTo5mfd8VzHcjWF94+VXb98qJLSIqIYJxN+9taX56uQnzaC31viCU5h3zutqtESJAnjDMwZGRHvBB+aZRBxyiV/Ns+XkX7EHXxlkPYismQDhDV7RTXXK3MtM9yiEKaph20HcVcyrCaVy5kcLuBC+gsc4gZNjLoARQ+EUkS1n+nzo7icLEdAlMjnSNMaJ1IOA6mz5Y2CkZRkrmXaPaT1jILbMWLCipjTIzRcT26C1JqUEYKsympLFvKFhGqUL4+fETtoYQ2T54wGQkM5FiKOepg==', 0, NULL, '2014-10-24 16:37:35', '2014-11-03 13:07:33', '200.IQ6NTpO7C9M3L/cOvbbatq6hOCwLcl1HrBMqkQYfjdM=', 1),
(13, 'احمد الفيتوري', 'ahmed.elfituri@gmail.com', '+5AtO9EalNK/FHDIzn1fErrKj6FcbHhRBVdoL3aXCkB3CP++b3wfHbmf1pWZ0NatwVpA8HohBPhFospQjSVqrnRwumH8YzoO2o8TdomuppnknAmggfnqHwapOOKnDnlRNk1/e7GRULCbbEaWyRBY9GKMfMS5oHSGsjTx8ogo9m/x0HcQJbLddAnxJRsGBxL66+Y/6Vk1Gk4DX+dnv099BI4f2ksaeUYMG59L734T0R8kBydzFVhrwoDSyBMGWJ+Z+JTZj1VvWdGJK6nkVAsRSB3UBnZwSqd/JaQTqgnUFZXiB70JO+ZnHUo4tdsyGgkbop9DIokshfaYMlp4XTKmBA==', 0, NULL, '2014-10-24 16:41:38', '2014-11-03 13:07:33', '200.4bo3kLZkLwKq6Zysy5w2yjWs/NthjC8WftisCST94o4=', 1),
(14, 'demo user', 'ahmed.elfituri@gmail.com', 'Ta0nyQGeKEc493Ig+CJ9x6bkpkJ5GWnuEsddacu1bRQpL342HiRAiZw9465g1ADykItgnDv3gJoHOMwaS5oX0D2Qy+buJrPWIToYZWD4Pa4e7aQ/nF4u90Q9w+qwG2A/k9CY+SAJfUPEYZtcY9gDv6rmqBl0HeqRp3eTJtQfWre8xT3NQLG0DdPnjuHZtD+8V32yB8XUALEfJ9RcGHiSyh41vFgshHl7U/gaX+sMHmBiPd8bchxRD8b7D6q3CKPx3EJxqVQtS5oWmmTh7iRAkcpIE5yskBEQMveIo5qBefR+RRohjEbuwui/1sVNcMBPsd+A+I3KX6XpWHcdNkhrNA==', 1, NULL, '2014-10-24 16:43:57', '2014-11-03 13:07:33', '200.mj9qrmLx5y5JoLiGFjtDB8BgaS6aQwx0mvdmyh9WNk4=', 1),
(15, 'احمد الفيتوري', 'ahmed.elfituri+2@gmail.com', 'XLIO4RbCd5VWLQmXcV7jCsIVRy/9rb+ZKGcvh657f9Dt9stxgO3F33xMMAcYzRv+/yY/3KL0Lx6zSzyCRaIvxz/z3CTKcTyyc7KomZdJmm5HMzZxenvFi17s43LZEI3ipuuhln6ctjgoK6CgfCnmf0jd34wONuCbxKjceW8A/k7yxDVhmUvQssHsthppOZWMmvV5xgIqr5OwkxcoputUsc/s6gMPtQA5b375vTljnUq4xxQhU8qOFN7Es8kf0jRbg3L1Hw/XsyMruWPCPlgimSSv7h02qr708F3csoFpLQ8+vhEwZaGXGejrp8ZVvE4vonBZzdyrCNaLMx+6haO98w==', 0, NULL, '2014-10-24 17:28:17', '2014-11-03 13:07:33', '200./TcnyjMVxEZ8P4YOkitYafAv2Lglsomb+dRoWiXWYzI=', 1),
(16, 'ali', 'ahmed.elfituri+3@gmail.com', 'zKFxq3K5ZKpr57am6UV8Ct3Qw1rBRrsInq2DDyaF3DkgeBk24ijg60IOyCxx1OEQb01tTadMwfGZQKedncHiHte86LdwKMrod1VQzI4HFDx8HAxk+jKcIzlNn2ikPyEq0k6P4aKGJUQ8lIGcfn4DYgRFkw/crkOsPa5PBCRvZq8wJFM9+P/pcHC/BbiWq4csOKT582IxLPM/k3eFn0asBvN3ATXK6frwGG0YT2SDYKqVyR+OoQp4zLfjGpSQzQkBBmCdqRH29kd9b4QISEiJU4IKqaMFiYun274nIp949i7uhuSDAfVOD4SscNz+pR2dAmtOVJrjHN0RVR1ryRLj6A==', 1, NULL, '2014-10-26 12:14:42', '2014-11-03 13:07:33', '200.Mlv13NQ5LaeHtLGDC1a3vD70cI4HumsGkJ5f2ak6QGU=', 1),
(17, 'ali moh', 'ahmed.elfituri4@gmail.com', 'CKUC86BV+pTkQESN0V9VdeKZb+hE2uLP2LFRK/TtZXRdO3YIjfPeyrWhuJxAom0KThWoq5S6yPgPA/hsUbqTWVd73KWzSVtRVs2wt50QFytYlc4qmqjFhqsXIuj0HgiTCHEaBrn/bsbtIpsPHDiiqxhKEHkLtTHaRSb+Nb0V5D3OCs8bidSJdNIOlyPlsgjgv+G/FwsZZF5SlfBZx00lP2UgD+RR2PFHa9xewF7+i717f6WpolC/9bRVt57uZ7ZNjodZ8OWiPswGCXgY1dLemp1sYqnzcA/Zk6//izU8v1tLJNn0J5lPxA63y+hZMR3Fth6N0MSqLm0q2Dijg1TxtQ==', 2, NULL, '2014-10-26 12:18:25', '2014-11-03 13:07:33', '200.4dKEbXyvM/tXcaH2yzlT2x6XjycsxpPAAQm/MjrXcSU=', 1),
(18, 'ali', 'ahmed.elfituri+12@gmail.com', 'znnWF3sZz+9UL/BX0KlZn13YSwuz7gx67/2GXpBstetdB4+D5Ix6M757E3+EVTSfycKCCWtsM0lTIHD7+MNkO4JD35YegNp/7xpTknxogaagwuVrW6mCWfj9YZtkPWqaOISGy6VlGfcIL0OyP1v5FVfHWS3Q7c3Jy+hK3Q9YNWh+McI0ZvO4vYXuRxsjFKd1OemyO0dP3S6O7szfWRI+J9jsb2u9EI5NczlwPE7pBb3pt0AmN1Ctw91+5BroZV7IsBeZC4i70iI0tEJbvgCuHJ+Jp09iflTlDSQBn7mnZVOJ46pYXxtHZXYrNR32+2s8/B3gxrbkQXnn7Jnb8Exoxg==', 1, NULL, '2014-10-26 12:21:20', '2014-11-03 13:07:33', '200.Xl9HqIea7dCw0Vnz6R+cWxp/CFNxLmEq9Fi/svSqAAI=', 1),
(19, 'احمد عمر ', 'ahmed.elfituri+6@gmail.com', 'cqS5qVVXcw1sjYUwpRZaM6c96kTGhViWlolqen1YmXlf0hB9ttwp0KiKw9d0jMOHWlPkupebEmjeUDWbDOY/3sV5+gewhbyZOEwblWv3Gk42FLxfmW2gXW3xN4FhfhoUzDnM7N2JZG7CQgLEDhydxBoQcRWKBPXKFx2e363l44VGeZaN69bReOBgnV+XCwQ1Tt1dwJ/IaXtYhRDbLlTqfaAVvRYugX9wiuEQheLxT4aFFr4H1BS/a+5co8vf3ek5jphI0CVUwsGVfBpIbbBKcVQMhYJa+7dYodm5+1GilSgzalA8HiC3mwUaCN/L43qph/zjWXQsrWabCa2g5bU8nQ==', 0, NULL, '2014-10-26 13:47:40', '2014-11-03 13:07:33', '200.vobqwpYhkcTqyZYT3lRPqIlRZAh5omgkDGhp49UoSWc=', 1),
(20, 'sofian', 'ahmed.elfituri+13@gmail.com', 'bgilngFgli2pFtOZInLkxgMDYRxJHagAsrXA1WeeCNydDk9Kw15IXqKSUCW9XcZ3py4dP/sRSGRVx9g64oQlOXSwMAtZcBYst33Bo7GBhhzIrVOp0O2F2+pbqcP98dOmjsXlDYMBhGsJ0RFGMnylLjh7F5bYac99xU5/WSVxV4L5oWMrsgApwEiZs9IHVi22Qk1Waj9hMRR4rHv9Mpu6HZYIOG6ask/LSejqESlzp33kKN83zcvfv+4QtspABEfrxTC5Xm7k8P1P+CuR+7o9juh0UgMgoBD6hX8zamE1dXnOywvESoL0sc6ns2waBM3guIuWveKWMdiwUd7UZyQuSA==', 0, NULL, '2014-10-27 09:22:28', '2014-11-03 13:07:33', '200.zUoicccsa4+uGyflp80Rl9uhS8b84Bi/13NRS4BSM5E=', 1);

-- --------------------------------------------------------

--
-- Table structure for table `village`
--

CREATE TABLE IF NOT EXISTS `village` (
`idvillage` int(11) NOT NULL,
  `village_name` varchar(300) COLLATE utf8_unicode_ci NOT NULL,
  `subconstituency_idsubconstituency` int(11) DEFAULT NULL,
  `creation_date` timestamp NOT NULL DEFAULT CURRENT_TIMESTAMP,
  `modify_date` datetime DEFAULT NULL ON UPDATE CURRENT_TIMESTAMP,
  `status` tinyint(4) NOT NULL
) ENGINE=InnoDB  DEFAULT CHARSET=utf8 COLLATE=utf8_unicode_ci AUTO_INCREMENT=215 ;

--
-- Dumping data for table `village`
--

INSERT INTO `village` (`idvillage`, `village_name`, `subconstituency_idsubconstituency`, `creation_date`, `modify_date`, `status`) VALUES
(1, 'قمينس', 8, '2014-11-02 13:17:10', '2014-11-03 13:08:26', 0),
(2, 'جروثة', 11, '2014-11-02 13:17:10', '2014-11-03 13:08:26', 0),
(3, 'سيدي خليفة', 8, '2014-11-02 13:17:10', '2014-11-03 13:08:26', 0),
(4, 'ودان', 21, '2014-11-02 13:17:10', '2014-11-03 13:08:26', 0),
(5, 'هون', 21, '2014-11-02 13:17:10', '2014-11-03 13:08:26', 0),
(6, 'زوارة', 73, '2014-11-02 13:17:10', '2014-11-03 13:08:26', 0),
(7, 'النوفلية', 19, '2014-11-02 13:17:10', '2014-11-03 13:08:26', 0),
(8, 'مصراتة', 47, '2014-11-02 13:17:10', '2014-11-03 13:08:26', 0),
(9, 'يفرن', 35, '2014-11-02 13:17:10', '2014-11-03 13:08:26', 0),
(10, 'جادو', 39, '2014-11-02 13:17:10', '2014-11-03 13:08:26', 0),
(11, 'زليتن', 49, '2014-11-02 13:17:10', '2014-11-03 13:08:26', 0),
(12, 'قصر بن غشير', 67, '2014-11-02 13:17:10', '2014-11-03 13:08:26', 0),
(13, 'الزاوية', 69, '2014-11-02 13:17:10', '2014-11-03 13:08:26', 0),
(14, 'صرمان', 72, '2014-11-02 13:17:10', '2014-11-03 13:08:26', 0),
(15, 'غريان', 32, '2014-11-02 13:17:10', '2014-11-03 13:08:26', 0),
(16, 'كاباو', 44, '2014-11-02 13:17:10', '2014-11-03 13:08:26', 0),
(17, 'الزنتان', 40, '2014-11-02 13:17:10', '2014-11-03 13:08:26', 0),
(18, 'غات', 25, '2014-11-02 13:17:10', '2014-11-03 13:08:26', 0),
(19, 'السلاوي', 8, '2014-11-02 13:17:10', '2014-11-03 13:08:26', 0),
(20, 'دريانه', 9, '2014-11-02 13:17:10', '2014-11-03 13:08:26', 0),
(21, 'البريقة', 14, '2014-11-02 13:17:10', '2014-11-03 13:08:26', 0),
(22, 'بني وليد - تنيناي', 48, '2014-11-02 13:17:10', '2014-11-03 13:08:26', 0),
(23, 'بني وليد - اشميخ', 48, '2014-11-02 13:17:10', '2014-11-03 13:08:26', 0),
(24, 'بني وليد', 48, '2014-11-02 13:17:10', '2014-11-03 13:08:26', 0),
(25, 'أبو قرين', 20, '2014-11-02 13:17:10', '2014-11-03 13:08:26', 0),
(26, 'الوشكة', 20, '2014-11-02 13:17:10', '2014-11-03 13:08:26', 0),
(27, 'أبونجيم', 20, '2014-11-02 13:17:10', '2014-11-03 13:08:26', 0),
(28, 'قرزه', 20, '2014-11-02 13:17:10', '2014-11-03 13:08:26', 0),
(29, 'زمزم', 20, '2014-11-02 13:17:10', '2014-11-03 13:08:26', 0),
(30, 'سوكنة', 21, '2014-11-02 13:17:10', '2014-11-03 13:08:26', 0),
(31, 'الفقهاء', 21, '2014-11-02 13:17:10', '2014-11-03 13:08:26', 0),
(32, 'زلة', 21, '2014-11-02 13:17:10', '2014-11-03 13:08:26', 0),
(33, 'رأس الانوف', 19, '2014-11-02 13:17:10', '2014-11-03 13:08:26', 0),
(34, 'الوادي الاحمر', 19, '2014-11-02 13:17:10', '2014-11-03 13:08:26', 0),
(35, 'ابوسعدة', 20, '2014-11-02 13:17:10', '2014-11-03 13:08:26', 0),
(36, 'بن جواد', 19, '2014-11-02 13:17:10', '2014-11-03 13:08:26', 0),
(37, 'هراوة', 20, '2014-11-02 13:17:10', '2014-11-03 13:08:26', 0),
(38, 'ابو زاهية', 20, '2014-11-02 13:17:10', '2014-11-03 13:08:26', 0),
(39, 'سرت', 20, '2014-11-02 13:17:10', '2014-11-03 13:08:26', 0),
(40, 'بنينا', 8, '2014-11-02 13:17:10', '2014-11-03 13:08:26', 0),
(41, 'العامرة', 20, '2014-11-02 13:17:10', '2014-11-03 13:08:26', 0),
(42, 'الوسط', 19, '2014-11-02 13:17:10', '2014-11-03 13:08:26', 0),
(43, 'الجفرة', 21, '2014-11-02 13:17:10', '2014-11-03 13:08:26', 0),
(44, 'الخمس', 53, '2014-11-02 13:17:10', '2014-11-03 13:08:26', 0),
(45, 'الخمس', 52, '2014-11-02 13:17:10', '2014-11-03 13:08:26', 0),
(46, 'قصر الأخيار', 54, '2014-11-02 13:17:10', '2014-11-03 13:08:26', 0),
(47, 'مسلاته', 51, '2014-11-02 13:17:10', '2014-11-03 13:08:26', 0),
(48, 'ترهونة', 50, '2014-11-02 13:17:10', '2014-11-03 13:08:26', 0),
(49, 'تاجوراء', 56, '2014-11-02 13:17:10', '2014-11-03 13:08:26', 0),
(50, 'عين زاره', 62, '2014-11-02 13:17:10', '2014-11-03 13:08:26', 0),
(51, 'ابو سليم', 61, '2014-11-02 13:17:10', '2014-11-03 13:08:26', 0),
(52, 'القربولي', 55, '2014-11-02 13:17:10', '2014-11-03 13:08:26', 0),
(53, 'سوق الجمعة', 57, '2014-11-02 13:17:10', '2014-11-03 13:08:26', 0),
(54, 'طرابلس المركز', 58, '2014-11-02 13:17:10', '2014-11-03 13:08:26', 0),
(55, 'حي الاندلس', 59, '2014-11-02 13:17:10', '2014-11-03 13:08:26', 0),
(56, 'ابو سليم/ طرابلس المركز', 61, '2014-11-02 13:17:10', '2014-11-03 13:08:26', 0),
(57, 'ابو سليم / طربلس المركز', 61, '2014-11-02 13:17:10', '2014-11-03 13:08:26', 0),
(58, 'جنزور', 60, '2014-11-02 13:17:10', '2014-11-03 13:08:26', 0),
(59, 'الماية', 63, '2014-11-02 13:17:10', '2014-11-03 13:08:26', 0),
(60, 'المعمورة', 63, '2014-11-02 13:17:10', '2014-11-03 13:08:26', 0),
(61, 'الناصرية', 64, '2014-11-02 13:17:10', '2014-11-03 13:08:26', 0),
(62, 'الزهراء', 64, '2014-11-02 13:17:10', '2014-11-03 13:08:26', 0),
(63, 'طرابلس', 62, '2014-11-02 13:17:10', '2014-11-03 13:08:26', 0),
(64, 'العزيزية', 65, '2014-11-02 13:17:10', '2014-11-03 13:08:26', 0),
(65, 'العزيزية الشرقية', 65, '2014-11-02 13:17:10', '2014-11-03 13:08:26', 0),
(66, 'العامرية', 65, '2014-11-02 13:17:10', '2014-11-03 13:08:26', 0),
(67, 'السواني', 66, '2014-11-02 13:17:10', '2014-11-03 13:08:26', 0),
(68, 'سيدي السائح', 68, '2014-11-02 13:17:10', '2014-11-03 13:08:26', 0),
(69, 'سوق الخميس', 68, '2014-11-02 13:17:10', '2014-11-03 13:08:26', 0),
(70, 'اسبيعة', 68, '2014-11-02 13:17:10', '2014-11-03 13:08:26', 0),
(71, 'صبراتة', 70, '2014-11-02 13:17:10', '2014-11-03 13:08:26', 0),
(72, 'العجيلات', 71, '2014-11-02 13:17:10', '2014-11-03 13:08:26', 0),
(73, 'الجميل', 74, '2014-11-02 13:17:10', '2014-11-03 13:08:26', 0),
(74, 'الرجبان', 38, '2014-11-02 13:17:10', '2014-11-03 13:08:26', 0),
(75, 'الرحيبات', 37, '2014-11-02 13:17:10', '2014-11-03 13:08:26', 0),
(76, 'مزدة', 41, '2014-11-02 13:17:10', '2014-11-03 13:08:26', 0),
(77, 'مزدة', 35, '2014-11-02 13:17:10', '2014-11-03 13:08:26', 0),
(78, 'الاصابعة', 33, '2014-11-02 13:17:10', '2014-11-03 13:08:26', 0),
(79, 'ككلة', 34, '2014-11-02 13:17:10', '2014-11-03 13:08:26', 0),
(80, 'الخلايفة', 35, '2014-11-02 13:17:10', '2014-11-03 13:08:26', 0),
(81, 'الرياينة', 36, '2014-11-02 13:17:10', '2014-11-03 13:08:26', 0),
(82, 'القلعة', 34, '2014-11-02 13:17:10', '2014-11-03 13:08:26', 0),
(83, 'نالوت', 42, '2014-11-02 13:17:10', '2014-11-03 13:08:26', 0),
(84, 'باطن الجبل', 43, '2014-11-02 13:17:10', '2014-11-03 13:08:26', 0),
(85, 'الزنتان ', 41, '2014-11-02 13:17:10', '2014-11-03 13:08:26', 0),
(86, 'سبها', 22, '2014-11-02 13:17:10', '2014-11-03 13:08:26', 0),
(87, 'الشاطئ', 23, '2014-11-02 13:17:10', '2014-11-03 13:08:26', 0),
(88, 'اوباري', 24, '2014-11-02 13:17:10', '2014-11-03 13:08:26', 0),
(89, 'المشروع', 24, '2014-11-02 13:17:10', '2014-11-03 13:08:26', 0),
(90, 'طبرق', 1, '2014-11-02 13:17:10', '2014-11-03 13:08:26', 0),
(91, 'القبة', 2, '2014-11-02 13:17:10', '2014-11-03 13:08:26', 0),
(92, 'درنة', 3, '2014-11-02 13:17:10', '2014-11-03 13:08:26', 0),
(93, 'ماسه', 5, '2014-11-02 13:17:10', '2014-11-03 13:08:26', 0),
(94, 'المرج', 6, '2014-11-02 13:17:10', '2014-11-03 13:08:26', 0),
(95, 'العويلية', 6, '2014-11-02 13:17:10', '2014-11-03 13:08:26', 0),
(96, 'تاكنس', 6, '2014-11-02 13:17:10', '2014-11-03 13:08:26', 0),
(97, 'جردس الاحرار', 6, '2014-11-02 13:17:10', '2014-11-03 13:08:26', 0),
(98, 'فرزوغه', 6, '2014-11-02 13:17:10', '2014-11-03 13:08:26', 0),
(99, 'اقفنطه', 7, '2014-11-02 13:17:10', '2014-11-03 13:08:26', 0),
(100, 'البياضة', 7, '2014-11-02 13:17:10', '2014-11-03 13:08:26', 0),
(101, 'البياضه', 7, '2014-11-02 13:17:10', '2014-11-03 13:08:26', 0),
(102, 'الحمامة', 7, '2014-11-02 13:17:10', '2014-11-03 13:08:26', 0),
(103, 'الحنية', 7, '2014-11-02 13:17:10', '2014-11-03 13:08:26', 0),
(104, 'اسدوس', 7, '2014-11-02 13:17:10', '2014-11-03 13:08:26', 0),
(105, 'بالحديد', 7, '2014-11-02 13:17:10', '2014-11-03 13:08:26', 0),
(106, 'بطة', 7, '2014-11-02 13:17:10', '2014-11-03 13:08:26', 0),
(107, 'بوترابة', 7, '2014-11-02 13:17:10', '2014-11-03 13:08:26', 0),
(108, 'زاوية العرقوب', 7, '2014-11-02 13:17:10', '2014-11-03 13:08:26', 0),
(109, 'طلميثة', 7, '2014-11-02 13:17:10', '2014-11-03 13:08:26', 0),
(110, 'قصر ليبيا', 7, '2014-11-02 13:17:10', '2014-11-03 13:08:26', 0),
(111, 'راس التراب', 4, '2014-11-02 13:17:10', '2014-11-03 13:08:26', 0),
(112, 'طرغونية', 5, '2014-11-02 13:17:10', '2014-11-03 13:08:26', 0),
(113, 'ساس', 6, '2014-11-02 13:17:10', '2014-11-03 13:08:26', 0),
(114, 'منطقة الخروبة', 6, '2014-11-02 13:17:10', '2014-11-03 13:08:26', 0),
(115, 'منطقة الغريب', 7, '2014-11-02 13:17:10', '2014-11-03 13:08:26', 0),
(116, 'بنغازي المركز', 8, '2014-11-02 13:17:10', '2014-11-03 13:08:26', 0),
(117, 'الديسة', 24, '2014-11-02 13:17:10', '2014-11-03 13:08:26', 0),
(118, 'الحطية', 24, '2014-11-02 13:17:10', '2014-11-03 13:08:26', 0),
(119, 'القعيرات', 24, '2014-11-02 13:17:10', '2014-11-03 13:08:26', 0),
(120, 'الغريفة', 24, '2014-11-02 13:17:10', '2014-11-03 13:08:26', 0),
(121, 'جرمة', 24, '2014-11-02 13:17:10', '2014-11-03 13:08:26', 0),
(122, 'توش', 24, '2014-11-02 13:17:10', '2014-11-03 13:08:26', 0),
(123, 'ابريك', 24, '2014-11-02 13:17:10', '2014-11-03 13:08:26', 0),
(124, 'الخرائق', 24, '2014-11-02 13:17:10', '2014-11-03 13:08:26', 0),
(125, 'تويوة', 24, '2014-11-02 13:17:10', '2014-11-03 13:08:26', 0),
(126, 'قراقرة', 24, '2014-11-02 13:17:10', '2014-11-03 13:08:26', 0),
(127, 'تكركيبة', 24, '2014-11-02 13:17:10', '2014-11-03 13:08:26', 0),
(128, 'الفجيج', 24, '2014-11-02 13:17:10', '2014-11-03 13:08:26', 0),
(129, 'لاركو', 24, '2014-11-02 13:17:10', '2014-11-03 13:08:26', 0),
(130, 'القراية', 24, '2014-11-02 13:17:10', '2014-11-03 13:08:26', 0),
(131, 'قبر عون', 24, '2014-11-02 13:17:10', '2014-11-03 13:08:26', 0),
(132, 'الرقيبة', 24, '2014-11-02 13:17:10', '2014-11-03 13:08:26', 0),
(133, 'التناحمة', 24, '2014-11-02 13:17:10', '2014-11-03 13:08:26', 0),
(134, 'بنت بيه', 24, '2014-11-02 13:17:10', '2014-11-03 13:08:26', 0),
(135, 'اخليف', 24, '2014-11-02 13:17:10', '2014-11-03 13:08:26', 0),
(136, 'بن حارث', 24, '2014-11-02 13:17:10', '2014-11-03 13:08:26', 0),
(137, 'الأبيض', 24, '2014-11-02 13:17:10', '2014-11-03 13:08:26', 0),
(138, 'مرزق', 27, '2014-11-02 13:17:10', '2014-11-03 13:08:26', 0),
(139, 'حج حجيل', 27, '2014-11-02 13:17:10', '2014-11-03 13:08:26', 0),
(140, 'جيزاو', 27, '2014-11-02 13:17:10', '2014-11-03 13:08:26', 0),
(141, 'ادليم', 27, '2014-11-02 13:17:10', '2014-11-03 13:08:26', 0),
(142, 'تساوة', 26, '2014-11-02 13:17:10', '2014-11-03 13:08:26', 0),
(143, 'اقار', 26, '2014-11-02 13:17:10', '2014-11-03 13:08:26', 0),
(144, 'السبيطات', 26, '2014-11-02 13:17:10', '2014-11-03 13:08:26', 0),
(145, 'مرحبا', 26, '2014-11-02 13:17:10', '2014-11-03 13:08:26', 0),
(146, 'مكنوسة', 26, '2014-11-02 13:17:10', '2014-11-03 13:08:26', 0),
(147, 'أم الأرانب', 29, '2014-11-02 13:17:10', '2014-11-03 13:08:26', 0),
(148, 'الحميرة', 29, '2014-11-02 13:17:10', '2014-11-03 13:08:26', 0),
(149, 'تمسة', 30, '2014-11-02 13:17:10', '2014-11-03 13:08:26', 0),
(150, 'مجدول', 30, '2014-11-02 13:17:10', '2014-11-03 13:08:26', 0),
(151, 'تربو', 30, '2014-11-02 13:17:10', '2014-11-03 13:08:26', 0),
(152, 'قصر مسعود', 31, '2014-11-02 13:17:10', '2014-11-03 13:08:26', 0),
(153, 'القطرون', 31, '2014-11-02 13:17:10', '2014-11-03 13:08:26', 0),
(154, 'البخي', 31, '2014-11-02 13:17:10', '2014-11-03 13:08:26', 0),
(155, 'مدروسة', 31, '2014-11-02 13:17:10', '2014-11-03 13:08:26', 0),
(156, 'تجرهي', 31, '2014-11-02 13:17:10', '2014-11-03 13:08:26', 0),
(157, 'العوينات', 25, '2014-11-02 13:17:10', '2014-11-03 13:08:26', 0),
(158, 'تهالا', 25, '2014-11-02 13:17:10', '2014-11-03 13:08:26', 0),
(159, 'الفيوت', 25, '2014-11-02 13:17:10', '2014-11-03 13:08:26', 0),
(160, 'البركت', 25, '2014-11-02 13:17:10', '2014-11-03 13:08:26', 0),
(161, 'الفخفاخة', 24, '2014-11-02 13:17:10', '2014-11-03 13:08:26', 0),
(162, 'الحمراء', 24, '2014-11-02 13:17:10', '2014-11-03 13:08:26', 0),
(163, 'القلعة الزوية', 24, '2014-11-02 13:17:10', '2014-11-03 13:08:26', 0),
(164, 'نقر كنمة', 31, '2014-11-02 13:17:10', '2014-11-03 13:08:26', 0),
(165, 'غدامس', 45, '2014-11-02 13:17:10', '2014-11-03 13:08:26', 0),
(166, 'القبة ', 2, '2014-11-02 13:17:10', '2014-11-03 13:08:26', 0),
(167, 'سوسه', 4, '2014-11-02 13:17:10', '2014-11-03 13:08:26', 0),
(168, 'المنصورة', 4, '2014-11-02 13:17:10', '2014-11-03 13:08:26', 0),
(169, 'شحات', 4, '2014-11-02 13:17:10', '2014-11-03 13:08:26', 0),
(170, 'الصفصاف', 4, '2014-11-02 13:17:10', '2014-11-03 13:08:26', 0),
(171, 'قرنادة', 4, '2014-11-02 13:17:10', '2014-11-03 13:08:26', 0),
(172, 'الفائدية', 4, '2014-11-02 13:17:10', '2014-11-03 13:08:26', 0),
(173, 'بلقس', 4, '2014-11-02 13:17:10', '2014-11-03 13:08:26', 0),
(174, 'أشنيشن', 4, '2014-11-02 13:17:10', '2014-11-03 13:08:26', 0),
(175, 'اسلنطه', 5, '2014-11-02 13:17:10', '2014-11-03 13:08:26', 0),
(176, 'البيضاء', 5, '2014-11-02 13:17:10', '2014-11-03 13:08:26', 0),
(177, 'الوسيطة', 5, '2014-11-02 13:17:10', '2014-11-03 13:08:26', 0),
(178, 'الجهاد', 5, '2014-11-02 13:17:10', '2014-11-03 13:08:26', 0),
(179, 'الخويمات', 5, '2014-11-02 13:17:10', '2014-11-03 13:08:26', 0),
(180, 'الوسيطه', 5, '2014-11-02 13:17:10', '2014-11-03 13:08:26', 0),
(181, 'جردس الجراري', 5, '2014-11-02 13:17:10', '2014-11-03 13:08:26', 0),
(182, 'عمر المختار', 5, '2014-11-02 13:17:10', '2014-11-03 13:08:26', 0),
(183, 'قصر المقدم', 5, '2014-11-02 13:17:10', '2014-11-03 13:08:26', 0),
(184, 'قندولة', 5, '2014-11-02 13:17:10', '2014-11-03 13:08:26', 0),
(185, 'سيدي عبدالواحد', 5, '2014-11-02 13:17:10', '2014-11-03 13:08:26', 0),
(186, 'مراوة', 5, '2014-11-02 13:17:10', '2014-11-03 13:08:26', 0),
(187, 'وردامه', 5, '2014-11-02 13:17:10', '2014-11-03 13:08:26', 0),
(188, 'البنية', 6, '2014-11-02 13:17:10', '2014-11-03 13:08:26', 0),
(189, 'مدور الزيتون', 6, '2014-11-02 13:17:10', '2014-11-03 13:08:26', 0),
(190, 'توكره', 9, '2014-11-02 13:17:10', '2014-11-03 13:08:26', 0),
(191, 'البركة', 8, '2014-11-02 13:17:10', '2014-11-03 13:08:26', 0),
(192, 'اوجلة', 15, '2014-11-02 13:17:10', '2014-11-03 13:08:26', 0),
(193, 'جالو', 16, '2014-11-02 13:17:10', '2014-11-03 13:08:26', 0),
(194, 'الكفرة', 18, '2014-11-02 13:17:10', '2014-11-03 13:08:26', 0),
(195, 'المقرون', 11, '2014-11-02 13:17:10', '2014-11-03 13:08:26', 0),
(196, 'الابيار', 10, '2014-11-02 13:17:10', '2014-11-03 13:08:26', 0),
(197, 'قمينس', 11, '2014-11-02 13:17:10', '2014-11-03 13:08:26', 0),
(198, 'سلوق', 12, '2014-11-02 13:17:10', '2014-11-03 13:08:26', 0),
(199, 'سلوق', 8, '2014-11-02 13:17:10', '2014-11-03 13:08:26', 0),
(200, 'الكيش', 8, '2014-11-02 13:17:10', '2014-11-03 13:08:26', 0),
(201, 'وادي الباب ', 12, '2014-11-02 13:17:10', '2014-11-03 13:08:26', 0),
(202, 'اجدابيا', 13, '2014-11-02 13:17:10', '2014-11-03 13:08:26', 0),
(203, 'مرادة', 13, '2014-11-02 13:17:10', '2014-11-03 13:08:26', 0),
(204, 'اجخرة', 16, '2014-11-02 13:17:10', '2014-11-03 13:08:26', 0),
(205, 'تازربو', 17, '2014-11-02 13:17:10', '2014-11-03 13:08:26', 0),
(206, 'الأبيار', 10, '2014-11-02 13:17:10', '2014-11-03 13:08:26', 0),
(207, 'وادي بي', 20, '2014-11-02 13:17:10', '2014-11-03 13:08:26', 0),
(208, 'فنقل', 28, '2014-11-02 13:17:10', '2014-11-03 13:08:26', 0),
(209, 'الجبار', 28, '2014-11-02 13:17:10', '2014-11-03 13:08:26', 0),
(210, 'تراغن', 28, '2014-11-02 13:17:10', '2014-11-03 13:08:26', 0),
(211, 'الزيتونة', 28, '2014-11-02 13:17:10', '2014-11-03 13:08:26', 0),
(212, 'زويلة', 30, '2014-11-02 13:17:10', '2014-11-03 13:08:26', 0),
(213, 'زلطن', 75, '2014-11-02 13:17:10', '2014-11-03 13:08:26', 0),
(214, 'رقدالين', 75, '2014-11-02 13:17:10', '2014-11-03 13:08:26', 0);

--
-- Indexes for dumped tables
--

--
-- Indexes for table `constituency`
--
ALTER TABLE `constituency`
 ADD PRIMARY KEY (`idconstituency`);

--
-- Indexes for table `employee`
--
ALTER TABLE `employee`
 ADD PRIMARY KEY (`idemployee`);

--
-- Indexes for table `log`
--
ALTER TABLE `log`
 ADD PRIMARY KEY (`idlog`);

--
-- Indexes for table `mahalla`
--
ALTER TABLE `mahalla`
 ADD PRIMARY KEY (`idmahalla`);

--
-- Indexes for table `office`
--
ALTER TABLE `office`
 ADD PRIMARY KEY (`idoffice`);

--
-- Indexes for table `phone`
--
ALTER TABLE `phone`
 ADD PRIMARY KEY (`idphone`);

--
-- Indexes for table `subconstituency`
--
ALTER TABLE `subconstituency`
 ADD PRIMARY KEY (`idsubconstituency`);

--
-- Indexes for table `user`
--
ALTER TABLE `user`
 ADD PRIMARY KEY (`iduser`);

--
-- Indexes for table `village`
--
ALTER TABLE `village`
 ADD PRIMARY KEY (`idvillage`);

--
-- AUTO_INCREMENT for dumped tables
--

--
-- AUTO_INCREMENT for table `constituency`
--
ALTER TABLE `constituency`
MODIFY `idconstituency` int(11) NOT NULL AUTO_INCREMENT,AUTO_INCREMENT=14;
--
-- AUTO_INCREMENT for table `employee`
--
ALTER TABLE `employee`
MODIFY `idemployee` int(11) NOT NULL AUTO_INCREMENT;
--
-- AUTO_INCREMENT for table `log`
--
ALTER TABLE `log`
MODIFY `idlog` bigint(20) NOT NULL AUTO_INCREMENT;
--
-- AUTO_INCREMENT for table `mahalla`
--
ALTER TABLE `mahalla`
MODIFY `idmahalla` int(11) NOT NULL AUTO_INCREMENT,AUTO_INCREMENT=800;
--
-- AUTO_INCREMENT for table `office`
--
ALTER TABLE `office`
MODIFY `idoffice` int(11) NOT NULL AUTO_INCREMENT,AUTO_INCREMENT=18;
--
-- AUTO_INCREMENT for table `phone`
--
ALTER TABLE `phone`
MODIFY `idphone` int(11) NOT NULL AUTO_INCREMENT;
--
-- AUTO_INCREMENT for table `subconstituency`
--
ALTER TABLE `subconstituency`
MODIFY `idsubconstituency` int(11) NOT NULL AUTO_INCREMENT,AUTO_INCREMENT=86;
--
-- AUTO_INCREMENT for table `user`
--
ALTER TABLE `user`
MODIFY `iduser` bigint(20) NOT NULL AUTO_INCREMENT,AUTO_INCREMENT=21;
--
-- AUTO_INCREMENT for table `village`
--
ALTER TABLE `village`
MODIFY `idvillage` int(11) NOT NULL AUTO_INCREMENT,AUTO_INCREMENT=215;
/*!40101 SET CHARACTER_SET_CLIENT=@OLD_CHARACTER_SET_CLIENT */;
/*!40101 SET CHARACTER_SET_RESULTS=@OLD_CHARACTER_SET_RESULTS */;
/*!40101 SET COLLATION_CONNECTION=@OLD_COLLATION_CONNECTION */;
